1,エクスポ,Expo,0,名,世博会
1,よりよい,よりよい,3,组,更好
1,マーク,mark,1,名，他サ,标记、创造纪录
1,世,よ,1,名,社会、人世间
1,ベース,base,1,名,基本、基础；基地
1,創意,そうい,1,名,创意
1,加える,くわえる,0,他一,添加；加入；施加
1,数字,すうじ,0,名,数字
1,巧み,たくみ,0,名、形动,精巧、巧妙
1,組み合わせる,くみあわせる,5,他一,合在一起、编在一起
1,繋がる,つながる,0,自五,连接、牵连
1,抱き合う,だきあう,3,自五,拥抱
1,全人類,ぜんじんるい,3,名,全人类
1,未来,みらい,1,名,未来、将来
1,歩む,あゆむ,2,自五,走
1,重ね合わせる,かさねあわせる,6,他一,重叠在一起
1,疎通,そつう,0,名、自サ,沟通、疏通
1,集う,つどう,2,自五,集合、会合
1,理念,りねん,1,名,理念
1,表現,ひょうげん,3,名，他サ,表达、表现
1,四海,しかい,2,名,四海
1,宝物,たからもの,0,名,宝物
1,モチーフ,motif,2,名,（作品的）中心思想；（音乐的）主题
1,互いに,たがいに,0,副,相互
1,支えあう,ささえあう,,他五,互相支撑
1,美しい,うつくしい,4,形,美丽的
1,生きる,いきる,2,自一,活、生存；生活
1,造る,つくる,2,他五,制造
1,強調,きょうちょう,0,名、他サ,强调
1,秋山,あきやま,2,名,秋山（姓氏）
1,ボランテイア,volunteer,2,名,志愿者
1,各国,かっこく,1，4,名,各国
1,パビリオン,pavilion,2,名,主题馆、展馆
1,そのとおり,そのとおり,3,组,正是那样、完全正确
1,ライフ,life,1,名,生命、生活、人生
1,調和,ちょうわ,0,名、自サ,协调、调和、和谐
1,自然,しぜん,0,名、形动、副,自然
1,融合,ゆうごう,0,名、自サ,融合
1,ロゴ,logo,1,名,（「ロゴタイプ」的略语）联合活字、（公司等）表示图案
1,イメージ,image,1，2,名,形象；印象；影像
1,睦まじい,むつまじい,4,形,和睦的
1,拡張,かくちょう,0,名、他サ,扩大；扩充
1,文字通り,もじどおり,3,名、副,如字面意思；的的确确
1,国際的,こくさいてき,0,形动,国际的
1,イベント,event,0,名,事件；活动；集会
1,規模,きぼ,1,名,规模
1,圧倒,あっとう,0,名、他サ,折服、压倒
1,両岸,りょうがん,0,名,两岸
1,軸,じく,2,名,轴
1,冠,かんむり,0,名,冠
1,雄大,ゆうだい,0,形动,宏大、雄伟
1,深い,ふかい,2,形,深的
1,感銘,かんめい,0,名、自サ,感人肺腑；铭刻在心
1,支持,しじ,1,名、他サ,支持
1,援助,えんじょ,1,名、他サ,帮助、支援
1,切り離す,きりはなす,4，0,他五,割开、剪开；割裂
1,愛知,あいち,1,专,（地名）
1,応用文,おうようぶん,3,名,应用文
1,スタッフ,staff,2,名,部门负责人、干部、职员
1,憧れる,あこがれる,0,自一,向往
1,夢見る,ゆめみる,3,自一,做梦、空想
1,知り合う,しりあう,2,自五,互相认识
1,異文化,いぶんか,2,名,不同文化
1,方々,かたがた,2,名,各位
1,元気づける,げんきづける,5,他一,鼓励、大气、使精神振奋
1,架け橋,かけはし,2,名,梯子；桥梁
1,願う,ねがう,2,他五,希望；恳求、祈祷
1,円滑,えんかつ,0,形动,顺利地
1,選考,せんこう,0,名、他サ,选拔、遴选
1,パス,pass,1,名、自他サ,通过、合格
1,レベル·アップ,level up,4,名,提高水平
1,来場者,らいじょうしゃ,0,名,到场者、与会者
1,配付,はいふ,0,名、他サ,分发
1,迷子,まいご,1,名,迷路；走丢的孩子
1,呼び出しにん,よびだしにん,0,名,寻人者；被传唤者
1,対応,たいおう,0,名、自サ,对应、相应、应付
1,担当,たんとう,0,名、他サ,担任、担当?
1,基本,きほん,0,名,基本
1,笑顔,えがお,1,名,笑脸
1,仕方,しかた,0,名,做法；行为举止
1,立ち居,たちい,2,名,起居
1,振る舞い,ふるまい,0,名,举止、动作
1,バリア·フリー,barrier free,5,名,无障碍设施
1,気配り,きくばり,2,名、自サ,多方注意、照料
1,救急,きゅうきゅう,0,名,急救
1,至る,いたる,2,自五,到、至
1,開幕,かいまく,0,名、自サ,开演、开幕、开场
1,本番,ほんばん,0,名,正式
1,自信,じしん,0,名,自信
1,十人十色,じゅうにんといろ,1,名,十人十样、人各不同
1,マニュアル,manual,0,名,手册、便览、指南
1,場所,ばしょ,0,名,场所
1,役割,やくわり,0,名,作用；任务
1,臨機応変,りんきおうへん,1,名、形动,随机应变
1,絶やす,たやす,2,他五,绝、尽
1,役,やく,2,名,工作、职务；角色
1,務める,つとめる,3,他一,担任
1,不機嫌,ふきげん,2,形动,不高兴、不开心
1,にこっと,にこっと,2,副、自サ,嫣然一笑
1,満足,まんぞく,1,名、形动、自サ,心满意足
1,魅力,みりょく,,0名,魅力
1,疲れきる,つかれきる,4,自五,疲惫不堪
1,誓う,ちかう,2,他五,宣誓?
1,緊張感,きんちょうかん,4,名,紧张感
1,あっという間に,あっというまに,1，0,副,一瞬间
1,貴重,きちょう,0,形动,宝贵的、贵重的
2,道具,どうぐ,3,名,道具、工具
2,電子メール,でんしmail,4,名,电子邮件
2,恋人,こいびと,0,名,恋人
2,ギフト,gift,1,名,礼物、赠品
2,愛情,あいじょう,0,名,爱情
2,伝わる,つたわる,0,自五,传入；流传
2,他人,たにん,0,名,他人
2,専門用語,せんもんようご,5,名,专业用语
2,クリック,click,2,名、他サ,点击、单击
2,画面,がめん,1,名,画面
2,入力,にゅうりょく,0,名、他サ,输入
2,クラス会,classかい,3,名,班会
2,打ち合わせ,うちあわせ,0,名,商量、碰头
2,単なる,たんなる,1,连体,只是、仅仅是
2,感じる,かんじる,0,自他一,感到、觉得；感动
2,書き添える,かきそえる,4,他一,附带写上
2,友情,ゆうじょう,0,名,友情
2,深まる,ふかまる,3,自五,加深、变深
2,気兼ね,きがね,0,名、自サ,顾虑、在意
2,要る,いる,0,自五,需要
2,幹事,かんじ,1,名,干事
2,例年,れいねん,0,名,往年
2,案内状,あんないじょう,0,名,通知；邀请函
2,格式ばる,かくしきばる,5,自五,拘泥于形式
2,確か,たしか,1,形动、副,确实、可靠；确实是
2,毎回,まいかい,0,名,每次
2,フオーム,form,1,名,形式、样式；姿势
2,アドレス,address,1,名,地址、住址
2,だだし,だだし,1,接,但是、不过
2,件名,けんめい,0,名,文件名
2,大仕事,おおしごと,3,名,重要的工作、费事的工作
2,目に付く,めにつく,,组,显眼、引人注目
2,可能性,かのうせい,0,名,可能性
2,迷惑,めいわく,1,名、自サ、形动,麻烦、为难、烦扰
2,ソフト,soft,2,名、形动,软件；柔软
2,いたちごっこ,いたちごっこ,4,名,捏手背游戏；拉锯战
2,済ませる,すませる,3,他一,做完、办完、处理完
2,きちんと,きちんと,2,副,整洁干净、整整齐齐；准时地；好好地
2,書面,しょめん,0,名,书面
2,通知  、,つうち,0,名、他サ,通知
2,脳トレブーム,のうtraining boom,5,名,健脑热
2,自ら,みずから,1,名、副,自己；亲自
2,科学者,かがくしゃ,2,名,科学家
2,卵,たまご,2,名,鸡蛋；…之星、未来的…
2,名乗る,なのる,2,他五,自报姓名；自称
2,男性,だんせい,0,名,男性
2,右隣,みぎどなり,3,名,右邻
2,女性,じょせい,0,名,女性
2,投げかける,なげかける,4,他一,质疑、提问
2,医科大学,いかだいがく,3,名,医科大学
2,教授,きょうじゅ,0,名,教授
2,考案,こうあん,0,名、他サ,设计、研究
2,脳トレーニングゲーム,のうtraining game,9,名,健脑游戏
2,大ブレーク,だいbreak,4,名、自サ,大受欢迎
2,今や,いまや,1,副,此刻
2,策,さく,1,名,策略、对策
2,中高年層,ちゅうこうねんそう,5,名,中老年层
2,絶大,ぜつだい,0,名、形动,极大的、巨大的
2,誇る,ほこる,2,他五,自豪、夸耀
2,表情,ひょうじょう,3,名,表情
2,退化,たいか,1,名、自サ,退化
2,危機感,ききかん,2,名,危机感
2,算盤,そろばん,0,名,算盘
2,弾く,はじく,2,他五,打；弹
2,簿記,ぼき,1,名,簿记
2,手仕事,てしごと,2,名,手工艺
2,統計表,とうけいひょう,0,名,统计表
2,事務,じむ,1,名,事物、业务
2,上,じょう,1,上,关于…、…上
2,暗算,あんざん,0,名、他サ,心算
2,暗記,あんき,0,名、他サ,背诵、记住
2,関する,かんする,3,自サ,关于、有关
2,能力,のうりょく,1,名,能力
2,無用の長物,むようのちょうぶつ,5,组,无用之物
2,その分,そのぶん,2,名,同样程度、同样的情况
2,怠慢,たいまん,0,名、形动,怠慢、玩忽
2,頼る,たよる,2,自他五,依靠、借助
2,計算,けいさん,0,名、他サ,计算
2,おぼつかない,おぼつかない,0,形,没有把握、靠不住
2,両隣,りょうどなり,3,名,两邻、左右邻
2,ぼやく,ぼやく,2,自五,嘟囔、发牢骚
2,飲み会,のみかい,0,名,饮酒会
2,またもや,またもや,2,副,又
2,話しに花が咲く,はなしにはながさく,,惯,谈兴正浓、越谈越起劲
2,ついでに,ついでに,0,副,顺便、顺子
2,脳内,のうない,1,名,脑内
2,サイト,site,1,名,网站；位置、站点
2,あたる,あたる,0,自五,命中、猜中
2,挑戦,ちょうせん,0,名、自サ,挑战
2,それだけ,それだけ,0,名，副,相应的、那么多
2,沸騰,ふっとう,0,名、自サ,沸腾
2,ついに,ついに,1,副,终于、最终
2,数日後,すうじつご,0,名,几天后
2,解明,かいめい,0,名、他サ,弄清、阐明
2,題する,だいする,3,自サ,命题、命名
2,ぺージ,page,0,名,页
2,映し出す,うつしだす,4,他五,映出、呈现出
2,ほぼ,ほぼ,1,副,大体、大数、大略
2,取り囲む,とりかこむ,0,他五,包围、环境
2,元来,がんらい,1,副,本来、原来
2,遊び人,あそびにん,0,名,游手好闲的人、喜好游玩的人
2,妙,みょう,1,形动,奇妙、不可思议；奇特
2,納得,なっとく,0,名、他サ,领会、理解
2,新た,あらた,1,形动,新的；重新
2,開設,かいせつ,0,名、他サ,开设
2,フエチイメージ,fetishism image,4,ming,物恋意像
2,チャレンジ,challange,3,名、自サ,挑战
2,腰を抜かす,こしをぬかす,,惯,（因害怕、吃惊等）瘫软、站不起来
2,驚かす,おどろかす,4,他五,使吃惊、惊动
2,埋め尽くす,うめつくす,4,他五,填满
2,ほんの,ほんの,0,连体,一点点、些许
2,費やす,ついやす,3,他五,话费、耗费；浪费
2,結局,けっきょく,0,名、副,结果、结局
2,足,そく,,接尾,双
2,買い込む,かいこむ,3,他五,大量买入?
2,鞭打つ,むちうつ,1,自他五,鞭打；鞭策む
2,寄り道,よりみち,0,名、自サ,绕道；顺路到
2,ブランド,brand,0,名,商标、品牌
2,洋服,ようふく,0,名,西服
2,イヤリング,earring,1,名,耳环
2,帰途につく,きとにつく,,组,踏上归途
2,予測,よそく,0,名、他サ,预测
2,うそ,うそ,1,名,说谎、吹牛
2,叫ぶ,さけぶ,2,他五,大叫、呼喊
2,真剣,しんけん,0,形动,认真地
3,通信,つうしん,0,名,通讯
3,回線,かいせん,0,名,线路
3,通話,つうわ,0,名,通话
3,ウエブ,web,1,名,互联网、网页
3,速度,そくど,1,名,速度
3,アップ,up,1,名、自他サ,提高、上涨
3,飛躍的,ひやくてき,0,形动,飞跃的
3,パワーアップ,power up,4,名，自サ,提高能力
3,コール,call,1,名,呼叫；打电话、电话传呼
3,メール,mail,1,名,邮件
3,大容量,だいようりょう,1,名,大容量
3,メールアート,mail art,4,名,邮件艺术
3,画像,がぞう,0,名,肖像画、图像
3,挿入,そうにゅう,0,名、他サ,插入
3,複数,ふくすう,3,名,复数
3,スライド,slide,0,名,幻灯片；（经济）浮动
3,オリジナルメール,original mail,6,名,个性邮件
3,高音質,こうおんしつ,3,名,高音质
3,大迫力,だいはくりょく,3,名,很能打动人心
3,ゲーム,game,1,名,游戏
3,世代,せだい,1,名,一代
3,エキサイティング,exciting,3,形动,激动人心的、使人兴奋的
3,国内,こくない,2,名,国内
3,送受信,そうじゅしん,3,名,（电信、无线电等）发送和接受
3,多彩,たさい,0,名、形动,色彩缤纷、丰富多彩
3,アレンジ,arrange,2,名,排列、整理、分类
3,オリジナル,original,2,名、形动,独创的、新颖的、耳目一新的
3,数秒,すうびょう,0,名,数秒
3,切り替える,きりかえる,4,他一,切换、转换、改换
3,メロデイー,melody,1,名,旋律
3,添付,てんぷ,1,名、他サ,添上、附上
3,着うた,ちゃくうた,0,名,手机歌曲、彩铃
3,フル,full,1,名、形动,最大限度；整个、全部
3,アーテイスト,artist,1,名,艺术家、（尤指）美术家、演奏家
3,歌声,うたごえ,0,名,歌声
3,そのまま,そのまま,0,副、名,照原样、原封不动
3,着信,ちゃくしん,0,名、自サ,（通信、电信等）抵达
3,お馴染み,おなじみ,0,名,熟识（的人）、老相识
3,楽曲,がっきょく,0,名,乐曲
3,一曲,いっきょく,4,名,一曲
3,まるごと,まるごと,0,副,整个、完整
3,ダウンロード,download,4,名,下载
3,レコード,record,2,名,（体育）成绩、最高纪录；唱片
3,直営,ちょくえい,0,名、他サ,直接经营
3,話題曲,わだいきょく,3,名,主题曲
3,満載,まんさい,0,名、他サ,满载
3,コミック,comic,1,名,漫画；滑稽的、喜剧的
3,懐かしい,なつかしい,4,形,怀念的、思念的
3,名作,めいさく,0,名,名作
3,気軽,きがる,0,形动,轻松的
3,アイドル,idol,1,名,偶像
3,写真集,しゃしんしゅう,2,名,写真集
3,グラビアクイーン,gravure queen,6,名,凹印女明星照
3,割込み,わりこみ,0,名,硬插进去
3,別,べつ,0,名、形动,另外、不同；特别
3,登録,とうろく,0,名、他サ,注册登记
3,ブロック,block,2,名、他サ,块、地区、区域；阻挡
3,応答,おうとう,0,名、自サ,应答
3,サービスエリア,service area,5,名,（电信等）服务区
3,屋内,おくない,2,名,房子内、屋内
3,届く,とどく,2,自五,送到、够得到
3,困難,こんなん,1,名、形动,困难
3,移動,いどう,0,名、自他サ,移动
3,途切れる,とぎれる,3,自一,终端、间断
3,留意,りゅうい,1,名、自サ,留意、注意
3,乗り物,のりもの,0,名,交通工具
3,デジタル,digital,1,名,数字的
3,秘話性,ひわせい,0,名,私密性
3,盗聴,とうちょう,0,名、他サ,窃听、偷听
3,誤る,あやまる,3,自他五,错了、弄错；判断错误
3,情報,じょうほう,0,名,信息
3,消失,しょうしつ,0,名、自サ,消失
3,損害,そんがい,0,名,损害
3,最小限,さいしょうげん,3,名,最低限度、最小范围
3,アドレス帳,addressちょう,0,名,地址簿
3,データ,data,1,名,数据
3,控えを取る,ひかえをとる,,组,留底子
3,長時間,ちょうじかん,3,名,长时间
3,高温,こうおん,0,名,高温
3,禁止,きんし,0,名、他サ,禁止
3,航空機,こうくうき,3,名,飞机
3,運航,うんこう,0,名、自サ,航行
3,支障,ししょう,0,名,障碍
3,来たす,きたす,2,他五,带来、招致、造成
3,恐れ,おそれ,3,名,恐惧、害怕
3,極端,きょくたん,3,名、形动,极端的
3,低温,ていおん,0,名,低温低温
3,多湿,たしつ,0,名、形动,潮湿、多湿
3,直射,ちょくしゃ,0,名、自他サ,直射
3,日光,にっこう,1,名,阳光、日光
3,埃,ほこり,0,名,尘埃
3,落とす,おとす,2,他五,使落下、摔下；去掉
3,衝撃,しょうげき,0,名,冲击、冲撞；打击
3,与える,あたえる,0,他一,给予；使承受
3,手入れ,ていれ,3,名、他サ,休整、维修
3,乾く,かわく,2,自五,干燥
3,柔らかい,やわらかい,4,形,柔软的、柔和的
3,拭く,ふく,0,他五,擦
3,ベンジン,benzine,1,名,挥发油、轻质汽油
3,褪せる,あせる,2,自一,褪色
3,及び,および,0,接,和、及
3,湿気,しっけ,0,名,湿气
3,濡らす,ぬらす,0,他五,淋湿
3,撮影,さつえい,0,名、他サ,摄影、照相
3,著作権,ちょさくけん,2,名,著作权
3,許諾,きょだく,0,名、他サ,许诺
3,得る,える,1,他一,得到、到手；获得
3,転送,てんそう,0,名、他サ,转送、转寄
3,肖像権,しょうぞうけん,3,名,肖像权
3,認める,みとめる,4,他一,承认、认可；认定、断定
3,人格権,じんかくけん,3,名,人权
3,タレント,talent,0,名,大众媒体的演员、歌星、主持人等
3,経済的,けいざいてき,0,形动,经济上的
3,着目,ちゃくもく,0,名、自サ,着眼
3,財産権,ざいさんけん,3,名,财产权
3,公開,こうかい,0,名、他サ,公开
3,違法,いほう,0,名,违法
3,適切,てきせつ,0,名、形动,妥当、恰当、适当、确切
4,フイルム,film,1,名,胶卷
4,手にする,てにする,,组,拿在手上；自己掌握
4,保存,ほぞん,0,名、他サ,保存
4,自宅,じたく,0,名,自己的住宅
4,プリントアウト,point out,5,名,用电脑打印出来；打印件
4,メモリーカード,memory card,5,名,存储卡
4,記録,きろく,0,名、他サ,记录
4,消去,しょうきょ,1,名、他サ,抹掉、涂掉、消去
4,臆す,おくす,2,自五,（「臆する」的文语）害怕、胆怯
4,街角,まちかど,0,名,街角、街头
4,見かける,みかける,0,他一,偶尔看到、发现
4,看板,かんばん,0,名,招牌；大招牌的人（物）
4,写す,うつす,2,他五,临摹；仿造
4,時刻表,じこくひょう,0,名,（铁路等的）时刻表
4,代わり,がわり,,接尾,替代
4,連携  ?,れんけい,0,名、自サ,联合、合作
4,せっかく,せっかく,0,名、副,好不容易、特意；煞费苦心
4,取り込む,とりこむ,0,他五,拿入、收进；侵吞；拉拢
4,鑑賞,かんしょう,0,名、他サ,鉴赏、欣赏
4,旅先,たびさき,0,名,旅游目的地
4,リアルタイム,real time,4,名,即时、同时
4,暑中見舞い,しょちゅうみまい,4,名,夏日问候信
4,個性,こせい,1,名,个性
4,この辺,このへん,0,名,这里；附近；这种程度
4,取り出す,とりだす,3,他五,拿出、取出、挑出、抽出
4,取り上げる  ?,とりあげる,0,他一,拿起；采纳；剥夺、没收；提出
4,シャッタ,shutter,1,名,快门
4,フラッシュード,flash mode,5,名,闪光灯模式
4,液晶,えきしょう,0,名,液晶
4,ピント,brandpunt 荷,0,名,焦点；要点
4,合わせ,あわせ,3,名,合在一起
4,ズーム,zoom,1,名,（「ズームレンズ」的略语）表焦镜头；对焦镜头
4,倍率,ばいりつ,0,名,放大率、倍率
4,バッテリー,battery,0,名,电池
4,充電,じゅうでん,0,名、自他サ,充电
4,後部,こうぶ,1,名,后部
4,かちっ,かちっ,2,副,（金属等相碰时发出的声音）咔嚓?
4,充電器,じゅうでんき,3,名,充电器
4,コンセント,concentric plug,1,名,插座
4,抜く,ぬく,0,他五,拔掉；除掉；省掉；超过
4,メモリーステイックデュオ,memory stick duo,6,名,（索尼公司研发的）数码相机储存卡
4,カバー,cover,1,名,盖子、套子、罩子
4,別売り,べつうり,0,名,分开卖、另卖
4,影,かげ,1,名,影子
4,寄る,よる,0,自五,偏；靠近；聚在一起；顺便到
4,削除,さくじょ,1,名、他サ,删除、消除
4,機種,きしゅ,0,名,机型、机种
4,頭が上がらない,あたまがあがらない,,惯,抬不起头来
4,従兄弟/従姉妹,いとこ,2,名,表兄弟、表姐妹、同兄弟、同姐妹
4,のりちゃん,のりちゃん,1,专,（人名）小纪、小规、小典
4,前日,ぜんじつ,0,名,前天、前一天
4,台風,たいふう,3,名,台风
4,号,ごう,,接尾,号
4,親戚,しんせき,0,名,亲戚
4,口々,くちぐち,2,名,每个人的嘴
4,嫁,よめ,0,名,新娘；儿媳妇；媳妇、结婚对象
4,飛び出す,とびだす,3,自五,跑出去；突然出现
4,着物姿,きものすがた,4,名,穿和服的样子
4,かんざし,かんざし,0,名,簪子
4,パッ（と）,パッ（と）,1,副,一闪；一下子；突地、刷地
4,フラッシュをたく,flashをたく,,组,打闪光灯
4,床の間ま,とこのま,0,名,壁龛
4,向く,むく,0,他五,向、朝
4,後ろ姿,うしろすがた,4,名,背影
4,名,めい,,接头,名
4,カメラマン,cameraman,3,名,摄影师
4,静岡,しずおか,2,名,（地名）
4,冷やかす,ひやかす,3,他五,嘲笑、嘲弄
4,保証,ほしょう,0,名、他サ,担保、打包票
4,済み,ずみ,2,接尾,已经完了
4,婿,むこ,1,名,女婿、姑爷
4,汗,あせ,1,名,汗、汗水
4,次の日,つぎのひ,2,名,第二天
4,写真屋,しゃしんや,0,名,照相馆
4,慌てる,あわてる,0,自一,惊慌
4,大声,おおごえ,3,名,大声
4,一巻の終わり,いっかんのおわり,,惯,完蛋了、无可挽回了
4,どうした,どうした,1,连体,怎么
4,動かす,うごかす,3,他五,使…动起来、开动
4,空回り,からまわり,3,名、自サ,空转；空忙
4,お詫び,おわび,0,名、自サ,道歉、赔罪、请求原谅
4,ぼそぼそ,ぼそぼそ,1,副,叽叽咕咕地；干巴巴
4,がっかり,がっかり,3,副、自サ,失望
4,とうとう,とうとう,1,副,终于
4,今のところ,いまのところ,0,名,目前、眼前；眼下
4,節をつける,ふしをつける,,组,仰扬顿挫
4,ご免,ごめん,0,叹,对不起、请原谅；（拒绝）不干
4,逃げ出す,にげだす,3,自五,逃掉、溜掉
5,デイズニーランド,Disneyland,5,专,迪士尼乐园
5,動画,どうが,0,名,动画
5,製作者,せいさくしゃ,3,名,制作者
5,ウオルト?デイズニー,Walter Disney,0，1,专,沃尔特·迪士尼
5,動物,どうぶつ,0,名,动物
5,擬人化,ぎじんか,0,名、他サ,拟人化
5,収める,おさめる,3,他一,取得
5,キャラクタ,查让擦突然,2,名,卡通人物
5,ミッキー?マウス,Mickey Mouse,5,专,米老鼠
5,丸い,まるい,0,形,圆的
5,耳,みみ,2,名,耳朵
5,円ら,つぶら,0,形动,园、溜圆
5,瞳,ひとみ,0,名,眼珠
5,しぐさ,しぐさ,1,名,动作、举止；做派、做功
5,ドナルド·ダック,Donald Duck,5,专,唐老鸭
5,出演,しゅつえん,0,名、自サ,出、表演
5,誇る,ほこる,2,他五,自豪、夸耀
5,短気,たんき,1,名、形动,急性子
5,自己中心的,じこちゅうしんてき,0,形动,自我中心的
5,負けず嫌い,まけずぎらい,4,名、形动,好强
5,あらゆる,あらゆる,3,连体,所有的
5,1騒動,そうどう,1,名,动乱、闹事
5,引き起こす,ひきおこす,4,他五,引起
5,憎む,にくむ,2,他五,憎恨
5,性格,せいかく,0,名,性格
5,数多く,かずおおく,1+1,、副,为数众多
5,インフオメーション,information,4,名,情报、信息、数据；问讯处
5,グスト,guest,1,名,客人、嘉宾；（广播、电视）特约演员
5,見どころ,みどころ,0,名,值得一看的地方
5,スタッフ,staff,2,名,职员、工作人员
5,パーク,park,1,名,公园
5,ガイド·ッアー,guide tour,4,名,有导游的旅游
5,入園,にゅうえん,0,名,入园
5,アドバイス,advice,1,名、自サ,建议、忠告
5,ガイド·マップ,guide map,4,名,导游图
5,ショー,show,1,名,展览；表演
5,花火,はなび,1,名,焰火
5,パレード,parade,2,名、自サ,游行队列表演；阅兵式
5,ミュージカル,musical,1,名,音乐的；音乐剧
5,上演,じょうえん,0,名、他サ,上演
5,様々,さまざま,2,名、形动,各种各样的
5,エンターテイメント,entertainment,5,名,娱乐、余兴；演义
5,叶う,かなう,2,自五,实现
5,キャラクター·グリーテイング,character greeting,1+2,名,卡通人物迎客
5,実施,じっし,0,名、他サ,实施
5,アトラクション,attraction,3,名,吸引客人的节目
5,至るところ,いたるところ,2,组,到处
5,笑顔,えがお,1,名,笑颜
5,握手,あくしゅ,1,名、自サ,握手
5,はぐれる,はぐれる,3,自一,失散、走失
5,落し物,おとしもの,0,名,遗失物
5,救護室,きゅうごしつ,3,名,救护室
5,ペット,pet,1,名,宠物
5,コイン·ロッカー,coin locker,4,名,投币存放柜
5,向け,むけ,,接尾,面向…
5,配慮,はいりょ,1,名、他サ,心、照顾
5,細やか,こまやか,2,形动,细小的、具体的、周到的
5,思い出,おもいで,0,名,回忆
5,プラン,plan,1,名,计划
5,別れる,わかれる,3,自一,分别、分开
5,くよくよ,くよくよ,1,副、自サ,闷闷不乐、忧心忡忡
5,別々,べつべつ,0,名、形动,分别、各自
5,進路,しんろ,1,名,前进方向、发展方向
5,歩む,あゆむ,2,自五,走
5,何時までも,いつまでも,1,副,永远
5,計画,けいかく,0,名,计划
5,スタート,start,2,名、自サ,开始；出发；启动
5,花壇,かだん,1,名,花坛
5,揃う,そろう,2,自五,齐全；一致；备齐
5,スポット,spot,2,名,点；场所、地点
5,おさえる,おさえる,3,他一,抓住
5,オムニバス,omnibus,3,名,公共汽（马）车；短片集锦
5,プラザ,plaza  西,2,名,广场
5,周遊  ?,しゅうゆう,0,周游,名、自サ
5,ショット,shot,1,名,拍照、拍摄；镜头
5,ニューヨーク,New York\,3,名,（美国）纽约
5,五番街,ごばんがい,2,名,（美国纽约市的）第五大道
5,再現  再现?,さいげん,0,名、他サ,再现
5,シンデレラ城,Cinderellaじょう,5,专,灰姑娘城
5,運良く,うんよく,1,副,运气、侥幸地
5,ばっちり,ばっちり,3,副,完美的、无可挑剔的
5,ボート,boat,1,名,小船、小艇
5,秘境,ひきょう,,,秘境
5,巡る,めぐる,0,自五,巡游；循环；围绕
5,ジャングル．クルーズ,jungle cruise,6,名,丛林巡航
5,スキッパー,skipper,2,专,斯克巴（小船船长）
5,ガイド,guide,1,名、他サ,指南；导游；方针
5,船長,せんちょう,1,名,船长
5,密林,みつりん,0,名,密林
5,覆う,おおう,0,他五,蒙上、盖上；笼罩
5,冒険,ぼうけん,0,名、自サ,冒险
5,スリル,thrill,1,名,惊险
5,満点,まんてん,3,名,满分、完美无缺
5,ツアー,tour,1,名,旅游团；周游
5,途中,とちゅう,0,名,途中
5,ジャンケン,ジャンケン,3,名,猜拳、划拳
5,加わる,くわわる,0,自五,加上；参加
5,アフリカ,Africa,0,专,非洲
5,象,ぞう,1,名,象
5,ツーショット,two-shot,3,名,二人照
5,ウエスタン·ランド,western land,6,专,西部大地
5,なりきり,なりきり,0,名,完全进入角色
5,西部,せいぶ,1,名,西部
5,開拓,かいたく,0,名、他サ,开垦、开荒；开拓；开辟
5,背景,はいけい,0,名,背景
5,ウエスタン·スタイル,western style,7,名,西部式的
5,コスチューム,costume,1,名,服装、装束；戏装、古装
5,カウボーイ,cowboy,3,名,牛仔
5,貴婦人,きふじん,2,名,贵妇人
5,衣装,いしょう,1,名,衣裳
5,変身,へんしん,0,名、自サ,改变形象、化装
5,大笑い,おおわらい,3,名、自サ,大笑
5,ポーズ,pose,1,名,姿势
5,蒸気船,じょうきせん,0,名,汽船
5,アーク·トウエイン号,Mark·Twainごう,6,专,马克·土温号
5,クルージング,cruising,2,名,用游艇航海
5,客船,きゃくせん,0,名,客船
5,リバー．クルーズ,river cruise,5,名,河流环游
5,1デッキ,deck,1,名,甲板
5,ネイデイブ?アメリカン,Native American,6,名,美国原住民
5,大自然,だいしぜん,3,名,大自然
5,眺める,ながめる,3,他一,眺望、远眺
5,最上階,さいじょうかい,3,名,最上面一层
5,ビック·サンダー·マウンテン,Big Thunder Mountain,1+5,专,打雷山
5,バック,back,1,名,后面；背景
5,最高,さいこう,0,名、形动,最高；最佳；最棒
6,教材,きょうざい,0,名,教材
6,形態,けいたい,0,名,形态
6,従来,じゅうらい,1,名,以往、过去
6,アナログ·メデイア,analog media,5,名,模拟媒体
6,デジタル·メデイア,digital media,5,名,数字媒体
6,実証,じっしょう,0,名、他サ,实证、确证
6,練る,ねる,1,他五,仔细推敲
6,雑談,ざつだん,0,名、自サ,杂谈
6,及ぶ,およぶ,0,自五,波及；达到；扩大到…范围
6,鞄,かばん,0,名,包
6,金属製,きんぞくせい,0,名,金属制
6,小振り,こぶり,0,名,小型；轻轻摇摆
6,平たい,ひらたい,0,形,平坦；浅显易懂
6,箱,はこ,0,名,盒子
6,印刷,いんさつ,0,名、他サ,印刷
6,不満,ふまん,0,名、形动,不满、不满足；不满意
6,フルコンテンツタイプ,full contents type,8,名,全内容型
6,比較,ひかく,0,名、他サ,比较
6,大山,おおやま,0,专,（姓氏）
6,伊藤,いとう,0,专,（姓氏）
6,めくる,めくる,0,他五,翻；揭掉、揭开
6,コーパス,corpus,1,名,语言资料、语料库
6,活用,かつよう,0,名、自他サ,活用
6,持ち運ぶ,もちはこぶ,0,他五,搬运；挪动
6,登場,とうじょう,0,名、自サ,出场
6,支援,しえん,0,名、他サ,支援
6,ツール,tool,1,名,工具、手段
6,一躍,いちやく,0,名、自サ,一跌、一举
6,脚光を浴びる,きゃっこうをあびる,,组,引人注目、崭露头角
6,ほら,ほら,1,叹,（唤起对方注意）喂、瞧
6,これほど,これほど,0,名、副,这种程度
6,情報量,じょうほうりょう,5,名,信息量
6,を目の当たりにする,をまのあたりにする,,组,亲眼目睹
6,効果,こうか,1,名,效果
6,疑問,ぎもん,0,名,疑问
6,比べる,くらべる,0,他一,比较、相比
6,携帯性,けいたいせい,0,名,便携性
6,限界,げんかい,0,名,局限；界限、界线
6,一度に,いちどに,3,副,同时、一下子
6,目に入る,めにはいる,,组,映入眼帘
6,その上,そのうえ,0,接,加上、而且
6,コンテンツ,contents,1,名,内容
6,充実,じゅうじつ,0,名、自サ,充实
6,検索,けんさく,0,名、他サ,检索
6,機能,きのう,1,名,技能
6,向上,こうじょう,0,名、自サ,提高
6,例文,れいぶん,0,名,例句
6,読み上げる,よみあげる,4,他一,读完
6,付く,つく,1,自五,上；带有
6ｖ,分厚い,ぶあつい,0,形,厚厚的
6,活字,かつじ,0,名,铅字
6,ぎっしり,ぎっしり,3,副,挤满
6,詰まる,つまる,2,自五,堵塞、不通；塞满；变短
6,評価,ひょうか,1,名、他サ,评价；给予肯定
6,物心がつく,ものごがつく,,组,懂事
6,否定,ひてい,0,名、他サ,否定
6,教員,きょういん,0,名,教员
6,本来,ほんらい,1,副,本来、原来；按理说
6,大いに,おおいに,1,副,大大地、非常的
6,長所,ちょうしょ,1,名,长处
6,我々,われわれ,0,代,我们
6,知識欲,ちしきよく,3,名,求知欲
6,満たす,みたす,2,他五,满足
6,胸を張る,むねをはる,,组,挺起胸膛、充满信心的样子
6,説,せつ,1,名,意见、主张；学说、论点
6,いかにも,いかにも,2,副,的的确确
6,説得力,せっとくりょく,4,名,说服力
6,消極的,しょうきょくてき,0,形动,消极的
6,味わう,あじわう,3,他五,品尝；欣赏；感受
6,吸収,きゅうしゅう,0,名、他サ,吸取
6,おのずと,おのずと,0，4,副,自然而然地
6,有益,ゆうえき,0,形动,有益
6,手を伸ばす,てをのばす,,组,伸手；扩大（营业）范围
6,高める,たかめる,3,他一,提高
6,経験,けいけん,0,名、他サ,经验
6,常識,じょうしき,0,名,常识
6,問題集,もんだいしゅう,3,名,习题集
6,穴埋め,あなうめ,0,名,填空
6,上下,じょうげ,1,名,上下
6,繋ぎ,つなぎ,0,名,连接
6,パズル,puzzle,1,名,填字游戏
6,要素,ようそ,1,名,要素
6,含む,ふくむ,2,他五,含、含有
6,先頭,せんとう,0,名,先头
6,たどり着く,たどりつく,4,自五,好容易走到
6,太刀打ちできない,たちうちできない,,组,敌不过、争不过
6,対処,たいしょ,1,名，自サ,应付、对待
6,足りる,たりる,0,自一,够、足
6,漢和,かんわ,0,名,汉和
6,必要,ひつよう,0,名、形动,必要
6,活かす,いかす,2,他五,搞活、发挥特点
7,謎謎,なぞなぞ,0,名,谜语、猜谜游戏
7,時分,じぶん,1,名,时刻、时候、时机
7,大正,たいしょう,0,名,日本大正年代（1912-1926）
7,謎,なぞ,0,名,谜语
7,謎の掛けっこ,なぞのかけっこ,,组,谜语比赛（儿童语）
7,教壇,きょうだん,0,名,讲坛、讲台
7,生徒,せいと,1,名,（中小学）学生
7,審判,しんぽん,0,名、他サ,裁判、审判
7,競争,きょうそう,0,名、他サ,比赛、竞争
7,難問,なんもん,1,名,难题
7,そうそう,そうそう,0,副,（下接否定）老是那样
7,かち合う,かちあう,0,自五,相撞、碰在一起
7,柴,しば,0,名,柴
7,点,てん,0,名,分数、点；标点
7,糸,いと,1,名,线、弦
7,紫,むらさき,2,名,紫色
7,素朴,そぼく,0,形动,朴素、简单
7,少女,しょうじょ,1,名,少女
7,下火,したび,0,名,或是减弱、衰退
7,クイズ,quiz,1,名,智力竞赛、猜谜
7,空白,くうはく,0,名、形动,空白
7,一種,いっしゅ,1,名,一种
7,解く,とく,1,他五,揭开、拆开
7,概ね,おおむね,0,副,大概、大致
7,真面,まとも,0,形动,正经、认真；正面
7,巫山戯る,ふざける,3,自一,开玩笑、作弄人
7,頓智,とんち,0,名,机智、机敏
7,俊子（敏子）,とし子としこ,1,专,（人名）
7,広,ひろし,1,专,（人名）
7,鳥,とり,0,名,鸟；鸡
7,鳥小屋,とりごや,0,名,鸡窝、鸡舍
7,春夫/治夫/晴夫,はるお,0,专,（人名）
7,鶏,にわとり,0,名,鸡
7,生む,うむ,0,他五,生、产生
7,雛,ひよこ,0,名,幼鸟；小毛孩子、幼鸡
7,薇,ぜんまい,0,名,（植物）紫萁
7,発条,ぜんまい,0,名,发条、弹簧
7,鏡,かがみ,3,名,镜子
7,警察,けいさつ,0,名,警察
7,鷺,サギ,0,名,鹭
7,詐欺,さぎ,1,名,欺诈
7,こらっ,こらっ,1,叹,（用于责备、呼唤、提醒等）呀！这！喂！
7,フルーツ,fruit,2,名,水果
7,パパイヤ（パパイア）,papaya,2,名,番木瓜
7,羽,わ,,接尾,（鸟等）只
7,肩車,かたぐるま,3,名,骑在脖子上
7,破る,やぶる,2,他五,弄破；损坏；违背
7,王様,おうさま,0,名,国王
7,一頭,いっとう,1,名,一头
7,地方,ちほう,2,名,地方、地区
7,大騒ぎ,おおさわぎ,3,名、自サ,大吵大闹；轰动；轰动一时
7,役人,やくにん,0,名,官吏、公务员
7,目方,めかた,0,名,重要
7,早速,さっそく,0,副,立刻、马上、赶紧
7,秤,はかり,3,名,坪、天枰
7,申し出る,もうしでる,4,他一,提出；申请
7,掲示,けいじ,0,告示、布告,名、他サ
7,度度,たびたび,0,副,屡次、再三
7,催促,さいそく,1,名、他サ,催、催促
7,岸,きし,2,名,岸边
7,沈む,しずむ,0,自五,落、沉；消沉、郁闷
7,見物人,げんぶつにん,0,名,浏览者、观客
7,じっと,じっと,0,副、自サ,一动不动
7,外側,そとがわ,0,名,外侧、外面、外边
7,降ろす·下ろす,おろす,2,他五,把…卸下来
7,石,いし,2,名,石子、石头
7,積む,つむ,0,他五,堆积；装载；积累
7,合計,ごうけい,0,名、他サ,合计、总计
8,要点,ようてん,3,名,要点、要领
8,順序,じゅんじょ,1,名,次序、过程
8,まとめる,まとめる,0,他一,汇总
8,事柄,ことがら,0,名,事情、事态
8,結ぶ,むすぶ,0,他五,系、结
8,間を置く,まをおく,,组,留出间隔、留出时间
8,強める,つよめる,3,他一,加强、增强
8,聞き落す,ききおとす,4,他五,听漏、忘问
8,応じる,おうじる,0,自一,回答；满足；接受
8,役立つ,やくだつ,3,自五,有用、起作用
8,ひろ子,ひろこ,1,专,（人名）
8,ほう,ほう,1,叹,（吃惊或感叹时发的声音）荷
8,どきどき?,どきどき,1,副、自サ,（心）扑通扑通地跳
8,平気,へいき,0,名、形动,不在乎
8,纏まる,まとまる,0,自五,概括起来；凑齐
8,成長,せいちょう,0,名、自サ,成长、成熟；发展
8,観察,かんさつ,0,名、他サ,观察、仔细察看
8,心細い,こころぼそい,5,形,心中没底；孤独
8,形式,けいしき,0,名,形式
8,スケッチ,sketch,2,名、他サ,记录；写生、素描
8,表,ひょう,0,名,表、表格
8,グラフ,graph,1,名,图表
8,それ、それ,それ、それ,0,代,就是它、就是它
8,細い,ほそい,2,形,细细的
8,棒,ぼう,0,名,棒、棍棒
8,指す,さす,1,他五,指；下（将棋）
8,取越苦労,とりこしぐろう,5,名、自サ,自寻苦恼
8,恥ずかしい,はずかしい,4,形,害羞、惭愧
8,そのうちに,そのうちに,0,副,过一会儿、不久
8,思い切って,おもいきって,2,副,大胆地、断然地
8,ぐんと,ぐんと,0,副词,（「ぐっと」的俗语）使劲、一口气地
8,成り立つ,なりたつ,0,自五,谈妥；成立；形成
8,大昔,おおむかし,3,名,太古、上古、远古
8,取り替える,とりかえる,0,他一,更换、交换
8,手軽,てがる,0,形容,渐变；轻易；简单
8,然して,そうして,4,接,而、又；然后
8,貝殻,かいがら,0,名,贝壳
8,貴重品,きちょうひん,0,名,贵重品
8,貨,か,1,名,钱；物品
8,貴,き,1,名,珍贵、宝贵
8,財,ざい,1,名,财富、财产
8,稲,いね,1,名,稻
8,武士,ぶし,1,名,武士
8,名残,なごり,1,名,遗迹、余韵；依恋
8,価値,かち,1,名,价值
8,壊れる,こわれる,3,自一,坏了、碎了
8,分量,ぶんりょう,3,名,分量、数量
8,分ける,わける,2,他一,分、分开；分类；分配
8,凡そ,およそ,0,副,大约；完全；分类；分配
8,元明天皇,げんめいてんのう,3,专,日本元明天皇（661-772）
8,銀,ぎん,1,名,银
8,銅,どう,1,名,铜
8,銀貨,ぎんか,1,名,银币
8,銅貨,どうか,1,名,铜币
8,金貨,きんか,1,名,金币
8,預金,よきん,0,名,存款
8,小切手,こぎって,2,名,支票
8,手元,てもと,3,名,身边、手头
8,経済学,けいざいがく,3,名,经济学
8,学問,がくもん,2,名,学问、学识；学业
9,参加者,さんかしゃ,0,名,参加者
9,議題,ぎだい,0,名,议题
9,事前,じぜん,0,名,事前
9,予告,よこく,0,名、他サ,预告
9,巡らす,めぐらす,0,他五,围绕；运筹
9,意見,いけん,3,名、他サ,意见；规劝
9,係り,かかり,1,名,担任着
9,議長,ぎちょう,1,名,议长、主席
9,発言,はつげん,0,名、自サ,发言
9,公平,こうへい,0,名、形动,公平
9,判断,はんだん,1,名、他サ,判断、推测
9,議事,ぎじ,1,名,议事、审议
9,建設的,けんせつてき,0,形动,建设性的
9,気を配る,きをくばる,,组,留心、注意
9,差し控える,さしひかえる,5,子他一,待命；节制
9,自由,じゆう,2,名、形动,自由
9,受け止める,うけとめる,0,他一,接住；理解
9,意図,いと,1,名、他サ,意图、打算
9,明らか,あきらか,2,形动,明显、清楚
9,持ち方,もちかた,0,名,做法；拿法
9,委員,いいん,1,名,委员
9,谷川,たにがわ,0,专,（姓氏）
9,立ち消え,たちぎえ,0,名、自サ,中断；中途熄灭
9,上級,じょうきゅう,0,名,上一级
9,粗筋,あらすじ,0,名,梗概、概略
9,大田,おおた,0,专,（姓氏）
9,増やす,ふやす,2,他五,增加
9,野村,のむら,0,专,（姓氏）
9,高木,たかぎ,0,专,（姓氏）
9,北川,きたかわ,0,专,（姓氏）
9,平均,へいきん,0,名、他サ,平均、平衡
9,その都度,そのつど,3,组,每回、每次
9,次回,じかい,1,名,下次
9,励み,はげみ,3,名,鼓励、激励
9,養う,やしなう,0,他五,培养；扶养
9,定期的,ていきてき,0,形动,定期的
9,石原,いしはら,0,专,（姓氏）
9,案,あん,1,名,计划、草案
9,たっぷり,たっぷり,3,副,充分、足够
9,紙芝居,かみしばい,3,名,（拉）洋片、连环画剧
9,試み,こころみ,4,名,尝试、实验
9,展示,てんじ,0,名、他サ,展示、陈列
9,祭典,さいてん,0,名,盛典、祭礼
9,有難い,ありがたい,4,形,难得；值得庆幸
9,間近い,まぢかい,3,形,临近；挨近
9,帰り道,かえりみち,3,名,归途
9,偶然,ぐうぜん,0,副,偶尔、偶然
9,相変わらず,あいかわらず,0,副,照旧、仍旧
9,再会,さいかい,0,名、自サ,再见、重逢
9,親しげ,したしげ,3,形动,亲密地
9,肩を並べる,かたをならべる,,组,并肩
9,噂話,うわさばなし,4,名,言、闲话
9,積もる,つもる,0,自他五,累积；估算
9,尽きる,つきる,2,自一,尽、完、到头
9,世話役,せわやく,0,名,筹办者、发起人
9,日が暮れる,ひがくれる,,组,日暮、天黑
9,暗い,くらい,0,形,暗；黑暗；阴沉
9,心当たり,こころあたり,4,名,线索、想像得到
9,会場,かいじょう,0,名,会场
9,交渉,こうしょう,0,名、自サ,交涉、谈判
9,招待状,しょうたいじょう,0,名,请帖
9,天高く馬肥ゆる,てんたかくうまこゆる,,惯,秋高气爽、天高云淡
9,試験期,しけんき,2,名,考试期
9,存じる,ぞんじる,3,自一,「思う」等的谦让语
9,思い出話,おもいでばなし,5,名,叙旧、谈往事
9,その折り,そのおり,,组,那时
9,昨年,さくねん,0,名,去年
9,末,すえ,0,名,末了、末端
9,来る,きたる,2,连体,下次的
9,田村屋,たむらや,0,专,（店名）
9,一同,いちどう,2，3,同,大家、全体
9,大田新作,おおたしんさく,0,专,（人名）
10,イソップ,Aesop,2,专,伊索
10,狐,きつね,0,名,狐狸
10,井戸,いど,1,名,井
10,落ちる,おちる,2,自一,掉下来、坠落
10,どうしても,どうしても,1,副,（下接否定）怎么也
10,渇く,かわく,2,自五,渴、干渴
10,山羊·野羊,やぎ,1,名,山羊
10,見つける,みつける,0,他一,找到、发现
10,褒め立てる（誉め立てる）,ほめたてる,4,他一,大加赞扬
10,降りる,おりる,2,自一,下来
10,収まる·納まる,おさまる,3,自五,平息、解决
10,思い付く,おもいつく,4,他五,（忽然）想出、想起
10,前足,まえあし,1,名,前肢、前足
10,突っ張る,つっぱる,3,他五,顶住、支撑
10,角,つの,2,名,角、犄角
10,やる,やる,0,他五,放在（某处）
10,背中,せなか,0,名,背、脊背
10,引き上げる,ひきあげる,4,他一,曳起、拉上来
10,飛び上がる,とびあがる,4,自五,飞起、跳起
10,踏み台,ふみだい,0,名,脚搭子；垫脚石
10,文句,もんく,1,名,不满、牢骚
10,ふり返る,ふりかえる,4,自五,回过头去
10,知恵,ちえ,2,名,智慧、脑筋
10,大谷,おおたに,0,专,（姓氏）
10,山田,やまだ,0,专,（姓氏）
10,我慢,がまん,1,名、他サ,忍耐、克制
10,木村,きむら,0,专,（姓氏）
10,台,だい,1,名,台、座儿
10,西山,にしやま,0,专,（姓氏）
10,性質,せいしつ,0,名,性情、脾气；性质
10,浅い,あさい,0,形,浅的、淡的；浅薄的
10,素直,すなお,1,形动,淳朴的、天真的
10,信じる,しんじる,3,他一,相信、深信、信赖
10,長島,ながしま,0,专,（姓氏）
10,大嫌い,だいきらい,1,形动,极不喜欢、非常讨厌
10,狡い,ずるい,2,形,狡猾、奸诈
10,浦島太郎,うらしまたろう,5,专,（人名）
10,浜辺,はまべ,3,名,海边
10,騒ぐ,さわぐ,2,自五,吵闹、喧哗
10,亀,かめ,1,名,龟
10,匹,ひき,,接尾,匹、只、条、尾
10,掴まえる,つかまえる,0,他一,楸住、抓住、捉拿
10,転がす,ころがす,0,他五,搬倒；使滚动
10,叩く,たたく,2,他五,敲、打、拍
10,可哀相,かわいそう,4,形动,可怜的
10,そんなら,そんなら,3,接,（「それなら」的口语）那么
10,買い取る,かいとる,3,他五,买下来
10,撫でる,なでる,2,他一,抚摸
10,放す,はなす,2,他五,放开、放掉
10,釣,つり,0,名,钓鱼
10,ぴょこんと,ぴょこんと,2,副,轻轻地点了下头
10,お辞儀,おじぎ,0,名、自サ,行礼
10,3竜宮,りゅうぐう,3,专,龙宫
10,鯛,たい,1,名,加级鱼
10,平目,ひらめ,0,名,比目鱼
10,御殿,ごてん,1,名,宫殿、公馆
10,通す,とおす,1,他五,通过、领入、穿过
10,玉,ぎょく,0,名,玉
10,貝,かい,1,名,贝、贝壳
10,飾る,かざる,0,他五,装饰
10,眩しい,まぶしい,3,形,晃眼、耀眼
10,乙姫,おとひめ,2,名,龙宫仙女
10,暇,いとま,3,名,告辞；闲暇
10,頻りに,しきりに,0,副,频频、不断
10,抱える,かかえる,0,他一,抱、夹
10,村,むら,2,名,村庄
10,どうかなる,どうかなる,,组,总会有办法
10,煙,けむり,0,名,烟
10,すうと,すうと,0,副,（与「すっと」同）轻轻地
10,立ち昇る,たちのぼる,0,自五,升起
10,まっ白,まっしろ,3,形动,雪白
11,コピー,copy,1,名、他サ,拷贝、复制
11,出回る,でまわる,0,自五,上市
11,サラダオイル,salad oil,4,名,色拉油、生菜油
11,イクラ,ikra 俄,0,名,盐渍鲑鱼子
11,材料,ざいりょう,3,名,材料
11,上等,じょうとう,0,名、形动,上等、高级
11,高度,こうど,1,名、形动,级、高度
11,加工,かこう,0,名、他サ,加工
11,香り,かおり,0,名,香味、香气
11,歯ざわり,はざわり,2,名,牙齿嚼食物时的感觉
11,そっくり,そっくり,3,副、形动,一模一样
11,食品添加物,しょくひんてんかぶつ,7,名,（为装饰或防腐）食品添加剂
11,大量,たいりょう,0,名、形动,大量、大批
11,合成,ごうせい,0,名、他サ,合成
11,保存料,ほぞんりょう,2,名,储存剂
11,給食,きゅうしょく,0,名、自サ,提供伙食
11,外食,がいしょく,0,名、自サ,在外吃饭
11,骨,ほね,2,名,骨头
11,偽物,にせもの,0,名,冒牌货
11,苦しめる,くるしめる,4,他一,使…痛苦、折磨
11,奢り,おごり,0,名,请客、做东
11,へえ,へえ,1,叹,（惊讶声、回答声）哎、是
11,流行,はやり,3,名,流行
11,素人,しろうと,1,名,外行、业余爱好者
11,フライ,fry,0,名,油炸食品
11,大好物,だいこうぶつ,3,名,最喜欢的东西
11,ステーキ,steak,2,名,牛排、烤肉
11,黙黙と,もくもくと,0,副,不声不响、默默
11,長男,ちょうなん,1,名,长子
11,孝·隆,たかし,1,专,（人名）
11,突然,とつぜん,0,副,突然
11,フォーク,fork,1,名,叉子
11,聞き返す,ききかえす,3,他问,反问
11,一切れ,ひときれ,2,名,一块、一片、一点
11,だって,だって,1,接,（用于辩解）可是、但是
11,チューブ,tube,1,名,管、筒
11,入り,いり,0,名,装、加入、掺有
11,ゼリー,jelly,1,名,果子冻；胶状物、胶状药品
11,錠剤,じょうざい,0,名,药片
11,粒,つぶ,1,名,粒、丸
11,注射,ちゅうしゃ,0,名、他サ,注射
11,頷く,うなずく,3,自五,首肯、点头
11,改めて,あらためて,3,副,重新
11,噛む,かむ,1,他五,咬、嚼
11,屁理屈,へりくつ,2,名,歪理、诡辩
11,気にする,きにする,,组,在意
11,コンコルド,Concrode,3,名,（英法合制）协和式超音速大型客机
11,ロッキード,Lockhead Corp,3,专,（美国飞机制造公司名）洛克希德
11,SST,SST,3,专,（缩写）超音速运输机
11,じゃんじゃん,じゃんじゃん,1,副,不停地、一个劲地；（钟等）铛铛（响）
11,エアカー,air car,3,名,气垫汽车
11,歩道,ほどう,0,名,人行道
11,実用化,じつようか,0,名、他サ,实用化
11,かっこいい,かっこいい,4,形,真棒、真帅
11,真面目くさる,まじめくさる,5,自五,道貌岸然、一本正经
11,もっとも,もっとも,1，3,形动,理所当然的
11,少年,しょうねん,0,名,少年
11,大問題,だいもんだい,3,名,大问题
12,現金,げんきん,3,名,现今
12,払う,はらう,2,他五,支付；赶走
12,挿し込む,さしこむ,0,他五,插入、扎入
12,身分証明書,みぶんしょうめいしょ,8,名,身份证
12,兼ねる,かねる,2,他一,兼、兼任
12,額,がく,0,名,数量、金额
12,実に,じつに,2,副,的确、确实
12,泥棒,どろぼう,0,名,小偷、贼
12,札,さつ,0,名,纸币、钞票
12,無駄遣い,むだづかい,3,名、他サ,浪费、乱花钱
12,投書,とうしょ,0,名、自サ,投稿、投诉
12,目の前,めのまえ,3,名,眼前、迫在眼前
12,貨幣,かへい,1,名,货币
12,実感,じっかん,0,名、他サ,真实感
12,節約,せつやく,0,名、他サ,节约、节省
12,気楽,きらく,0,形动,舒适、轻松
12,理性,りせい,0,名,理性
12,行動,こうどう,0,名、自サ,行为、行动
12,知人,ちじん,0,名,友人、熟人
12,ハンドバッグ,hand bag,4,名,（女式）手提包
12,意志,いし,1,名,意志
12,玉,だま,2,接尾,（圆形）硬币
12,夫婦,ふうふ,1,名,夫妇
12,消費税,しょうひぜい,3,名,消费税
12,面倒,めんどう,3,名、形动,麻烦，棘手
12,コーヒーカップ,coffee cup,5,名,咖啡杯
12,偉い,えらい,2,形,伟大、了不起
12,給与,きゅうよ,1,名、他サ,薪金；支给的金钱或物品
12,口座,こうざ,0,名,（银行）户头
12,丸井,まるい,0,名,（店名）
12,使い過ぎ,つかいすぎ,0,名,用过量、用过头
12,特典,とくてん,0,名,优惠
12,会員誌,かいいんし,3,名,会员杂志
12,裏,うら,2,名,背面、后面
12,飲食,いんしょく,0,名,饮食
12,乃至,ないし,1,接,由…到…；或者
12,割引く,わりびく,3,他五,减价、打折扣
12,会費,かいひ,0,名,会费
12,勘違い,かんちがい,3,名、自サ,判断错误；误会
12,どうか,どうか,1,副,请；总算；不正常
12,勇気,ゆうき,1,名,勇气
12,仕掛人,しかけにん,0,名,策划人
12,飲食店,いんしょくてん,4,名,饮食店
12,レジャー,leisure,1,名,闲暇；空闲时间的娱乐
12,加盟店,かめいてん,0,名,加盟店
12,加盟料,かめいりょう,2,名,加盟费
12,ステッカー,sticker,2,名,（背面涂胶的）张贴物
12,優待,ゆうたい,0,名、他サ,优待
12,経費,けいひ,1,名,经费
12,クレジット,credit,2,名,信用；信用销售（分期付款）
12,他社,たしゃ,1,名,其他公司（报社、神社）
12,差がつく,さがつく,,组,加以区别
12,PR効果,ピーアルこうか,5,名,宣传效果
12,得,とく,0,名,有利、合算
12,自画自賛,じがじさん,,名、自サ,自卖自夸
12,店側,みせがわ,0,名,店方
12,手数料,てすうりょう,2,名,手续费
12,限度,げんど,1,名,限度
12,見劣りがする,みおとりがする,,组,逊色
13,地球,ちきゅう,0,名,地球
13,半日,はんにち,4,名,半天
13,感じ,かんじ,0,名,感觉
13,距離,きょり,1,名,距离
13,新幹線,しんかんせん,3,名,新干线、高速列车
13,沿線,えんせん,0,名,沿线
13,次第に,しだいに,0,副,逐渐地、慢慢地
13,目的地,もくてきち,4,名,目的地
13,近づく,ちかづく,3,自五,靠近；接近；临近
13,興奮,こうふん,0,名、自サ,兴奋
13,高速化,こうそくか,0,名,高速化
13,火加減,ひかげん,2,名,火候
13,煮込む,にこむ,2,他五,炖；煮透
13,電子レンジ,でんしrange,4,名,微波炉
13,数分,すうふん,0,名,几分钟
13,味見,あじみ,0,名,尝尝味道
13,台所,だいどころ,0,名,厨房
13,流れる,ながれる,3,自一,流
13,匂い,におい,2,名,气味儿、香气
13,わくわく,わくわく,1,副、自サ,喜悦、担心或有所期待是的兴奋样子
13,追求,ついきゅう,0,名、自サ,追求
13,振り込み,ふりこみ,3,名,存入
13,普及,ふきゅう,0,名、自サ,普及
13,月給日,げっきゅうび,3,名,发薪水日
13,月給袋,げっきゅうぶくろ,5,名,工资袋
13,ボーナス,bonus,1,名,奖金
13,厚い,あつい,0,形,厚、优厚；深厚
13,封筒,ふうとう,0,名,信封
13,当然,とうぜん,0,形动、副,当然、理应如此
13,失う,うしなう,0,他五,丢失、丧失
13,竹井,たけい,0,专,（姓氏）
13,乗り継ぎ,のりつぎ,0,名,换成（其他交通工具）
13,やっと,やっと,0，3,副,好容易；终于；勉强
13,なんだか,なんだか,1,副,总觉得、总有点
13,窓際,まどぎわ,0,名,窗边
13,雲,くも,1,名,云、云彩
13,区別がつく,くべつがつく,,组,辨别、区别
13,贅沢,ぜいたく,4,名、形动,奢侈、奢望
13,どうのこうの,どうのこうの,1+1,副,说这样讲那、说长道短
13,感激,かんげき,0,名、自サ,感激、感动
13,初月給,はつげっきゅう,3,名,第一次工资
13,神棚,かみだな,0,名,神龛
13,供える,そなえる,3,他一,供、献
13,勤·勉,つとむ,0,专,（人名）
13,結晶,けっしょう,0,名、自サ,结晶、结果
13,涙,なみだ,1,名,眼泪
13,明細書,めいさいしょ,0,名,明细单
13,道理で,どうりで,1,副,怪不得
13,涌く,わく,2,自五,涌现、涌出
13,数える,かぞえる,3,他一,数；例举
13,立体,りったい,0,名,立体
13,靖,やすし,1,专,（人名）
13,哲夫,てつお,0,专,（人名）
13,ちらりと,ちらりと,2,副,一晃、一闪、略微
13,目をやる,めをやる,,组,朝…看
13,ひそひそ,ひそひそ,1,副,偷偷、悄悄
13,許す,ゆるす,2,他五,允许
13,にっこり,にっこり,3,副、自サ,嫣然一笑
13,着,ちゃく,1,名,到达、抵达
13,ジャンボ·ジェット機,jumbo jetき,6,名,大型喷气式客机
13,振る,ふる,0,他五,挥、摇
13,スイッチ,switch,2,名,电门、开关
13,想像がつく,そうぞうがつく,,组,想象
13,便,びん,1,接,班机、班轮、班车
13,運賃,うんちん,1,名,运费
13,ばかにならない,ばかにならない,,组,不可小看
13,それが,それが,0,接,可是
13,交通機関,こうつうきかん,6,名,交通工具
13,比べ物にならない,くらべものにならない,,组,不能比
13,何も,なにも,1,副,不必…、什么也不…
14,インスタント,instant,4,名,速成
14,爆発的,ばくはつてき,0,形动,急剧的、惊人的
14,製品,せいひん,0,名,产品
14,小麦粉,こむぎこ,0,名,面粉
14,ヒット,hit,1,名、他サ,大受欢迎、畅销?
14,予想,よそう,0,名、他サ,预料、预想
14,要因,よういん,0,名,主要因素
14,第一次,だいいちじ,1,名,第一次
14,愛用,あいよう,0,名、他サ,喜欢用
14,影響力,えいきょうりょく,3,名,影响力
14,コムーシャル,commercial,2,名,盈利的、商业的；商业广告
14,民間,みんかん,0,名,民间
14,スポット·コマーシャル,spot commercial,6,名,（插在节目中间）简短商业广告
14,袋,ふくろ,,接尾,袋
14,足らず,たらず,,接尾,（上接数量词）不足
14,秒,びょう,1,名,秒
14,購買欲,こうばいよく,3,名,购买欲
14,そそる,そそる,0,他五,勾起（某种感情、欲望等）
14,挙って,こぞって,2,副,全部、全都
14,テレビ·スポット,television spot,5,名,电视广告
14,年間,ねんかん,0,名,一年、全年
14,食,しょく,,接尾,（吃饭的次数）顿、餐
14,蕎麦,そば,1,名,荞麦面条
14,松下,まつした,2,专,（姓氏）
14,進出,しんしゅつ,0,名、自サ,打入、挤进
14,伴う,ともなう,3,自他五,随着；随同
14,即席めん,そくせきめん,5,名,方便面
14,レトルト,retort,2,名,半成品
14,飽きる·厭きる,あきる,2,自一,满足、腻烦
14,栄養,えいよう,0,名,营养
14,片寄る,かたよる,3,自五,偏颇；偏袒
14,両親,りょうしん,1,名,双亲、父母
14,共働き,ともばたらき,3,自五,双职工
14,出前,でまえ,0,名,送外卖
14,お湯,おゆ,0,名,开水、热水；洗澡水
14,防腐剤,ぼうふざい,3,名,防腐剂
14,調理,ちょうり,1,名、他サ,烹调、做菜
14,手作り,てづくり,2,名,亲手做、手制
14,ライフスタイル,lifestyle,5,名,生活方式
14,間食,かんしょく,0,名,吃点心、吃零食；零食
14,夜食,やしょく,0,名,夜宵
14,脂肪,しぼう,0,名,脂肪
14,糖分,とうぶん,1,名,糖分
14,肥満,ひまん,0,名、自サ,肥胖
14,忠告,ちゅうこく,0,名、自サ,忠告、劝告
14,宅配,たくはい,0,名,送货上门
14,需要,じゅよう,0,名,需要
14,一般,いっぱん,0,名,一般、普通
14,一人暮らし,ひとりぐらし,4,名,一个人生活
14,グルメ,goumet 法,1,名,美食家
14,反映,はんえい,0,名自サ,反映
14,高級,こうきゅう,0,名、形动,高级
14,折り詰め,おりづめ,0,名,菜肴装在木盒里
14,ダイエット,diet,1,名,节食减肥
14,用,よう,1,接尾,…用
14,扱う,あつかう,0,他五,处理
14,売れ行き,うれゆき,0,名,商品销路
14,老舗,しにせ,0,名,老店
14,キッチン,kitchen,1,名,厨房
14,本社,ほんしゃ,1,名,总公司
14,神田,かんだ,0,名,（地名）
14,昭和,しょうわ,0,专,日本昭和年代（1926-1989）
14,惣菜,そうざい,0，3,名,家常菜、副食
14,オードブル,hors-d’euvre,1,名,开胃菜、前菜
14,合理化,ごうりか,0,名、他サ,合理化
14,忽ち,たちまち,0,副,转眼间、不打功夫；突然
14,都内,とない,1,名,东京都内
14,店舗,てんぽ,1,名,店铺
14,あたり,あたり,0,名,平均、每…
14,ハンバーグ,hamburg,3,名,（「ハンバーグステーキ」的略称）汉堡牛排
14,デリバリー,delivery,3,名,投递、送货上门
14,銘打つ,めいうつ,1,自五,打…旗号、以…为名
14,柿右衛門,かきえもん,3,名,（日本有名的陶瓷起世家）
14,食卓,しょくたく,0,名,餐桌
14,本膳,ほんぜん,1,名,日本料理的主菜
14,特選,とくせん,0,名,特选
14,洋食,ようしょく,0,名,西餐
14,アラカルト,a’la carte,3,名,单点的菜
14,特定,とくてい,0,名、他サ,特定、特别指定
14,農家,のうか,1,名,农家
14,専属,せんぞく,0,名、自サ,专属
14,仕入れる,しいれる,3,他一,采购、进货；弄到手
14,徹底,てってい,0,名、自サ,彻底、遍及
14,およそ,およそ,0,副,（下届否定）根本，完全
14,叩き,たたき,3,名,敲、打；用刀拍松
14,鰻,うなぎ,0,名,鳗鱼
14,蒲焼,かばやき,3，0,名,烤鱼串
14,松茸,まつたけ,0,名,松茸、松口蘑
14,デラックス,deluxe,3,形动,高级、豪华、奢侈
14,重役,じゅうやく,0,名,担任要职的人；懂事
14,ランチ,lunch,1,名,午餐
14,商戦,しょうせん,0,名,商战、商业竞争
14,食い込む,くいこむ,3,自五,深深进入、陷入、侵入
14,ドリア,doria  法,1,名,鱼贝鸡米饭
14,カレー,curry,0,名,咖喱饭
14,得意先,とくいさき,0,名,主顾、交易对象
14,大使館,たいしかん,3,名,大使馆
14,台,だい,,接尾,（大致的数量范围）
14,離れる,はなれる,3,自一,离开、脱离
14,届ける,とどける,3,他一,递送、提交、呈报
14,おかず,おかず,0,名,菜、小菜
14,目黒,めぐろ,1,专,（地名）
14,糖尿病,とうにょうびょう,0,名,糖尿病
14,患者,かんじゃ,0,名,患者、病人
14,厳密,げんみつ,0,形动,严密、周密
14,カロリー,calorie,1,名,卡路里
14,栄養士,えいようし,3,名,营养师
14,献立,こんだて,0,名,菜单、菜谱
14,盛り付ける,もりつける,4,他一,装盘
15,ブーム,boom,1,名,热潮、高潮
15,近年,きんねん,1,名,近年来
15,上る,のぼる,0,自五,逆流而上；达到、高达
15,年齢,ねんれい,0,名,年龄
15,読者,どくしゃ,1,名,读者
15,対象,たいしょう,0,名,对象
15,読物,よみもの,2,名,读物
15,年齢層,ねんれいそう,3,名,年龄层
15,上昇,じょうしょう,0,名、自サ,上升、提高
15,発行,はっこう,0,名、他サ,发行、发放
15,単行本,たんこうぼん,0,名,单行本
15,月間,げっかん,0,名,一月间
15,部数,ぶすう,2,名,册数、份数
15,出版物,しゅっぱんぶつ,3,名,出版物
15,伝達,でんたつ,0,名、他サ,传达、转达
15,佐藤,さとう,1,专,（姓氏）
15,ストレス,stress,2,名,精神紧张
15,スピーチ·コンテスト,speech contest,5,名,演讲比赛
15,日常生活,にちじょうせいかつ,5,名,日常生活
15,束の間,つかのま,0,名,一瞬间、转眼之间
15,空想,くうそう,0,名、他サ,空想、遐想
15,浸る,ひたる,2,自五,浸、泡；沉浸
15,手段,しゅだん,1,名,手段
15,さすがに,さすがに,0,副,真不愧是；到底还是
15,大国,たいこく,0,名,大国
15,気分転換,きぶんてんかん,4,名,散散心
15,参考書,さんこうしょ,0,名,参考书
15,骨休め,ほねやすめ,3,名,休息
15,訓練,くんれん,1,名、他サ,训练
15,場,ば,0,名,场合；场所
15,形成,けいせい,0,名、他サ,形成
15,人生観,じんせいかん,3,名,人生观
15,現実,げんじつ,0,名,现实
15,生き抜く,いきぬく,0,自五,活下去
15,現象,げんしょう,0,名,现象
15,当分,とうぶん,0,副,目前、暂时、一段时间
15,功罪,こうざい,0,名,功过
15,分析,ぶんせき,0,名、他サ,分析、剖析
15,一目,ひとめ,2,名,一眼、一看
15,現代,げんだい,1,名,现代
15,受ける,うける,2,自一,受欢迎
15,利奈,りな,1,专,（人名）
15,理香,りか,1,专,（人名）
15,ときめく,ときめく,3,自五,激动得心砰砰地跳
15,キャラ,character,1,名,（也说「キャラクター」）（电影、动漫）出场人物
15,決まって,きまって,0,名,一定是
15,戦闘,せんとう,0,副,战斗
15,恋愛,れんあい,0,名、自サ,恋爱
15,恋する,こいする,3,自他サ,恋爱
15,低める,ひくめる,3,他一,放低、降低
15,系,けい,,名,体系
15,しっくりこない,しっくりこない,,组,格格不入
15,どうも,どうも,1,副,总觉得；实在是
15,ルックス,looks,0,名,容貌、仪表
15,才能,さいのう,0,名,才能
15,雲の上,くものうえ,1,名,天上、云上
15,シーン,scene,1,名,一个场面、一个镜头
15,主催,しゅさい,0,名、他サ,主办、举办
15,開会,かいかい,0,名、自他サ,开会、开幕
15,さすが,さすが,0,名、副,就连…都；到底还是；不愧是
15,埋まる,うまる,0,自五,埋着、挤满
15,聴衆,ちょうしゅう,0,名,听众
15,主催者,しゅさいしゃ,2,名,主办者、主办单位
15,未満,みまん,1,名,未满、不足
15,使い慣れる,つかいなれる,5,他一,用惯、用热
15,認識,にんしき,0,名、他サ,认识、理解
15,絶好,ぜっこう,0,名,绝好、极好
15,趣旨,しゅし,1,名,宗旨；主要内容
15,いよいよ,いよいよ,2,副,终于、越发
15,演壇,えんだん,0,名,讲台、讲坛
15,インド,India,1,专,印度
15,オーストラリア,Australia,5,专,澳大利亚
15,次次に,つぎつぎに,2,副,一个接一个
15,熱弁,ねつべん,0,名,热情的演说
15,奮う·振るう,ふるう,0,他五,发挥、振奋
15,些か·聊か,いささか,2,副,稍微、一点
15,番,ばん,1,名,依次、轮到
15,まごつく,まごつく,0,自五,茫然不知所措
15,ユーモラス,humor,1,形动,幽默的、滑稽的
15,引き付,ひきつける,4,他一,吸引
15,結論,けつろん,0,名,结论
15,拍手,はくしゅ,1,名、自サ,拍手、鼓掌
15,わき起こる（沸（湧）き起こる）,わきおこる,4,自五,涌起、呈现
15,ほっと,ほっと,0,副、自サ,放心
15,審査,しんさ,1,名、他サ,审查
15,甲斐,かい,0,名,效果、价值
15,入賞,にゅうしょう,0,名、自サ,得奖、受赏
15,位,い,1,名,第…名
15,行事,ぎょうじ,1,名,仪式、活动
15,賞品,しょうひん,0,名,赏品、奖品
15,授与,じゅよ,1,名、他サ,授予
15,講評,こうひょう,0,名、他サ,讲评
15,順位,じゅんい,1,名,位次、席次
15,集計,しゅうけい,0,名、他サ,总计、合计
15,減点,げんてん,0,名、自サ,扣分
15,張り切る,はりきる,3,自五,干劲十足
16,全国紙,ぜんこくし,3,名,全国性报纸
16,地方紙,ちほうし,2,名,地方性报纸
16,専門紙,せんもんし,3,名,专业性报纸
16,日刊,にっかん,0,名,日刊
16,サッカー,soccer,1,名,足球
16,ワールド·カップ,World Cup,5,名,世界杯
16,メーカー,maker,1,名,制造厂
16,ポスター,poster,1,名,宣传画、广告画
16,ディスカバー·ジャパン,Discover Japan,7,组,（广告语）发现日本
16,クール,cooler,1,形动,凉爽；冷淡
16,タッチ  ?,touch,1,名、自サ,触；手法
16,ハード,hard,1,形动,紧张、艰苦、严厉
16,アクション,action,1,名,动作、活动；演技
16,ダイレクト,direct,1,形动,直接
16,ナポレオン?ソロ,Napoleon Solo,6,专,（电视片名）拿破仑·梭罗
16,以上,いじょう,1,名,以上
16,押し付けがましい,おしつけがましい,7,形,强迫、强加于人
16,混乱,こんらん,0,名、自サ,混乱
16,ビジュアル,visual,1,形动,视觉的、直观的
16,システムソリュージョン,system solution,6,名,解决系统问题
16,アプリケーション,application,4,名,应用；申请
16,プロセッサー,processor,3,名,硬件中央处理装置；软件语言处理程序
16,用語,ようご,0,名,用词、措辞；术语
16,文書,ぶんしょ,1,名,文件
16,言い換える,いいがえる,3,他一,换句话说
16,動き,うごき,0,名,动向
16,コンセンサス,consensus,3,名,双方意见达成一致
16,インキュベーション,incubation,4,名,帮助创业
16,ノンステップバス,non stop bus,7,名,无段坡巴士
16,アイドリングストップ,idling stop,8,名,停车时关闭发动机
16,バリアフリー,barrier free,4,名,无障碍设施
16,障壁,しょうへき,0,名,障碍、间隔
16,無し,なし,1,形,没有
16,ライフサイクル,life cycle,4,名,生命周期；生活周期
16,生涯,しょうがい,1,名,终生；生活
16,過程,かてい,0,名,过程
16,定着,ていちゃく,0,名、自サ,固定；定论
16,今さら,いまさら,0,副,事已至此、事到如今
16,返って,かえって,,,反倒、反而
16,違和感,いわかん,2,名,不协调感
16,金メダル,きんmedal,3,名,金牌
16,ヨットレース,yacht race,4,名,快艇比赛
16,相模湾,さがみわん,3,专,（地名）
16,キエル,Kihel,1,名,基尔（人名）
16,ラース,,1,专,拉斯（人名）
16,選手,せんしゅ,1,名,选手
16,ベテラン,veteran,0,名,老手
16,隻,せき,,接尾,（计算船只的量词）只
16,ヨット,yacht,1,名,快艇
16,荒れる,あれる,0,自一,波涛汹涌；（田地等）荒废
16,波,なみ,2,名,波浪
16,グループ,group,2,名,小组
16,びくとも,びくとも,1,副,（下接否定）处之泰然
16,コース,course,1,名,路线；课程
16,艇,てい,1,名,小舟
16,傾く,かたむく,3,自五,倾斜、偏
16,支えづな,ささえづな,3,名,支撑绳索
16,乗り出す,のりだす,3,自他五,（身体）挺出、探出；崭露头角
16,迫る,せまる,2,自五,逼近、迫近
16,はっと,はっと,0,副、自サ,吃惊
16,仰向け,あおむけ,0,名,仰面朝天
16,帆,ほ,1,名,帆
16,抛り出す,ほうりだす,4,他五,跑出去、扔出去
16,波間,なみま,3,名,波浪之间
16,消える,きえる,0,自一,消失
16,マスト,mast,1,名,桅杆
16,へばりつく,へばりつく,2,自五,紧贴、沾上
16,命,いのち,1,名,性命、命
16,急旋回,きゅうせんかい,3,名、自他サ,急旋转
16,風速,ふうそく,0,名,风速
16,煽る,あおる,2,他五,（风）吹动；哄抬、煽动
16,横こたおし,よこたおし,0,名,横倒、翻倒
16,しまった,しまった,2,叹,糟了
16,助ける,たすける,3,他一,帮助
16,真っ青,まっさお,3,形动,（脸色）苍白；蔚蓝
16,そば,そば,1,名,旁边
16,通り抜ける,とおりぬける,5,自一,穿过
16,咄嗟,とっさ,0,名,瞬间
16,勝つ,かつ,1,自五,胜、获胜
16,走り抜ける,はしりぬける,5,自一,驶过
16,調子,ちょうし,0,名,情况、样子
16,俺達,おれたち,2,名,俺们、咱们
16,役目,やくめ,3,名,职责、作用
16,一気に,いっきに,1,副,一口气
16,晒す,さらす,0,他五,暴露；暴晒
16,見過ごす,みすごす,0,他五,置之不问；看漏
16,一瞬,いっしゅん,0,名,一刹那
16,行き交う,ゆきかう,3,自五,往来
16,見合わせる,みあわせる,4,他一,互看
16,ちらっと,ちらっと,2,副,一闪；隐约
16,中断,ちゅうだん,0,名、自他サ,中断
16,バック  ?,back,1,名、自サ,背部；后退
16,揉む,もむ,0,他五,（许多人）互相推挤
16,さっと,さっと,1,副,（形容极迅速）一下子
16,ロープ,rope,1,名,绳索、绳缆
16,無事,ぶじ,0,名、形动,平安、太平无事
16,救助,きゅうじょ,1,名、他サ,救助、救护
16,送り届ける,おくりとどける,6,他一,送到、送达
16,再び,ふたたび,0,副,再次
16,ゴール,goal,1,名,终点、球门
16,ゴールイン,goal in,3,名、自サ,到终点；进球；到达目标
16,駆け寄る,かけよる,0,自五,跑进
16,ヨットマン,yacht man,4,名,快艇运动员
16,精神,せいしん,1,名,精神
16,誉め称える,ほめたたえる,5,他一,极力称赞
17,入場券,にゅうじょうけん,3,名,入场卷、门票
17,見回す,みまわす,0,他五,环视
17,見つかる,みつかる,0,自五,被发现、找到
17,並ぶ,ならぶ,0,自五,排、列队
17,腰掛ける,こしかける,4,自一,坐下
17,映る,うつる,2,自五,映入、映出
17,劇映画,げきえいが,3,名,故事片
17,女優,じょゆ,0,名,女演员
17,筋,すじ,1,名,情节
17,所々,ところどころ,4,名,多处、到处
17,上映,じょうえい,0,名、他サ,放映、上映
17,ヒロイン,heroine,2,名,（小说、喜剧的）女主人公、女英雄
17,演じる,えんじる,0,他一,表演、扮演
17,魅力的,みりょくてき,0,形动,富有魅力的
17,賞,しょう,1,名,奖、奖品
17,男優,だんゆう,0,名,男演员
17,父親,ちちおや,0,名,父亲
17,印象的,いんしょうてき,0,形动,印象深刻
17,ストーリー,story,2,名,情节、梗概、故事
17,ラブストーリー,love story,4,名,爱情故事
17,愛媛,えひめ,1,专,（地名）
17,広告,こうこく,0,名,广告
17,代理店,だいりてん,3,名,代理店
17,永尾完治,ながおかんじ,0，1,专,（人名）
17,赤名リカ,あかなリカ,0，1,专,（人名）
17,親友,しんゆう,0,名,好朋友
17,プレイボーイ,play boy,4,名,花花公子
17,医学生,いがくせい,3,名,一大学生
17,三上健一,みかみけんいち,0+0,专,（人名）
17,長年,ながねん,0,名,多年
17,憧れ,あこがれ,0,名,向往
17,関口里美,せきぐちさとみ,2+0,专,（人名）
17,織り成す,おりなす,3,他五,织成；交织成
17,ドラマ,drama,1,名,剧；喜剧
17,思いを寄せる,おもいをよせる,,组,有好感、爱慕
17,心を引く,こころをひく,,组,吸引
17,育ち,そだち,3,名,生长
17,一途,いちず,2,形动,一心一意地
17,打ち明ける,うちあける,4,他一,打开心扉
17,奔放,ほんぽう,0,名、形动,奔放的
17,振り回す,ふりまわす,4,他五,挥舞；随意摆动
17,破局,はきょく,0,名,悲惨的结局
17,最終的,さいしゅうてき,0,形动,最终的?
17,和賀夏樹,かずがなつき,0+0,专,（人名）
17,身篭る,みごもる,3,自五,怀孕
17,描く,えがく,2,他五,描写
17,抽象的,ちゅうしょうてき,0,形动,抽象的
17,葛藤,かっとう,0,名,纠葛、纠纷
17,わしづかみ,わしづかみ,3，0,名,大把地抓
17,代表的,だいひょうてき,0,形动,代表性的、典型的
17,ホール,hall,1,名,门厅、大厅
17,移る,うつる,2,自五,移动
17,寝坊,ねぼう,0,名、自サ,睡懒觉
17,目覚まし,めざまし,2,名,闹钟
17,パジャマ,pajamas,1,名,睡衣
17,毛布,もうふ,1,名,毯子
17,包まる,くるまる,3,包裹着,自五
17,ずっち,ずっち,,俗语,狡猾的
17,悔しい,くやしい,3,形,悔恨的、窝心的
17,キス,kiss,2,名、自サ,接吻
17,キャンドル,candle,1,名,蜡烛；烛光
17,パースデーケーキ,birthday cake,6,名,生日蛋糕
17,灯す,ともす,2,他五,点亮
17,蝋燭,ろうそく,3,名,蜡烛
17,初恋,はつこい,0,名,初恋
17,一目惚れ,ひとめぼれ,0,名,一见钟情
17,事件,じけん,1,名,事件
17,吹き消す,ふきけす,3,他五,吹灭
17,シャンパン,champagne,3,名,春槟
18,高まる,たかまる,3,自五,提高、高涨
18,膨大,ぼうだい,0,形动,庞大、巨大
18,達する,たっする,0,自他サ,到达；达到
18,トランジスターラジオ,transistor radio,8,名,半导体收音机
18,人種,じんしゅ,0,名,某种人；人种
18,ながら族,ながらぞく,,组,边听音乐边学习的人
18,刺す,さす,1,他五,刺杀、行刺
18,重傷,じゅうしょう,0,名,重伤
18,負う,おう,0,他五,负；背
18,真似る,まねる,0,他一,模仿、仿效
18,一概に,いちがいに,2,副,一概、笼统地
18,どれほど,何等、多么,0,副,どれほど
18,いながらにして,,,组,足不出户
18,いろんな,,0,连体,（「色々な」的口语体）各种
18,ギャング,gang,1,名,强盗
18,ごっこ,,,接尾,儿童玩的模仿游戏
18,大けが,おおけが,3,名,重伤、上的厉害
18,漸く,ようやく,0,副,好容易、渐渐地
18,これだけ,これだけ,4,名、副,这么些；唯有这个
18,良かれ悪しかれ,よかれあしかれ,,组,好歹、好也罢坏也罢
18,使いこなす,つかいこなす,5,他五,熟练掌握、运用自如
18,賢い,かしこい,3,形,聪明
18,一度,いちど,0,名,一次
18,癖,くせ,2,名,习惯、习气
18,親父,おやじ,0,名,父亲、老头子
18,到底,とうてい,0,副,（下接否定）怎么也…
18,奴,やつ,1,名,（蔑指）人、家伙
18,修理,しゅうり,1,名、他サ,修缮、修理
18,トランプ,trump,2,名,扑克牌
18,一学期,いちがっき,3,名,一学期
18,なんとなく,なんとなく,4,副,总觉得、无意中
18,チャンネル,channel,0,名,频道
18,つい,,1,副,不禁、不由得
18,奴隷,どれい,0,名,奴隶
18,人物,じんぶつ,1,名,人物
18,大活躍,だいかつやく,4,名、自サ,活跃、大显身手
18,はらはら,はらはら,1,副、自サ,非常担心的样子
18,図,ず,0,名,图表、图
18,望遠鏡,ぼうえんきょう,0,名,望远镜
18,放送局,ほうそうきょく,3,名,广播事业局
18,殺す,ころす,0,他五,杀
18,歌謡曲,かようきょく,2,名,流行歌曲
18,キャーキャー,キャーキャー,1,副,（吵闹声）积极嘎嘎
18,極,ごく,1,副,极其
18,寝不足,ねぶそく,2,名,睡眠不足
18,眠たい,ねむたい,0,形,困倦的、想睡觉的
18,視力,しりょく,1,名,视力
18,衰える,おとろえる,4,自一,衰弱、衰退
18,っぱなし,っぱなし,,接尾,置之不理
18,引き回す,ひきまわす,4,他五,领着…到处游逛、拖着转
18,計画的,けいかくてき,0,形动,有计划的
18,パチッと,パチッと,2,名,吧嗒一声
18,スイッチを切る,switchをきる,,组,关上开关
18,積極的,せっきょくてき,0,形动,积极地