Expo,エクスポ,世博会,名词,,,0,-1,-1,yes,Class1
よりよい,よりよい,更好,词组,,,3,-1,-1,no,Class1
mark,マーク,标记、创造纪录,名词,他サ,,1,-1,-1,yes,Class1
世,よ,社会、人世间,名词,,,1,-1,-1,no,Class1
base,ベース,基本、基础；基地,名词,,,1,-1,-1,yes,Class1
創意,そうい,创意,名词,,,1,-1,-1,no,Class1
加える,くわえる,添加；加入；施加,他一,,,0,-1,-1,no,Class1
数字,すうじ,数字,名词,,,0,-1,-1,no,Class1
巧み,たくみ,精巧、巧妙,名、形动,,,0,-1,-1,no,Class1
組み合わせる,くみあわせる,合在一起、编在一起,他一,,,5,-1,-1,no,Class1
繋がる,つながる,连接、牵连,自五,,,0,-1,-1,no,Class1
抱き合う,だきあう,拥抱,自五,,,3,-1,-1,no,Class1
全人類,ぜんじんるい,全人类,名词,,,3,-1,-1,no,Class1
未来,みらい,未来、将来,名词,,,1,-1,-1,no,Class1
歩む,あゆむ,走,自五,,,2,-1,-1,no,Class1
重ね合わせる,かさねあわせる,重叠在一起,他一,,,6,-1,-1,no,Class1
疎通,そつう,沟通、疏通,名、自サ,,,0,-1,-1,no,Class1
集う,つどう,集合、会合,自五,,,2,-1,-1,no,Class1
理念,りねん,理念,名词,,,1,-1,-1,no,Class1
表現,ひょうげん,表达、表现,名词,他サ,,3,-1,-1,no,Class1
四海,しかい,四海,名词,,,2,-1,-1,no,Class1
宝物,たからもの,宝物,名词,,,0,-1,-1,no,Class1
motif,モチーフ,（作品的）中心思想；（音乐的）主题,名词,,,2,-1,-1,yes,Class1
互いに,たがいに,相互,副词,,,0,-1,-1,no,Class1
支えあう,ささえあう,互相支撑,他五,,,,-1,-1,no,Class1
美しい,うつくしい,美丽的,形容词,,,4,-1,-1,no,Class1
生きる,いきる,活、生存；生活,自一,,,2,-1,-1,no,Class1
造る,つくる,制造,他五,,,2,-1,-1,no,Class1
強調,きょうちょう,强调,名、他サ,,,0,-1,-1,no,Class1
秋山,あきやま,秋山（姓氏）,名词,,,2,-1,-1,no,Class1
volunteer,ボランテイア,志愿者,名词,,,2,-1,-1,yes,Class1
各国,かっこく,各国,名词,,,1,4,-1,no,Class1
pavilion,パビリオン,主题馆、展馆,名词,,,2,-1,-1,yes,Class1
そのとおり,そのとおり,正是那样、完全正确,词组,,,3,-1,-1,no,Class1
life,ライフ,生命、生活、人生,名词,,,1,-1,-1,yes,Class1
調和,ちょうわ,协调、调和、和谐,名、自サ,,,0,-1,-1,no,Class1
自然,しぜん,自然,名、形动、副,,,0,-1,-1,no,Class1
融合,ゆうごう,融合,名、自サ,,,0,-1,-1,no,Class1
logo,ロゴ,（「ロゴタイプ」的略语）联合活字、（公司等）表示图案,名词,,,1,-1,-1,yes,Class1
image,イメージ,形象；印象；影像,名词,,,1,2,-1,yes,Class1
睦まじい,むつまじい,和睦的,形容词,,,4,-1,-1,no,Class1
拡張,かくちょう,扩大；扩充,名、他サ,,,0,-1,-1,no,Class1
文字通り,もじどおり,如字面意思；的的确确,名、副,,,3,-1,-1,no,Class1
国際的,こくさいてき,国际的,形容动词,,,0,-1,-1,no,Class1
event,イベント,事件；活动；集会,名词,,,0,-1,-1,yes,Class1
規模,きぼ,规模,名词,,,1,-1,-1,no,Class1
圧倒,あっとう,折服、压倒,名、他サ,,,0,-1,-1,no,Class1
両岸,りょうがん,两岸,名词,,,0,-1,-1,no,Class1
軸,じく,轴,名词,,,2,-1,-1,no,Class1
冠,かんむり,冠,名词,,,0,-1,-1,no,Class1
雄大,ゆうだい,宏大、雄伟,形容动词,,,0,-1,-1,no,Class1
深い,ふかい,深的,形容词,,,2,-1,-1,no,Class1
感銘,かんめい,感人肺腑；铭刻在心,名、自サ,,,0,-1,-1,no,Class1
支持,しじ,支持,名、他サ,,,1,-1,-1,no,Class1
援助,えんじょ,帮助、支援,名、他サ,,,1,-1,-1,no,Class1
切り離す,きりはなす,割开、剪开；割裂,他五,,,4,0,-1,no,Class1
愛知,あいち,（地名）,专有名词,,,1,-1,-1,no,Class1
応用文,おうようぶん,应用文,名词,,,3,-1,-1,no,Class1
staff,スタッフ,部门负责人、干部、职员,名词,,,2,-1,-1,yes,Class1
憧れる,あこがれる,向往,自一,,,0,-1,-1,no,Class1
夢見る,ゆめみる,做梦、空想,自一,,,3,-1,-1,no,Class1
知り合う,しりあう,互相认识,自五,,,2,-1,-1,no,Class1
異文化,いぶんか,不同文化,名词,,,2,-1,-1,no,Class1
方々,かたがた,各位,名词,,,2,-1,-1,no,Class1
元気づける,げんきづける,鼓励、大气、使精神振奋,他一,,,5,-1,-1,no,Class1
架け橋,かけはし,梯子；桥梁,名词,,,2,-1,-1,no,Class1
願う,ねがう,希望；恳求、祈祷,他五,,,2,-1,-1,no,Class1
円滑,えんかつ,顺利地,形容动词,,,0,-1,-1,no,Class1
選考,せんこう,选拔、遴选,名、他サ,,,0,-1,-1,no,Class1
pass,パス,通过、合格,名、自他サ,,,1,-1,-1,yes,Class1
level up,レベル·アップ,提高水平,名词,,,4,-1,-1,yes,Class1
来場者,らいじょうしゃ,到场者、与会者,名词,,,0,-1,-1,no,Class1
配付,はいふ,分发,名、他サ,,,0,-1,-1,no,Class1
迷子,まいご,迷路；走丢的孩子,名词,,,1,-1,-1,no,Class1
呼び出しにん,よびだしにん,寻人者；被传唤者,名词,,,0,-1,-1,no,Class1
対応,たいおう,对应、相应、应付,名、自サ,,,0,-1,-1,no,Class1
担当,たんとう,担任、担当?,名、他サ,,,0,-1,-1,no,Class1
基本,きほん,基本,名词,,,0,-1,-1,no,Class1
笑顔,えがお,笑脸,名词,,,1,-1,-1,no,Class1
仕方,しかた,做法；行为举止,名词,,,0,-1,-1,no,Class1
立ち居,たちい,起居,名词,,,2,-1,-1,no,Class1
振る舞い,ふるまい,举止、动作,名词,,,0,-1,-1,no,Class1
barrier free,バリア·フリー,无障碍设施,名词,,,5,-1,-1,yes,Class1
気配り,きくばり,多方注意、照料,名、自サ,,,2,-1,-1,no,Class1
救急,きゅうきゅう,急救,名词,,,0,-1,-1,no,Class1
至る,いたる,到、至,自五,,,2,-1,-1,no,Class1
開幕,かいまく,开演、开幕、开场,名、自サ,,,0,-1,-1,no,Class1
本番,ほんばん,正式,名词,,,0,-1,-1,no,Class1
自信,じしん,自信,名词,,,0,-1,-1,no,Class1
十人十色,じゅうにんといろ,十人十样、人各不同,名词,,,1,-1,-1,no,Class1
manual,マニュアル,手册、便览、指南,名词,,,0,-1,-1,yes,Class1
場所,ばしょ,场所,名词,,,0,-1,-1,no,Class1
役割,やくわり,作用；任务,名词,,,0,-1,-1,no,Class1
臨機応変,りんきおうへん,随机应变,名、形动,,,1,-1,-1,no,Class1
絶やす,たやす,绝、尽,他五,,,2,-1,-1,no,Class1
役,やく,工作、职务；角色,名词,,,2,-1,-1,no,Class1
務める,つとめる,担任,他一,,,3,-1,-1,no,Class1
不機嫌,ふきげん,不高兴、不开心,形容动词,,,2,-1,-1,no,Class1
にこっと,にこっと,嫣然一笑,副、自サ,,,2,-1,-1,no,Class1
満足,まんぞく,心满意足,名、形动、自サ,,,1,-1,-1,no,Class1
魅力,みりょく,魅力,0名,,,,-1,-1,no,Class1
疲れきる,つかれきる,疲惫不堪,自五,,,4,-1,-1,no,Class1
誓う,ちかう,宣誓?,他五,,,2,-1,-1,no,Class1
緊張感,きんちょうかん,紧张感,名词,,,4,-1,-1,no,Class1
あっという間に,あっというまに,一瞬间,副词,,,1,0,-1,no,Class1
貴重,きちょう,宝贵的、贵重的,形容动词,,,0,-1,-1,no,Class1
道具,どうぐ,道具、工具,名词,,,3,-1,-1,no,Class2
でんしmail,電子メール,电子邮件,名词,,,4,-1,-1,yes,Class2
恋人,こいびと,恋人,名词,,,0,-1,-1,no,Class2
gift,ギフト,礼物、赠品,名词,,,1,-1,-1,yes,Class2
愛情,あいじょう,爱情,名词,,,0,-1,-1,no,Class2
伝わる,つたわる,传入；流传,自五,,,0,-1,-1,no,Class2
他人,たにん,他人,名词,,,0,-1,-1,no,Class2
専門用語,せんもんようご,专业用语,名词,,,5,-1,-1,no,Class2
click,クリック,点击、单击,名、他サ,,,2,-1,-1,yes,Class2
画面,がめん,画面,名词,,,1,-1,-1,no,Class2
入力,にゅうりょく,输入,名、他サ,,,0,-1,-1,no,Class2
classかい,クラス会,班会,名词,,,3,-1,-1,yes,Class2
打ち合わせ,うちあわせ,商量、碰头,名词,,,0,-1,-1,no,Class2
単なる,たんなる,只是、仅仅是,连体词,,,1,-1,-1,no,Class2
感じる,かんじる,感到、觉得；感动,自他一,,,0,-1,-1,no,Class2
書き添える,かきそえる,附带写上,他一,,,4,-1,-1,no,Class2
友情,ゆうじょう,友情,名词,,,0,-1,-1,no,Class2
深まる,ふかまる,加深、变深,自五,,,3,-1,-1,no,Class2
気兼ね,きがね,顾虑、在意,名、自サ,,,0,-1,-1,no,Class2
要る,いる,需要,自五,,,0,-1,-1,no,Class2
幹事,かんじ,干事,名词,,,1,-1,-1,no,Class2
例年,れいねん,往年,名词,,,0,-1,-1,no,Class2
案内状,あんないじょう,通知；邀请函,名词,,,0,-1,-1,no,Class2
格式ばる,かくしきばる,拘泥于形式,自五,,,5,-1,-1,no,Class2
確か,たしか,确实、可靠；确实是,形动、副,,,1,-1,-1,no,Class2
毎回,まいかい,每次,名词,,,0,-1,-1,no,Class2
form,フオーム,形式、样式；姿势,名词,,,1,-1,-1,yes,Class2
address,アドレス,地址、住址,名词,,,1,-1,-1,yes,Class2
だだし,だだし,但是、不过,接词,,,1,-1,-1,no,Class2
件名,けんめい,文件名,名词,,,0,-1,-1,no,Class2
大仕事,おおしごと,重要的工作、费事的工作,名词,,,3,-1,-1,no,Class2
目に付く,めにつく,显眼、引人注目,词组,,,,-1,-1,no,Class2
可能性,かのうせい,可能性,名词,,,0,-1,-1,no,Class2
迷惑,めいわく,麻烦、为难、烦扰,名、自サ、形动,,,1,-1,-1,no,Class2
soft,ソフト,软件；柔软,名、形动,,,2,-1,-1,yes,Class2
いたちごっこ,いたちごっこ,捏手背游戏；拉锯战,名词,,,4,-1,-1,no,Class2
済ませる,すませる,做完、办完、处理完,他一,,,3,-1,-1,no,Class2
きちんと,きちんと,整洁干净、整整齐齐；准时地；好好地,副词,,,2,-1,-1,no,Class2
書面,しょめん,书面,名词,,,0,-1,-1,no,Class2
通知  、,つうち,通知,名、他サ,,,0,-1,-1,no,Class2
のうtraining boom,脳トレブーム,健脑热,名词,,,5,-1,-1,yes,Class2
自ら,みずから,自己；亲自,名、副,,,1,-1,-1,no,Class2
科学者,かがくしゃ,科学家,名词,,,2,-1,-1,no,Class2
卵,たまご,鸡蛋；…之星、未来的…,名词,,,2,-1,-1,no,Class2
名乗る,なのる,自报姓名；自称,他五,,,2,-1,-1,no,Class2
男性,だんせい,男性,名词,,,0,-1,-1,no,Class2
右隣,みぎどなり,右邻,名词,,,3,-1,-1,no,Class2
女性,じょせい,女性,名词,,,0,-1,-1,no,Class2
投げかける,なげかける,质疑、提问,他一,,,4,-1,-1,no,Class2
医科大学,いかだいがく,医科大学,名词,,,3,-1,-1,no,Class2
教授,きょうじゅ,教授,名词,,,0,-1,-1,no,Class2
考案,こうあん,设计、研究,名、他サ,,,0,-1,-1,no,Class2
のうtraining game,脳トレーニングゲーム,健脑游戏,名词,,,9,-1,-1,yes,Class2
だいbreak,大ブレーク,大受欢迎,名、自サ,,,4,-1,-1,yes,Class2
今や,いまや,此刻,副词,,,1,-1,-1,no,Class2
策,さく,策略、对策,名词,,,1,-1,-1,no,Class2
中高年層,ちゅうこうねんそう,中老年层,名词,,,5,-1,-1,no,Class2
絶大,ぜつだい,极大的、巨大的,名、形动,,,0,-1,-1,no,Class2
誇る,ほこる,自豪、夸耀,他五,,,2,-1,-1,no,Class2
表情,ひょうじょう,表情,名词,,,3,-1,-1,no,Class2
退化,たいか,退化,名、自サ,,,1,-1,-1,no,Class2
危機感,ききかん,危机感,名词,,,2,-1,-1,no,Class2
算盤,そろばん,算盘,名词,,,0,-1,-1,no,Class2
弾く,はじく,打；弹,他五,,,2,-1,-1,no,Class2
簿記,ぼき,簿记,名词,,,1,-1,-1,no,Class2
手仕事,てしごと,手工艺,名词,,,2,-1,-1,no,Class2
統計表,とうけいひょう,统计表,名词,,,0,-1,-1,no,Class2
事務,じむ,事物、业务,名词,,,1,-1,-1,no,Class2
上,じょう,关于…、…上,上,,,1,-1,-1,no,Class2
暗算,あんざん,心算,名、他サ,,,0,-1,-1,no,Class2
暗記,あんき,背诵、记住,名、他サ,,,0,-1,-1,no,Class2
関する,かんする,关于、有关,自サ,,,3,-1,-1,no,Class2
能力,のうりょく,能力,名词,,,1,-1,-1,no,Class2
無用の長物,むようのちょうぶつ,无用之物,词组,,,5,-1,-1,no,Class2
その分,そのぶん,同样程度、同样的情况,名词,,,2,-1,-1,no,Class2
怠慢,たいまん,怠慢、玩忽,名、形动,,,0,-1,-1,no,Class2
頼る,たよる,依靠、借助,自他五,,,2,-1,-1,no,Class2
計算,けいさん,计算,名、他サ,,,0,-1,-1,no,Class2
おぼつかない,おぼつかない,没有把握、靠不住,形容词,,,0,-1,-1,no,Class2
両隣,りょうどなり,两邻、左右邻,名词,,,3,-1,-1,no,Class2
ぼやく,ぼやく,嘟囔、发牢骚,自五,,,2,-1,-1,no,Class2
飲み会,のみかい,饮酒会,名词,,,0,-1,-1,no,Class2
またもや,またもや,又,副词,,,2,-1,-1,no,Class2
話しに花が咲く,はなしにはながさく,谈兴正浓、越谈越起劲,惯,,,,-1,-1,no,Class2
ついでに,ついでに,顺便、顺子,副词,,,0,-1,-1,no,Class2
脳内,のうない,脑内,名词,,,1,-1,-1,no,Class2
site,サイト,网站；位置、站点,名词,,,1,-1,-1,yes,Class2
あたる,あたる,命中、猜中,自五,,,0,-1,-1,no,Class2
挑戦,ちょうせん,挑战,名、自サ,,,0,-1,-1,no,Class2
それだけ,それだけ,相应的、那么多,名词,副词,,0,-1,-1,no,Class2
沸騰,ふっとう,沸腾,名、自サ,,,0,-1,-1,no,Class2
ついに,ついに,终于、最终,副词,,,1,-1,-1,no,Class2
数日後,すうじつご,几天后,名词,,,0,-1,-1,no,Class2
解明,かいめい,弄清、阐明,名、他サ,,,0,-1,-1,no,Class2
題する,だいする,命题、命名,自サ,,,3,-1,-1,no,Class2
page,ぺージ,页,名词,,,0,-1,-1,yes,Class2
映し出す,うつしだす,映出、呈现出,他五,,,4,-1,-1,no,Class2
ほぼ,ほぼ,大体、大数、大略,副词,,,1,-1,-1,no,Class2
取り囲む,とりかこむ,包围、环境,他五,,,0,-1,-1,no,Class2
元来,がんらい,本来、原来,副词,,,1,-1,-1,no,Class2
遊び人,あそびにん,游手好闲的人、喜好游玩的人,名词,,,0,-1,-1,no,Class2
妙,みょう,奇妙、不可思议；奇特,形容动词,,,1,-1,-1,no,Class2
納得,なっとく,领会、理解,名、他サ,,,0,-1,-1,no,Class2
新た,あらた,新的；重新,形容动词,,,1,-1,-1,no,Class2
開設,かいせつ,开设,名、他サ,,,0,-1,-1,no,Class2
fetishism image,フエチイメージ,物恋意像,ming,,,4,-1,-1,yes,Class2
challange,チャレンジ,挑战,名、自サ,,,3,-1,-1,yes,Class2
腰を抜かす,こしをぬかす,（因害怕、吃惊等）瘫软、站不起来,惯,,,,-1,-1,no,Class2
驚かす,おどろかす,使吃惊、惊动,他五,,,4,-1,-1,no,Class2
埋め尽くす,うめつくす,填满,他五,,,4,-1,-1,no,Class2
ほんの,ほんの,一点点、些许,连体词,,,0,-1,-1,no,Class2
費やす,ついやす,话费、耗费；浪费,他五,,,3,-1,-1,no,Class2
結局,けっきょく,结果、结局,名、副,,,0,-1,-1,no,Class2
足,そく,双,接尾,,,,-1,-1,no,Class2
買い込む,かいこむ,大量买入?,他五,,,3,-1,-1,no,Class2
鞭打つ,むちうつ,鞭打；鞭策む,自他五,,,1,-1,-1,no,Class2
寄り道,よりみち,绕道；顺路到,名、自サ,,,0,-1,-1,no,Class2
brand,ブランド,商标、品牌,名词,,,0,-1,-1,yes,Class2
洋服,ようふく,西服,名词,,,0,-1,-1,no,Class2
earring,イヤリング,耳环,名词,,,1,-1,-1,yes,Class2
帰途につく,きとにつく,踏上归途,词组,,,,-1,-1,no,Class2
予測,よそく,预测,名、他サ,,,0,-1,-1,no,Class2
うそ,うそ,说谎、吹牛,名词,,,1,-1,-1,no,Class2
叫ぶ,さけぶ,大叫、呼喊,他五,,,2,-1,-1,no,Class2
真剣,しんけん,认真地,形容动词,,,0,-1,-1,no,Class2
通信,つうしん,通讯,名词,,,0,-1,-1,no,Class3
回線,かいせん,线路,名词,,,0,-1,-1,no,Class3
通話,つうわ,通话,名词,,,0,-1,-1,no,Class3
web,ウエブ,互联网、网页,名词,,,1,-1,-1,yes,Class3
速度,そくど,速度,名词,,,1,-1,-1,no,Class3
up,アップ,提高、上涨,名、自他サ,,,1,-1,-1,yes,Class3
飛躍的,ひやくてき,飞跃的,形容动词,,,0,-1,-1,no,Class3
power up,パワーアップ,提高能力,名词,自サ,,4,-1,-1,yes,Class3
call,コール,呼叫；打电话、电话传呼,名词,,,1,-1,-1,yes,Class3
mail,メール,邮件,名词,,,1,-1,-1,yes,Class3
大容量,だいようりょう,大容量,名词,,,1,-1,-1,no,Class3
mail art,メールアート,邮件艺术,名词,,,4,-1,-1,yes,Class3
画像,がぞう,肖像画、图像,名词,,,0,-1,-1,no,Class3
挿入,そうにゅう,插入,名、他サ,,,0,-1,-1,no,Class3
複数,ふくすう,复数,名词,,,3,-1,-1,no,Class3
slide,スライド,幻灯片；（经济）浮动,名词,,,0,-1,-1,yes,Class3
original mail,オリジナルメール,个性邮件,名词,,,6,-1,-1,yes,Class3
高音質,こうおんしつ,高音质,名词,,,3,-1,-1,no,Class3
大迫力,だいはくりょく,很能打动人心,名词,,,3,-1,-1,no,Class3
game,ゲーム,游戏,名词,,,1,-1,-1,yes,Class3
世代,せだい,一代,名词,,,1,-1,-1,no,Class3
exciting,エキサイティング,激动人心的、使人兴奋的,形容动词,,,3,-1,-1,yes,Class3
国内,こくない,国内,名词,,,2,-1,-1,no,Class3
送受信,そうじゅしん,（电信、无线电等）发送和接受,名词,,,3,-1,-1,no,Class3
多彩,たさい,色彩缤纷、丰富多彩,名、形动,,,0,-1,-1,no,Class3
arrange,アレンジ,排列、整理、分类,名词,,,2,-1,-1,yes,Class3
original,オリジナル,独创的、新颖的、耳目一新的,名、形动,,,2,-1,-1,yes,Class3
数秒,すうびょう,数秒,名词,,,0,-1,-1,no,Class3
切り替える,きりかえる,切换、转换、改换,他一,,,4,-1,-1,no,Class3
melody,メロデイー,旋律,名词,,,1,-1,-1,yes,Class3
添付,てんぷ,添上、附上,名、他サ,,,1,-1,-1,no,Class3
着うた,ちゃくうた,手机歌曲、彩铃,名词,,,0,-1,-1,no,Class3
full,フル,最大限度；整个、全部,名、形动,,,1,-1,-1,yes,Class3
artist,アーテイスト,艺术家、（尤指）美术家、演奏家,名词,,,1,-1,-1,yes,Class3
歌声,うたごえ,歌声,名词,,,0,-1,-1,no,Class3
そのまま,そのまま,照原样、原封不动,副、名,,,0,-1,-1,no,Class3
着信,ちゃくしん,（通信、电信等）抵达,名、自サ,,,0,-1,-1,no,Class3
お馴染み,おなじみ,熟识（的人）、老相识,名词,,,0,-1,-1,no,Class3
楽曲,がっきょく,乐曲,名词,,,0,-1,-1,no,Class3
一曲,いっきょく,一曲,名词,,,4,-1,-1,no,Class3
まるごと,まるごと,整个、完整,副词,,,0,-1,-1,no,Class3
download,ダウンロード,下载,名词,,,4,-1,-1,yes,Class3
record,レコード,（体育）成绩、最高纪录；唱片,名词,,,2,-1,-1,yes,Class3
直営,ちょくえい,直接经营,名、他サ,,,0,-1,-1,no,Class3
話題曲,わだいきょく,主题曲,名词,,,3,-1,-1,no,Class3
満載,まんさい,满载,名、他サ,,,0,-1,-1,no,Class3
comic,コミック,漫画；滑稽的、喜剧的,名词,,,1,-1,-1,yes,Class3
懐かしい,なつかしい,怀念的、思念的,形容词,,,4,-1,-1,no,Class3
名作,めいさく,名作,名词,,,0,-1,-1,no,Class3
気軽,きがる,轻松的,形容动词,,,0,-1,-1,no,Class3
idol,アイドル,偶像,名词,,,1,-1,-1,yes,Class3
写真集,しゃしんしゅう,写真集,名词,,,2,-1,-1,no,Class3
gravure queen,グラビアクイーン,凹印女明星照,名词,,,6,-1,-1,yes,Class3
割込み,わりこみ,硬插进去,名词,,,0,-1,-1,no,Class3
別,べつ,另外、不同；特别,名、形动,,,0,-1,-1,no,Class3
登録,とうろく,注册登记,名、他サ,,,0,-1,-1,no,Class3
block,ブロック,块、地区、区域；阻挡,名、他サ,,,2,-1,-1,yes,Class3
応答,おうとう,应答,名、自サ,,,0,-1,-1,no,Class3
service area,サービスエリア,（电信等）服务区,名词,,,5,-1,-1,yes,Class3
屋内,おくない,房子内、屋内,名词,,,2,-1,-1,no,Class3
届く,とどく,送到、够得到,自五,,,2,-1,-1,no,Class3
困難,こんなん,困难,名、形动,,,1,-1,-1,no,Class3
移動,いどう,移动,名、自他サ,,,0,-1,-1,no,Class3
途切れる,とぎれる,终端、间断,自一,,,3,-1,-1,no,Class3
留意,りゅうい,留意、注意,名、自サ,,,1,-1,-1,no,Class3
乗り物,のりもの,交通工具,名词,,,0,-1,-1,no,Class3
digital,デジタル,数字的,名词,,,1,-1,-1,yes,Class3
秘話性,ひわせい,私密性,名词,,,0,-1,-1,no,Class3
盗聴,とうちょう,窃听、偷听,名、他サ,,,0,-1,-1,no,Class3
誤る,あやまる,错了、弄错；判断错误,自他五,,,3,-1,-1,no,Class3
情報,じょうほう,信息,名词,,,0,-1,-1,no,Class3
消失,しょうしつ,消失,名、自サ,,,0,-1,-1,no,Class3
損害,そんがい,损害,名词,,,0,-1,-1,no,Class3
最小限,さいしょうげん,最低限度、最小范围,名词,,,3,-1,-1,no,Class3
addressちょう,アドレス帳,地址簿,名词,,,0,-1,-1,yes,Class3
data,データ,数据,名词,,,1,-1,-1,yes,Class3
控えを取る,ひかえをとる,留底子,词组,,,,-1,-1,no,Class3
長時間,ちょうじかん,长时间,名词,,,3,-1,-1,no,Class3
高温,こうおん,高温,名词,,,0,-1,-1,no,Class3
禁止,きんし,禁止,名、他サ,,,0,-1,-1,no,Class3
航空機,こうくうき,飞机,名词,,,3,-1,-1,no,Class3
運航,うんこう,航行,名、自サ,,,0,-1,-1,no,Class3
支障,ししょう,障碍,名词,,,0,-1,-1,no,Class3
来たす,きたす,带来、招致、造成,他五,,,2,-1,-1,no,Class3
恐れ,おそれ,恐惧、害怕,名词,,,3,-1,-1,no,Class3
極端,きょくたん,极端的,名、形动,,,3,-1,-1,no,Class3
低温,ていおん,低温低温,名词,,,0,-1,-1,no,Class3
多湿,たしつ,潮湿、多湿,名、形动,,,0,-1,-1,no,Class3
直射,ちょくしゃ,直射,名、自他サ,,,0,-1,-1,no,Class3
日光,にっこう,阳光、日光,名词,,,1,-1,-1,no,Class3
埃,ほこり,尘埃,名词,,,0,-1,-1,no,Class3
落とす,おとす,使落下、摔下；去掉,他五,,,2,-1,-1,no,Class3
衝撃,しょうげき,冲击、冲撞；打击,名词,,,0,-1,-1,no,Class3
与える,あたえる,给予；使承受,他一,,,0,-1,-1,no,Class3
手入れ,ていれ,休整、维修,名、他サ,,,3,-1,-1,no,Class3
乾く,かわく,干燥,自五,,,2,-1,-1,no,Class3
柔らかい,やわらかい,柔软的、柔和的,形容词,,,4,-1,-1,no,Class3
拭く,ふく,擦,他五,,,0,-1,-1,no,Class3
benzine,ベンジン,挥发油、轻质汽油,名词,,,1,-1,-1,yes,Class3
褪せる,あせる,褪色,自一,,,2,-1,-1,no,Class3
及び,および,和、及,接词,,,0,-1,-1,no,Class3
湿気,しっけ,湿气,名词,,,0,-1,-1,no,Class3
濡らす,ぬらす,淋湿,他五,,,0,-1,-1,no,Class3
撮影,さつえい,摄影、照相,名、他サ,,,0,-1,-1,no,Class3
著作権,ちょさくけん,著作权,名词,,,2,-1,-1,no,Class3
許諾,きょだく,许诺,名、他サ,,,0,-1,-1,no,Class3
得る,える,得到、到手；获得,他一,,,1,-1,-1,no,Class3
転送,てんそう,转送、转寄,名、他サ,,,0,-1,-1,no,Class3
肖像権,しょうぞうけん,肖像权,名词,,,3,-1,-1,no,Class3
認める,みとめる,承认、认可；认定、断定,他一,,,4,-1,-1,no,Class3
人格権,じんかくけん,人权,名词,,,3,-1,-1,no,Class3
talent,タレント,大众媒体的演员、歌星、主持人等,名词,,,0,-1,-1,yes,Class3
経済的,けいざいてき,经济上的,形容动词,,,0,-1,-1,no,Class3
着目,ちゃくもく,着眼,名、自サ,,,0,-1,-1,no,Class3
財産権,ざいさんけん,财产权,名词,,,3,-1,-1,no,Class3
公開,こうかい,公开,名、他サ,,,0,-1,-1,no,Class3
違法,いほう,违法,名词,,,0,-1,-1,no,Class3
適切,てきせつ,妥当、恰当、适当、确切,名、形动,,,0,-1,-1,no,Class3
film,フイルム,胶卷,名词,,,1,-1,-1,yes,Class4
手にする,てにする,拿在手上；自己掌握,词组,,,,-1,-1,no,Class4
保存,ほぞん,保存,名、他サ,,,0,-1,-1,no,Class4
自宅,じたく,自己的住宅,名词,,,0,-1,-1,no,Class4
point out,プリントアウト,用电脑打印出来；打印件,名词,,,5,-1,-1,yes,Class4
memory card,メモリーカード,存储卡,名词,,,5,-1,-1,yes,Class4
記録,きろく,记录,名、他サ,,,0,-1,-1,no,Class4
消去,しょうきょ,抹掉、涂掉、消去,名、他サ,,,1,-1,-1,no,Class4
臆す,おくす,（「臆する」的文语）害怕、胆怯,自五,,,2,-1,-1,no,Class4
街角,まちかど,街角、街头,名词,,,0,-1,-1,no,Class4
見かける,みかける,偶尔看到、发现,他一,,,0,-1,-1,no,Class4
看板,かんばん,招牌；大招牌的人（物）,名词,,,0,-1,-1,no,Class4
写す,うつす,临摹；仿造,他五,,,2,-1,-1,no,Class4
時刻表,じこくひょう,（铁路等的）时刻表,名词,,,0,-1,-1,no,Class4
代わり,がわり,替代,接尾,,,,-1,-1,no,Class4
連携  ?,れんけい,联合、合作,名、自サ,,,0,-1,-1,no,Class4
せっかく,せっかく,好不容易、特意；煞费苦心,名、副,,,0,-1,-1,no,Class4
取り込む,とりこむ,拿入、收进；侵吞；拉拢,他五,,,0,-1,-1,no,Class4
鑑賞,かんしょう,鉴赏、欣赏,名、他サ,,,0,-1,-1,no,Class4
旅先,たびさき,旅游目的地,名词,,,0,-1,-1,no,Class4
real time,リアルタイム,即时、同时,名词,,,4,-1,-1,yes,Class4
暑中見舞い,しょちゅうみまい,夏日问候信,名词,,,4,-1,-1,no,Class4
個性,こせい,个性,名词,,,1,-1,-1,no,Class4
この辺,このへん,这里；附近；这种程度,名词,,,0,-1,-1,no,Class4
取り出す,とりだす,拿出、取出、挑出、抽出,他五,,,3,-1,-1,no,Class4
取り上げる  ?,とりあげる,拿起；采纳；剥夺、没收；提出,他一,,,0,-1,-1,no,Class4
shutter,シャッタ,快门,名词,,,1,-1,-1,yes,Class4
flash mode,フラッシュード,闪光灯模式,名词,,,5,-1,-1,yes,Class4
液晶,えきしょう,液晶,名词,,,0,-1,-1,no,Class4
brandpunt 荷,ピント,焦点；要点,名词,,,0,-1,-1,yes,Class4
合わせ,あわせ,合在一起,名词,,,3,-1,-1,no,Class4
zoom,ズーム,（「ズームレンズ」的略语）表焦镜头；对焦镜头,名词,,,1,-1,-1,yes,Class4
倍率,ばいりつ,放大率、倍率,名词,,,0,-1,-1,no,Class4
battery,バッテリー,电池,名词,,,0,-1,-1,yes,Class4
充電,じゅうでん,充电,名、自他サ,,,0,-1,-1,no,Class4
後部,こうぶ,后部,名词,,,1,-1,-1,no,Class4
かちっ,かちっ,（金属等相碰时发出的声音）咔嚓?,副词,,,2,-1,-1,no,Class4
充電器,じゅうでんき,充电器,名词,,,3,-1,-1,no,Class4
concentric plug,コンセント,插座,名词,,,1,-1,-1,yes,Class4
抜く,ぬく,拔掉；除掉；省掉；超过,他五,,,0,-1,-1,no,Class4
memory stick duo,メモリーステイックデュオ,（索尼公司研发的）数码相机储存卡,名词,,,6,-1,-1,yes,Class4
cover,カバー,盖子、套子、罩子,名词,,,1,-1,-1,yes,Class4
別売り,べつうり,分开卖、另卖,名词,,,0,-1,-1,no,Class4
影,かげ,影子,名词,,,1,-1,-1,no,Class4
寄る,よる,偏；靠近；聚在一起；顺便到,自五,,,0,-1,-1,no,Class4
削除,さくじょ,删除、消除,名、他サ,,,1,-1,-1,no,Class4
機種,きしゅ,机型、机种,名词,,,0,-1,-1,no,Class4
頭が上がらない,あたまがあがらない,抬不起头来,惯,,,,-1,-1,no,Class4
従兄弟/従姉妹,いとこ,表兄弟、表姐妹、同兄弟、同姐妹,名词,,,2,-1,-1,no,Class4
のりちゃん,のりちゃん,（人名）小纪、小规、小典,专有名词,,,1,-1,-1,no,Class4
前日,ぜんじつ,前天、前一天,名词,,,0,-1,-1,no,Class4
台風,たいふう,台风,名词,,,3,-1,-1,no,Class4
号,ごう,号,接尾,,,,-1,-1,no,Class4
親戚,しんせき,亲戚,名词,,,0,-1,-1,no,Class4
口々,くちぐち,每个人的嘴,名词,,,2,-1,-1,no,Class4
嫁,よめ,新娘；儿媳妇；媳妇、结婚对象,名词,,,0,-1,-1,no,Class4
飛び出す,とびだす,跑出去；突然出现,自五,,,3,-1,-1,no,Class4
着物姿,きものすがた,穿和服的样子,名词,,,4,-1,-1,no,Class4
かんざし,かんざし,簪子,名词,,,0,-1,-1,no,Class4
パッ（と）,パッ（と）,一闪；一下子；突地、刷地,副词,,,1,-1,-1,no,Class4
flashをたく,フラッシュをたく,打闪光灯,词组,,,,-1,-1,yes,Class4
床の間ま,とこのま,壁龛,名词,,,0,-1,-1,no,Class4
向く,むく,向、朝,他五,,,0,-1,-1,no,Class4
後ろ姿,うしろすがた,背影,名词,,,4,-1,-1,no,Class4
名,めい,名,接头,,,,-1,-1,no,Class4
cameraman,カメラマン,摄影师,名词,,,3,-1,-1,yes,Class4
静岡,しずおか,（地名）,名词,,,2,-1,-1,no,Class4
冷やかす,ひやかす,嘲笑、嘲弄,他五,,,3,-1,-1,no,Class4
保証,ほしょう,担保、打包票,名、他サ,,,0,-1,-1,no,Class4
済み,ずみ,已经完了,接尾,,,2,-1,-1,no,Class4
婿,むこ,女婿、姑爷,名词,,,1,-1,-1,no,Class4
汗,あせ,汗、汗水,名词,,,1,-1,-1,no,Class4
次の日,つぎのひ,第二天,名词,,,2,-1,-1,no,Class4
写真屋,しゃしんや,照相馆,名词,,,0,-1,-1,no,Class4
慌てる,あわてる,惊慌,自一,,,0,-1,-1,no,Class4
大声,おおごえ,大声,名词,,,3,-1,-1,no,Class4
一巻の終わり,いっかんのおわり,完蛋了、无可挽回了,惯,,,,-1,-1,no,Class4
どうした,どうした,怎么,连体词,,,1,-1,-1,no,Class4
動かす,うごかす,使…动起来、开动,他五,,,3,-1,-1,no,Class4
空回り,からまわり,空转；空忙,名、自サ,,,3,-1,-1,no,Class4
お詫び,おわび,道歉、赔罪、请求原谅,名、自サ,,,0,-1,-1,no,Class4
ぼそぼそ,ぼそぼそ,叽叽咕咕地；干巴巴,副词,,,1,-1,-1,no,Class4
がっかり,がっかり,失望,副、自サ,,,3,-1,-1,no,Class4
とうとう,とうとう,终于,副词,,,1,-1,-1,no,Class4
今のところ,いまのところ,目前、眼前；眼下,名词,,,0,-1,-1,no,Class4
節をつける,ふしをつける,仰扬顿挫,词组,,,,-1,-1,no,Class4
ご免,ごめん,对不起、请原谅；（拒绝）不干,叹词,,,0,-1,-1,no,Class4
逃げ出す,にげだす,逃掉、溜掉,自五,,,3,-1,-1,no,Class4
Disneyland,デイズニーランド,迪士尼乐园,专有名词,,,5,-1,-1,yes,Class5
動画,どうが,动画,名词,,,0,-1,-1,no,Class5
製作者,せいさくしゃ,制作者,名词,,,3,-1,-1,no,Class5
Walter Disney,ウオルト?デイズニー,沃尔特·迪士尼,专有名词,,,0,1,-1,yes,Class5
動物,どうぶつ,动物,名词,,,0,-1,-1,no,Class5
擬人化,ぎじんか,拟人化,名、他サ,,,0,-1,-1,no,Class5
収める,おさめる,取得,他一,,,3,-1,-1,no,Class5
キャラクタ,查让擦突然,卡通人物,名词,,,2,-1,-1,no,Class5
Mickey Mouse,ミッキー?マウス,米老鼠,专有名词,,,5,-1,-1,yes,Class5
丸い,まるい,圆的,形容词,,,0,-1,-1,no,Class5
耳,みみ,耳朵,名词,,,2,-1,-1,no,Class5
円ら,つぶら,园、溜圆,形容动词,,,0,-1,-1,no,Class5
瞳,ひとみ,眼珠,名词,,,0,-1,-1,no,Class5
しぐさ,しぐさ,动作、举止；做派、做功,名词,,,1,-1,-1,no,Class5
Donald Duck,ドナルド·ダック,唐老鸭,专有名词,,,5,-1,-1,yes,Class5
出演,しゅつえん,出、表演,名、自サ,,,0,-1,-1,no,Class5
誇る,ほこる,自豪、夸耀,他五,,,2,-1,-1,no,Class5
短気,たんき,急性子,名、形动,,,1,-1,-1,no,Class5
自己中心的,じこちゅうしんてき,自我中心的,形容动词,,,0,-1,-1,no,Class5
負けず嫌い,まけずぎらい,好强,名、形动,,,4,-1,-1,no,Class5
あらゆる,あらゆる,所有的,连体词,,,3,-1,-1,no,Class5
1騒動,そうどう,动乱、闹事,名词,,,1,-1,-1,no,Class5
引き起こす,ひきおこす,引起,他五,,,4,-1,-1,no,Class5
憎む,にくむ,憎恨,他五,,,2,-1,-1,no,Class5
性格,せいかく,性格,名词,,,0,-1,-1,no,Class5
数多く,かずおおく,为数众多,、副,,,1+1,-1,-1,no,Class5
information,インフオメーション,情报、信息、数据；问讯处,名词,,,4,-1,-1,yes,Class5
guest,グスト,客人、嘉宾；（广播、电视）特约演员,名词,,,1,-1,-1,yes,Class5
見どころ,みどころ,值得一看的地方,名词,,,0,-1,-1,no,Class5
staff,スタッフ,职员、工作人员,名词,,,2,-1,-1,yes,Class5
park,パーク,公园,名词,,,1,-1,-1,yes,Class5
guide tour,ガイド·ッアー,有导游的旅游,名词,,,4,-1,-1,yes,Class5
入園,にゅうえん,入园,名词,,,0,-1,-1,no,Class5
advice,アドバイス,建议、忠告,名、自サ,,,1,-1,-1,yes,Class5
guide map,ガイド·マップ,导游图,名词,,,4,-1,-1,yes,Class5
show,ショー,展览；表演,名词,,,1,-1,-1,yes,Class5
花火,はなび,焰火,名词,,,1,-1,-1,no,Class5
parade,パレード,游行队列表演；阅兵式,名、自サ,,,2,-1,-1,yes,Class5
musical,ミュージカル,音乐的；音乐剧,名词,,,1,-1,-1,yes,Class5
上演,じょうえん,上演,名、他サ,,,0,-1,-1,no,Class5
様々,さまざま,各种各样的,名、形动,,,2,-1,-1,no,Class5
entertainment,エンターテイメント,娱乐、余兴；演义,名词,,,5,-1,-1,yes,Class5
叶う,かなう,实现,自五,,,2,-1,-1,no,Class5
character greeting,キャラクター·グリーテイング,卡通人物迎客,名词,,,1+2,-1,-1,yes,Class5
実施,じっし,实施,名、他サ,,,0,-1,-1,no,Class5
attraction,アトラクション,吸引客人的节目,名词,,,3,-1,-1,yes,Class5
至るところ,いたるところ,到处,词组,,,2,-1,-1,no,Class5
笑顔,えがお,笑颜,名词,,,1,-1,-1,no,Class5
握手,あくしゅ,握手,名、自サ,,,1,-1,-1,no,Class5
はぐれる,はぐれる,失散、走失,自一,,,3,-1,-1,no,Class5
落し物,おとしもの,遗失物,名词,,,0,-1,-1,no,Class5
救護室,きゅうごしつ,救护室,名词,,,3,-1,-1,no,Class5
pet,ペット,宠物,名词,,,1,-1,-1,yes,Class5
coin locker,コイン·ロッカー,投币存放柜,名词,,,4,-1,-1,yes,Class5
向け,むけ,面向…,接尾,,,,-1,-1,no,Class5
配慮,はいりょ,心、照顾,名、他サ,,,1,-1,-1,no,Class5
細やか,こまやか,细小的、具体的、周到的,形容动词,,,2,-1,-1,no,Class5
思い出,おもいで,回忆,名词,,,0,-1,-1,no,Class5
plan,プラン,计划,名词,,,1,-1,-1,yes,Class5
別れる,わかれる,分别、分开,自一,,,3,-1,-1,no,Class5
くよくよ,くよくよ,闷闷不乐、忧心忡忡,副、自サ,,,1,-1,-1,no,Class5
別々,べつべつ,分别、各自,名、形动,,,0,-1,-1,no,Class5
進路,しんろ,前进方向、发展方向,名词,,,1,-1,-1,no,Class5
歩む,あゆむ,走,自五,,,2,-1,-1,no,Class5
何時までも,いつまでも,永远,副词,,,1,-1,-1,no,Class5
計画,けいかく,计划,名词,,,0,-1,-1,no,Class5
start,スタート,开始；出发；启动,名、自サ,,,2,-1,-1,yes,Class5
花壇,かだん,花坛,名词,,,1,-1,-1,no,Class5
揃う,そろう,齐全；一致；备齐,自五,,,2,-1,-1,no,Class5
spot,スポット,点；场所、地点,名词,,,2,-1,-1,yes,Class5
おさえる,おさえる,抓住,他一,,,3,-1,-1,no,Class5
omnibus,オムニバス,公共汽（马）车；短片集锦,名词,,,3,-1,-1,yes,Class5
plaza  西,プラザ,广场,名词,,,2,-1,-1,yes,Class5
周遊  ?,しゅうゆう,名、自サ,周游,,,0,-1,-1,no,Class5
shot,ショット,拍照、拍摄；镜头,名词,,,1,-1,-1,yes,Class5
New York\,ニューヨーク,（美国）纽约,名词,,,3,-1,-1,yes,Class5
五番街,ごばんがい,（美国纽约市的）第五大道,名词,,,2,-1,-1,no,Class5
再現  再现?,さいげん,再现,名、他サ,,,0,-1,-1,no,Class5
Cinderellaじょう,シンデレラ城,灰姑娘城,专有名词,,,5,-1,-1,yes,Class5
運良く,うんよく,运气、侥幸地,副词,,,1,-1,-1,no,Class5
ばっちり,ばっちり,完美的、无可挑剔的,副词,,,3,-1,-1,no,Class5
boat,ボート,小船、小艇,名词,,,1,-1,-1,yes,Class5
秘境,ひきょう,秘境,,,,,-1,-1,no,Class5
巡る,めぐる,巡游；循环；围绕,自五,,,0,-1,-1,no,Class5
jungle cruise,ジャングル．クルーズ,丛林巡航,名词,,,6,-1,-1,yes,Class5
skipper,スキッパー,斯克巴（小船船长）,专有名词,,,2,-1,-1,yes,Class5
guide,ガイド,指南；导游；方针,名、他サ,,,1,-1,-1,yes,Class5
船長,せんちょう,船长,名词,,,1,-1,-1,no,Class5
密林,みつりん,密林,名词,,,0,-1,-1,no,Class5
覆う,おおう,蒙上、盖上；笼罩,他五,,,0,-1,-1,no,Class5
冒険,ぼうけん,冒险,名、自サ,,,0,-1,-1,no,Class5
thrill,スリル,惊险,名词,,,1,-1,-1,yes,Class5
満点,まんてん,满分、完美无缺,名词,,,3,-1,-1,no,Class5
tour,ツアー,旅游团；周游,名词,,,1,-1,-1,yes,Class5
途中,とちゅう,途中,名词,,,0,-1,-1,no,Class5
ジャンケン,ジャンケン,猜拳、划拳,名词,,,3,-1,-1,no,Class5
加わる,くわわる,加上；参加,自五,,,0,-1,-1,no,Class5
Africa,アフリカ,非洲,专有名词,,,0,-1,-1,yes,Class5
象,ぞう,象,名词,,,1,-1,-1,no,Class5
two-shot,ツーショット,二人照,名词,,,3,-1,-1,yes,Class5
western land,ウエスタン·ランド,西部大地,专有名词,,,6,-1,-1,yes,Class5
なりきり,なりきり,完全进入角色,名词,,,0,-1,-1,no,Class5
西部,せいぶ,西部,名词,,,1,-1,-1,no,Class5
開拓,かいたく,开垦、开荒；开拓；开辟,名、他サ,,,0,-1,-1,no,Class5
背景,はいけい,背景,名词,,,0,-1,-1,no,Class5
western style,ウエスタン·スタイル,西部式的,名词,,,7,-1,-1,yes,Class5
costume,コスチューム,服装、装束；戏装、古装,名词,,,1,-1,-1,yes,Class5
cowboy,カウボーイ,牛仔,名词,,,3,-1,-1,yes,Class5
貴婦人,きふじん,贵妇人,名词,,,2,-1,-1,no,Class5
衣装,いしょう,衣裳,名词,,,1,-1,-1,no,Class5
変身,へんしん,改变形象、化装,名、自サ,,,0,-1,-1,no,Class5
大笑い,おおわらい,大笑,名、自サ,,,3,-1,-1,no,Class5
pose,ポーズ,姿势,名词,,,1,-1,-1,yes,Class5
蒸気船,じょうきせん,汽船,名词,,,0,-1,-1,no,Class5
Mark·Twainごう,アーク·トウエイン号,马克·土温号,专有名词,,,6,-1,-1,yes,Class5
cruising,クルージング,用游艇航海,名词,,,2,-1,-1,yes,Class5
客船,きゃくせん,客船,名词,,,0,-1,-1,no,Class5
river cruise,リバー．クルーズ,河流环游,名词,,,5,-1,-1,yes,Class5
deck,1デッキ,甲板,名词,,,1,-1,-1,yes,Class5
Native American,ネイデイブ?アメリカン,美国原住民,名词,,,6,-1,-1,yes,Class5
大自然,だいしぜん,大自然,名词,,,3,-1,-1,no,Class5
眺める,ながめる,眺望、远眺,他一,,,3,-1,-1,no,Class5
最上階,さいじょうかい,最上面一层,名词,,,3,-1,-1,no,Class5
Big Thunder Mountain,ビック·サンダー·マウンテン,打雷山,专有名词,,,1+5,-1,-1,yes,Class5
back,バック,后面；背景,名词,,,1,-1,-1,yes,Class5
最高,さいこう,最高；最佳；最棒,名、形动,,,0,-1,-1,no,Class5
教材,きょうざい,教材,名词,,,0,-1,-1,no,Class6
形態,けいたい,形态,名词,,,0,-1,-1,no,Class6
従来,じゅうらい,以往、过去,名词,,,1,-1,-1,no,Class6
analog media,アナログ·メデイア,模拟媒体,名词,,,5,-1,-1,yes,Class6
digital media,デジタル·メデイア,数字媒体,名词,,,5,-1,-1,yes,Class6
実証,じっしょう,实证、确证,名、他サ,,,0,-1,-1,no,Class6
練る,ねる,仔细推敲,他五,,,1,-1,-1,no,Class6
雑談,ざつだん,杂谈,名、自サ,,,0,-1,-1,no,Class6
及ぶ,およぶ,波及；达到；扩大到…范围,自五,,,0,-1,-1,no,Class6
鞄,かばん,包,名词,,,0,-1,-1,no,Class6
金属製,きんぞくせい,金属制,名词,,,0,-1,-1,no,Class6
小振り,こぶり,小型；轻轻摇摆,名词,,,0,-1,-1,no,Class6
平たい,ひらたい,平坦；浅显易懂,形容词,,,0,-1,-1,no,Class6
箱,はこ,盒子,名词,,,0,-1,-1,no,Class6
印刷,いんさつ,印刷,名、他サ,,,0,-1,-1,no,Class6
不満,ふまん,不满、不满足；不满意,名、形动,,,0,-1,-1,no,Class6
full contents type,フルコンテンツタイプ,全内容型,名词,,,8,-1,-1,yes,Class6
比較,ひかく,比较,名、他サ,,,0,-1,-1,no,Class6
大山,おおやま,（姓氏）,专有名词,,,0,-1,-1,no,Class6
伊藤,いとう,（姓氏）,专有名词,,,0,-1,-1,no,Class6
めくる,めくる,翻；揭掉、揭开,他五,,,0,-1,-1,no,Class6
corpus,コーパス,语言资料、语料库,名词,,,1,-1,-1,yes,Class6
活用,かつよう,活用,名、自他サ,,,0,-1,-1,no,Class6
持ち運ぶ,もちはこぶ,搬运；挪动,他五,,,0,-1,-1,no,Class6
登場,とうじょう,出场,名、自サ,,,0,-1,-1,no,Class6
支援,しえん,支援,名、他サ,,,0,-1,-1,no,Class6
tool,ツール,工具、手段,名词,,,1,-1,-1,yes,Class6
一躍,いちやく,一跌、一举,名、自サ,,,0,-1,-1,no,Class6
脚光を浴びる,きゃっこうをあびる,引人注目、崭露头角,词组,,,,-1,-1,no,Class6
ほら,ほら,（唤起对方注意）喂、瞧,叹词,,,1,-1,-1,no,Class6
これほど,これほど,这种程度,名、副,,,0,-1,-1,no,Class6
情報量,じょうほうりょう,信息量,名词,,,5,-1,-1,no,Class6
を目の当たりにする,をまのあたりにする,亲眼目睹,词组,,,,-1,-1,no,Class6
効果,こうか,效果,名词,,,1,-1,-1,no,Class6
疑問,ぎもん,疑问,名词,,,0,-1,-1,no,Class6
比べる,くらべる,比较、相比,他一,,,0,-1,-1,no,Class6
携帯性,けいたいせい,便携性,名词,,,0,-1,-1,no,Class6
限界,げんかい,局限；界限、界线,名词,,,0,-1,-1,no,Class6
一度に,いちどに,同时、一下子,副词,,,3,-1,-1,no,Class6
目に入る,めにはいる,映入眼帘,词组,,,,-1,-1,no,Class6
その上,そのうえ,加上、而且,接词,,,0,-1,-1,no,Class6
contents,コンテンツ,内容,名词,,,1,-1,-1,yes,Class6
充実,じゅうじつ,充实,名、自サ,,,0,-1,-1,no,Class6
検索,けんさく,检索,名、他サ,,,0,-1,-1,no,Class6
機能,きのう,技能,名词,,,1,-1,-1,no,Class6
向上,こうじょう,提高,名、自サ,,,0,-1,-1,no,Class6
例文,れいぶん,例句,名词,,,0,-1,-1,no,Class6
読み上げる,よみあげる,读完,他一,,,4,-1,-1,no,Class6
付く,つく,上；带有,自五,,,1,-1,-1,no,Class6
分厚い,ぶあつい,厚厚的,形容词,,,0,-1,-1,no,Class6ｖ
活字,かつじ,铅字,名词,,,0,-1,-1,no,Class6
ぎっしり,ぎっしり,挤满,副词,,,3,-1,-1,no,Class6
詰まる,つまる,堵塞、不通；塞满；变短,自五,,,2,-1,-1,no,Class6
評価,ひょうか,评价；给予肯定,名、他サ,,,1,-1,-1,no,Class6
物心がつく,ものごがつく,懂事,词组,,,,-1,-1,no,Class6
否定,ひてい,否定,名、他サ,,,0,-1,-1,no,Class6
教員,きょういん,教员,名词,,,0,-1,-1,no,Class6
本来,ほんらい,本来、原来；按理说,副词,,,1,-1,-1,no,Class6
大いに,おおいに,大大地、非常的,副词,,,1,-1,-1,no,Class6
長所,ちょうしょ,长处,名词,,,1,-1,-1,no,Class6
我々,われわれ,我们,代词,,,0,-1,-1,no,Class6
知識欲,ちしきよく,求知欲,名词,,,3,-1,-1,no,Class6
満たす,みたす,满足,他五,,,2,-1,-1,no,Class6
胸を張る,むねをはる,挺起胸膛、充满信心的样子,词组,,,,-1,-1,no,Class6
説,せつ,意见、主张；学说、论点,名词,,,1,-1,-1,no,Class6
いかにも,いかにも,的的确确,副词,,,2,-1,-1,no,Class6
説得力,せっとくりょく,说服力,名词,,,4,-1,-1,no,Class6
消極的,しょうきょくてき,消极的,形容动词,,,0,-1,-1,no,Class6
味わう,あじわう,品尝；欣赏；感受,他五,,,3,-1,-1,no,Class6
吸収,きゅうしゅう,吸取,名、他サ,,,0,-1,-1,no,Class6
おのずと,おのずと,自然而然地,副词,,,0,4,-1,no,Class6
有益,ゆうえき,有益,形容动词,,,0,-1,-1,no,Class6
手を伸ばす,てをのばす,伸手；扩大（营业）范围,词组,,,,-1,-1,no,Class6
高める,たかめる,提高,他一,,,3,-1,-1,no,Class6
経験,けいけん,经验,名、他サ,,,0,-1,-1,no,Class6
常識,じょうしき,常识,名词,,,0,-1,-1,no,Class6
問題集,もんだいしゅう,习题集,名词,,,3,-1,-1,no,Class6
穴埋め,あなうめ,填空,名词,,,0,-1,-1,no,Class6
上下,じょうげ,上下,名词,,,1,-1,-1,no,Class6
繋ぎ,つなぎ,连接,名词,,,0,-1,-1,no,Class6
puzzle,パズル,填字游戏,名词,,,1,-1,-1,yes,Class6
要素,ようそ,要素,名词,,,1,-1,-1,no,Class6
含む,ふくむ,含、含有,他五,,,2,-1,-1,no,Class6
先頭,せんとう,先头,名词,,,0,-1,-1,no,Class6
たどり着く,たどりつく,好容易走到,自五,,,4,-1,-1,no,Class6
太刀打ちできない,たちうちできない,敌不过、争不过,词组,,,,-1,-1,no,Class6
対処,たいしょ,应付、对待,名词,自サ,,1,-1,-1,no,Class6
足りる,たりる,够、足,自一,,,0,-1,-1,no,Class6
漢和,かんわ,汉和,名词,,,0,-1,-1,no,Class6
必要,ひつよう,必要,名、形动,,,0,-1,-1,no,Class6
活かす,いかす,搞活、发挥特点,他五,,,2,-1,-1,no,Class6
謎謎,なぞなぞ,谜语、猜谜游戏,名词,,,0,-1,-1,no,Class7
時分,じぶん,时刻、时候、时机,名词,,,1,-1,-1,no,Class7
大正,たいしょう,日本大正年代（1912-1926）,名词,,,0,-1,-1,no,Class7
謎,なぞ,谜语,名词,,,0,-1,-1,no,Class7
謎の掛けっこ,なぞのかけっこ,谜语比赛（儿童语）,词组,,,,-1,-1,no,Class7
教壇,きょうだん,讲坛、讲台,名词,,,0,-1,-1,no,Class7
生徒,せいと,（中小学）学生,名词,,,1,-1,-1,no,Class7
審判,しんぽん,裁判、审判,名、他サ,,,0,-1,-1,no,Class7
競争,きょうそう,比赛、竞争,名、他サ,,,0,-1,-1,no,Class7
難問,なんもん,难题,名词,,,1,-1,-1,no,Class7
そうそう,そうそう,（下接否定）老是那样,副词,,,0,-1,-1,no,Class7
かち合う,かちあう,相撞、碰在一起,自五,,,0,-1,-1,no,Class7
柴,しば,柴,名词,,,0,-1,-1,no,Class7
点,てん,分数、点；标点,名词,,,0,-1,-1,no,Class7
糸,いと,线、弦,名词,,,1,-1,-1,no,Class7
紫,むらさき,紫色,名词,,,2,-1,-1,no,Class7
素朴,そぼく,朴素、简单,形容动词,,,0,-1,-1,no,Class7
少女,しょうじょ,少女,名词,,,1,-1,-1,no,Class7
下火,したび,或是减弱、衰退,名词,,,0,-1,-1,no,Class7
quiz,クイズ,智力竞赛、猜谜,名词,,,1,-1,-1,yes,Class7
空白,くうはく,空白,名、形动,,,0,-1,-1,no,Class7
一種,いっしゅ,一种,名词,,,1,-1,-1,no,Class7
解く,とく,揭开、拆开,他五,,,1,-1,-1,no,Class7
概ね,おおむね,大概、大致,副词,,,0,-1,-1,no,Class7
真面,まとも,正经、认真；正面,形容动词,,,0,-1,-1,no,Class7
巫山戯る,ふざける,开玩笑、作弄人,自一,,,3,-1,-1,no,Class7
頓智,とんち,机智、机敏,名词,,,0,-1,-1,no,Class7
俊子（敏子）,とし子としこ,（人名）,专有名词,,,1,-1,-1,no,Class7
広,ひろし,（人名）,专有名词,,,1,-1,-1,no,Class7
鳥,とり,鸟；鸡,名词,,,0,-1,-1,no,Class7
鳥小屋,とりごや,鸡窝、鸡舍,名词,,,0,-1,-1,no,Class7
春夫/治夫/晴夫,はるお,（人名）,专有名词,,,0,-1,-1,no,Class7
鶏,にわとり,鸡,名词,,,0,-1,-1,no,Class7
生む,うむ,生、产生,他五,,,0,-1,-1,no,Class7
雛,ひよこ,幼鸟；小毛孩子、幼鸡,名词,,,0,-1,-1,no,Class7
薇,ぜんまい,（植物）紫萁,名词,,,0,-1,-1,no,Class7
発条,ぜんまい,发条、弹簧,名词,,,0,-1,-1,no,Class7
鏡,かがみ,镜子,名词,,,3,-1,-1,no,Class7
警察,けいさつ,警察,名词,,,0,-1,-1,no,Class7
鷺,サギ,鹭,名词,,,0,-1,-1,no,Class7
詐欺,さぎ,欺诈,名词,,,1,-1,-1,no,Class7
こらっ,こらっ,（用于责备、呼唤、提醒等）呀！这！喂！,叹词,,,1,-1,-1,no,Class7
fruit,フルーツ,水果,名词,,,2,-1,-1,yes,Class7
papaya,パパイヤ（パパイア）,番木瓜,名词,,,2,-1,-1,yes,Class7
羽,わ,（鸟等）只,接尾,,,,-1,-1,no,Class7
肩車,かたぐるま,骑在脖子上,名词,,,3,-1,-1,no,Class7
破る,やぶる,弄破；损坏；违背,他五,,,2,-1,-1,no,Class7
王様,おうさま,国王,名词,,,0,-1,-1,no,Class7
一頭,いっとう,一头,名词,,,1,-1,-1,no,Class7
地方,ちほう,地方、地区,名词,,,2,-1,-1,no,Class7
大騒ぎ,おおさわぎ,大吵大闹；轰动；轰动一时,名、自サ,,,3,-1,-1,no,Class7
役人,やくにん,官吏、公务员,名词,,,0,-1,-1,no,Class7
目方,めかた,重要,名词,,,0,-1,-1,no,Class7
早速,さっそく,立刻、马上、赶紧,副词,,,0,-1,-1,no,Class7
秤,はかり,坪、天枰,名词,,,3,-1,-1,no,Class7
申し出る,もうしでる,提出；申请,他一,,,4,-1,-1,no,Class7
掲示,けいじ,名、他サ,告示、布告,,,0,-1,-1,no,Class7
度度,たびたび,屡次、再三,副词,,,0,-1,-1,no,Class7
催促,さいそく,催、催促,名、他サ,,,1,-1,-1,no,Class7
岸,きし,岸边,名词,,,2,-1,-1,no,Class7
沈む,しずむ,落、沉；消沉、郁闷,自五,,,0,-1,-1,no,Class7
見物人,げんぶつにん,浏览者、观客,名词,,,0,-1,-1,no,Class7
じっと,じっと,一动不动,副、自サ,,,0,-1,-1,no,Class7
外側,そとがわ,外侧、外面、外边,名词,,,0,-1,-1,no,Class7
降ろす·下ろす,おろす,把…卸下来,他五,,,2,-1,-1,no,Class7
石,いし,石子、石头,名词,,,2,-1,-1,no,Class7
積む,つむ,堆积；装载；积累,他五,,,0,-1,-1,no,Class7
合計,ごうけい,合计、总计,名、他サ,,,0,-1,-1,no,Class7
要点,ようてん,要点、要领,名词,,,3,-1,-1,no,Class8
順序,じゅんじょ,次序、过程,名词,,,1,-1,-1,no,Class8
まとめる,まとめる,汇总,他一,,,0,-1,-1,no,Class8
事柄,ことがら,事情、事态,名词,,,0,-1,-1,no,Class8
結ぶ,むすぶ,系、结,他五,,,0,-1,-1,no,Class8
間を置く,まをおく,留出间隔、留出时间,词组,,,,-1,-1,no,Class8
強める,つよめる,加强、增强,他一,,,3,-1,-1,no,Class8
聞き落す,ききおとす,听漏、忘问,他五,,,4,-1,-1,no,Class8
応じる,おうじる,回答；满足；接受,自一,,,0,-1,-1,no,Class8
役立つ,やくだつ,有用、起作用,自五,,,3,-1,-1,no,Class8
ひろ子,ひろこ,（人名）,专有名词,,,1,-1,-1,no,Class8
ほう,ほう,（吃惊或感叹时发的声音）荷,叹词,,,1,-1,-1,no,Class8
どきどき?,どきどき,（心）扑通扑通地跳,副、自サ,,,1,-1,-1,no,Class8
平気,へいき,不在乎,名、形动,,,0,-1,-1,no,Class8
纏まる,まとまる,概括起来；凑齐,自五,,,0,-1,-1,no,Class8
成長,せいちょう,成长、成熟；发展,名、自サ,,,0,-1,-1,no,Class8
観察,かんさつ,观察、仔细察看,名、他サ,,,0,-1,-1,no,Class8
心細い,こころぼそい,心中没底；孤独,形容词,,,5,-1,-1,no,Class8
形式,けいしき,形式,名词,,,0,-1,-1,no,Class8
sketch,スケッチ,记录；写生、素描,名、他サ,,,2,-1,-1,yes,Class8
表,ひょう,表、表格,名词,,,0,-1,-1,no,Class8
graph,グラフ,图表,名词,,,1,-1,-1,yes,Class8
それ、それ,それ、それ,就是它、就是它,代词,,,0,-1,-1,no,Class8
細い,ほそい,细细的,形容词,,,2,-1,-1,no,Class8
棒,ぼう,棒、棍棒,名词,,,0,-1,-1,no,Class8
指す,さす,指；下（将棋）,他五,,,1,-1,-1,no,Class8
取越苦労,とりこしぐろう,自寻苦恼,名、自サ,,,5,-1,-1,no,Class8
恥ずかしい,はずかしい,害羞、惭愧,形容词,,,4,-1,-1,no,Class8
そのうちに,そのうちに,过一会儿、不久,副词,,,0,-1,-1,no,Class8
思い切って,おもいきって,大胆地、断然地,副词,,,2,-1,-1,no,Class8
ぐんと,ぐんと,（「ぐっと」的俗语）使劲、一口气地,副词,,,0,-1,-1,no,Class8
成り立つ,なりたつ,谈妥；成立；形成,自五,,,0,-1,-1,no,Class8
大昔,おおむかし,太古、上古、远古,名词,,,3,-1,-1,no,Class8
取り替える,とりかえる,更换、交换,他一,,,0,-1,-1,no,Class8
手軽,てがる,渐变；轻易；简单,形容,,,0,-1,-1,no,Class8
然して,そうして,而、又；然后,接词,,,4,-1,-1,no,Class8
貝殻,かいがら,贝壳,名词,,,0,-1,-1,no,Class8
貴重品,きちょうひん,贵重品,名词,,,0,-1,-1,no,Class8
貨,か,钱；物品,名词,,,1,-1,-1,no,Class8
貴,き,珍贵、宝贵,名词,,,1,-1,-1,no,Class8
財,ざい,财富、财产,名词,,,1,-1,-1,no,Class8
稲,いね,稻,名词,,,1,-1,-1,no,Class8
武士,ぶし,武士,名词,,,1,-1,-1,no,Class8
名残,なごり,遗迹、余韵；依恋,名词,,,1,-1,-1,no,Class8
価値,かち,价值,名词,,,1,-1,-1,no,Class8
壊れる,こわれる,坏了、碎了,自一,,,3,-1,-1,no,Class8
分量,ぶんりょう,分量、数量,名词,,,3,-1,-1,no,Class8
分ける,わける,分、分开；分类；分配,他一,,,2,-1,-1,no,Class8
凡そ,およそ,大约；完全；分类；分配,副词,,,0,-1,-1,no,Class8
元明天皇,げんめいてんのう,日本元明天皇（661-772）,专有名词,,,3,-1,-1,no,Class8
銀,ぎん,银,名词,,,1,-1,-1,no,Class8
銅,どう,铜,名词,,,1,-1,-1,no,Class8
銀貨,ぎんか,银币,名词,,,1,-1,-1,no,Class8
銅貨,どうか,铜币,名词,,,1,-1,-1,no,Class8
金貨,きんか,金币,名词,,,1,-1,-1,no,Class8
預金,よきん,存款,名词,,,0,-1,-1,no,Class8
小切手,こぎって,支票,名词,,,2,-1,-1,no,Class8
手元,てもと,身边、手头,名词,,,3,-1,-1,no,Class8
経済学,けいざいがく,经济学,名词,,,3,-1,-1,no,Class8
学問,がくもん,学问、学识；学业,名词,,,2,-1,-1,no,Class8
参加者,さんかしゃ,参加者,名词,,,0,-1,-1,no,Class9
議題,ぎだい,议题,名词,,,0,-1,-1,no,Class9
事前,じぜん,事前,名词,,,0,-1,-1,no,Class9
予告,よこく,预告,名、他サ,,,0,-1,-1,no,Class9
巡らす,めぐらす,围绕；运筹,他五,,,0,-1,-1,no,Class9
意見,いけん,意见；规劝,名、他サ,,,3,-1,-1,no,Class9
係り,かかり,担任着,名词,,,1,-1,-1,no,Class9
議長,ぎちょう,议长、主席,名词,,,1,-1,-1,no,Class9
発言,はつげん,发言,名、自サ,,,0,-1,-1,no,Class9
公平,こうへい,公平,名、形动,,,0,-1,-1,no,Class9
判断,はんだん,判断、推测,名、他サ,,,1,-1,-1,no,Class9
議事,ぎじ,议事、审议,名词,,,1,-1,-1,no,Class9
建設的,けんせつてき,建设性的,形容动词,,,0,-1,-1,no,Class9
気を配る,きをくばる,留心、注意,词组,,,,-1,-1,no,Class9
差し控える,さしひかえる,待命；节制,子他一,,,5,-1,-1,no,Class9
自由,じゆう,自由,名、形动,,,2,-1,-1,no,Class9
受け止める,うけとめる,接住；理解,他一,,,0,-1,-1,no,Class9
意図,いと,意图、打算,名、他サ,,,1,-1,-1,no,Class9
明らか,あきらか,明显、清楚,形容动词,,,2,-1,-1,no,Class9
持ち方,もちかた,做法；拿法,名词,,,0,-1,-1,no,Class9
委員,いいん,委员,名词,,,1,-1,-1,no,Class9
谷川,たにがわ,（姓氏）,专有名词,,,0,-1,-1,no,Class9
立ち消え,たちぎえ,中断；中途熄灭,名、自サ,,,0,-1,-1,no,Class9
上級,じょうきゅう,上一级,名词,,,0,-1,-1,no,Class9
粗筋,あらすじ,梗概、概略,名词,,,0,-1,-1,no,Class9
大田,おおた,（姓氏）,专有名词,,,0,-1,-1,no,Class9
増やす,ふやす,增加,他五,,,2,-1,-1,no,Class9
野村,のむら,（姓氏）,专有名词,,,0,-1,-1,no,Class9
高木,たかぎ,（姓氏）,专有名词,,,0,-1,-1,no,Class9
北川,きたかわ,（姓氏）,专有名词,,,0,-1,-1,no,Class9
平均,へいきん,平均、平衡,名、他サ,,,0,-1,-1,no,Class9
その都度,そのつど,每回、每次,词组,,,3,-1,-1,no,Class9
次回,じかい,下次,名词,,,1,-1,-1,no,Class9
励み,はげみ,鼓励、激励,名词,,,3,-1,-1,no,Class9
養う,やしなう,培养；扶养,他五,,,0,-1,-1,no,Class9
定期的,ていきてき,定期的,形容动词,,,0,-1,-1,no,Class9
石原,いしはら,（姓氏）,专有名词,,,0,-1,-1,no,Class9
案,あん,计划、草案,名词,,,1,-1,-1,no,Class9
たっぷり,たっぷり,充分、足够,副词,,,3,-1,-1,no,Class9
紙芝居,かみしばい,（拉）洋片、连环画剧,名词,,,3,-1,-1,no,Class9
試み,こころみ,尝试、实验,名词,,,4,-1,-1,no,Class9
展示,てんじ,展示、陈列,名、他サ,,,0,-1,-1,no,Class9
祭典,さいてん,盛典、祭礼,名词,,,0,-1,-1,no,Class9
有難い,ありがたい,难得；值得庆幸,形容词,,,4,-1,-1,no,Class9
間近い,まぢかい,临近；挨近,形容词,,,3,-1,-1,no,Class9
帰り道,かえりみち,归途,名词,,,3,-1,-1,no,Class9
偶然,ぐうぜん,偶尔、偶然,副词,,,0,-1,-1,no,Class9
相変わらず,あいかわらず,照旧、仍旧,副词,,,0,-1,-1,no,Class9
再会,さいかい,再见、重逢,名、自サ,,,0,-1,-1,no,Class9
親しげ,したしげ,亲密地,形容动词,,,3,-1,-1,no,Class9
肩を並べる,かたをならべる,并肩,词组,,,,-1,-1,no,Class9
噂話,うわさばなし,言、闲话,名词,,,4,-1,-1,no,Class9
積もる,つもる,累积；估算,自他五,,,0,-1,-1,no,Class9
尽きる,つきる,尽、完、到头,自一,,,2,-1,-1,no,Class9
世話役,せわやく,筹办者、发起人,名词,,,0,-1,-1,no,Class9
日が暮れる,ひがくれる,日暮、天黑,词组,,,,-1,-1,no,Class9
暗い,くらい,暗；黑暗；阴沉,形容词,,,0,-1,-1,no,Class9
心当たり,こころあたり,线索、想像得到,名词,,,4,-1,-1,no,Class9
会場,かいじょう,会场,名词,,,0,-1,-1,no,Class9
交渉,こうしょう,交涉、谈判,名、自サ,,,0,-1,-1,no,Class9
招待状,しょうたいじょう,请帖,名词,,,0,-1,-1,no,Class9
天高く馬肥ゆる,てんたかくうまこゆる,秋高气爽、天高云淡,惯,,,,-1,-1,no,Class9
試験期,しけんき,考试期,名词,,,2,-1,-1,no,Class9
存じる,ぞんじる,「思う」等的谦让语,自一,,,3,-1,-1,no,Class9
思い出話,おもいでばなし,叙旧、谈往事,名词,,,5,-1,-1,no,Class9
その折り,そのおり,那时,词组,,,,-1,-1,no,Class9
昨年,さくねん,去年,名词,,,0,-1,-1,no,Class9
末,すえ,末了、末端,名词,,,0,-1,-1,no,Class9
来る,きたる,下次的,连体词,,,2,-1,-1,no,Class9
田村屋,たむらや,（店名）,专有名词,,,0,-1,-1,no,Class9
一同,いちどう,大家、全体,同,,,2,3,-1,no,Class9
大田新作,おおたしんさく,（人名）,专有名词,,,0,-1,-1,no,Class9
Aesop,イソップ,伊索,专有名词,,,2,-1,-1,yes,Class10
狐,きつね,狐狸,名词,,,0,-1,-1,no,Class10
井戸,いど,井,名词,,,1,-1,-1,no,Class10
落ちる,おちる,掉下来、坠落,自一,,,2,-1,-1,no,Class10
どうしても,どうしても,（下接否定）怎么也,副词,,,1,-1,-1,no,Class10
渇く,かわく,渴、干渴,自五,,,2,-1,-1,no,Class10
山羊·野羊,やぎ,山羊,名词,,,1,-1,-1,no,Class10
見つける,みつける,找到、发现,他一,,,0,-1,-1,no,Class10
褒め立てる（誉め立てる）,ほめたてる,大加赞扬,他一,,,4,-1,-1,no,Class10
降りる,おりる,下来,自一,,,2,-1,-1,no,Class10
収まる·納まる,おさまる,平息、解决,自五,,,3,-1,-1,no,Class10
思い付く,おもいつく,（忽然）想出、想起,他五,,,4,-1,-1,no,Class10
前足,まえあし,前肢、前足,名词,,,1,-1,-1,no,Class10
突っ張る,つっぱる,顶住、支撑,他五,,,3,-1,-1,no,Class10
角,つの,角、犄角,名词,,,2,-1,-1,no,Class10
やる,やる,放在（某处）,他五,,,0,-1,-1,no,Class10
背中,せなか,背、脊背,名词,,,0,-1,-1,no,Class10
引き上げる,ひきあげる,曳起、拉上来,他一,,,4,-1,-1,no,Class10
飛び上がる,とびあがる,飞起、跳起,自五,,,4,-1,-1,no,Class10
踏み台,ふみだい,脚搭子；垫脚石,名词,,,0,-1,-1,no,Class10
文句,もんく,不满、牢骚,名词,,,1,-1,-1,no,Class10
ふり返る,ふりかえる,回过头去,自五,,,4,-1,-1,no,Class10
知恵,ちえ,智慧、脑筋,名词,,,2,-1,-1,no,Class10
大谷,おおたに,（姓氏）,专有名词,,,0,-1,-1,no,Class10
山田,やまだ,（姓氏）,专有名词,,,0,-1,-1,no,Class10
我慢,がまん,忍耐、克制,名、他サ,,,1,-1,-1,no,Class10
木村,きむら,（姓氏）,专有名词,,,0,-1,-1,no,Class10
台,だい,台、座儿,名词,,,1,-1,-1,no,Class10
西山,にしやま,（姓氏）,专有名词,,,0,-1,-1,no,Class10
性質,せいしつ,性情、脾气；性质,名词,,,0,-1,-1,no,Class10
浅い,あさい,浅的、淡的；浅薄的,形容词,,,0,-1,-1,no,Class10
素直,すなお,淳朴的、天真的,形容动词,,,1,-1,-1,no,Class10
信じる,しんじる,相信、深信、信赖,他一,,,3,-1,-1,no,Class10
長島,ながしま,（姓氏）,专有名词,,,0,-1,-1,no,Class10
大嫌い,だいきらい,极不喜欢、非常讨厌,形容动词,,,1,-1,-1,no,Class10
狡い,ずるい,狡猾、奸诈,形容词,,,2,-1,-1,no,Class10
浦島太郎,うらしまたろう,（人名）,专有名词,,,5,-1,-1,no,Class10
浜辺,はまべ,海边,名词,,,3,-1,-1,no,Class10
騒ぐ,さわぐ,吵闹、喧哗,自五,,,2,-1,-1,no,Class10
亀,かめ,龟,名词,,,1,-1,-1,no,Class10
匹,ひき,匹、只、条、尾,接尾,,,,-1,-1,no,Class10
掴まえる,つかまえる,楸住、抓住、捉拿,他一,,,0,-1,-1,no,Class10
転がす,ころがす,搬倒；使滚动,他五,,,0,-1,-1,no,Class10
叩く,たたく,敲、打、拍,他五,,,2,-1,-1,no,Class10
可哀相,かわいそう,可怜的,形容动词,,,4,-1,-1,no,Class10
そんなら,そんなら,（「それなら」的口语）那么,接词,,,3,-1,-1,no,Class10
買い取る,かいとる,买下来,他五,,,3,-1,-1,no,Class10
撫でる,なでる,抚摸,他一,,,2,-1,-1,no,Class10
放す,はなす,放开、放掉,他五,,,2,-1,-1,no,Class10
釣,つり,钓鱼,名词,,,0,-1,-1,no,Class10
ぴょこんと,ぴょこんと,轻轻地点了下头,副词,,,2,-1,-1,no,Class10
お辞儀,おじぎ,行礼,名、自サ,,,0,-1,-1,no,Class10
3竜宮,りゅうぐう,龙宫,专有名词,,,3,-1,-1,no,Class10
鯛,たい,加级鱼,名词,,,1,-1,-1,no,Class10
平目,ひらめ,比目鱼,名词,,,0,-1,-1,no,Class10
御殿,ごてん,宫殿、公馆,名词,,,1,-1,-1,no,Class10
通す,とおす,通过、领入、穿过,他五,,,1,-1,-1,no,Class10
玉,ぎょく,玉,名词,,,0,-1,-1,no,Class10
貝,かい,贝、贝壳,名词,,,1,-1,-1,no,Class10
飾る,かざる,装饰,他五,,,0,-1,-1,no,Class10
眩しい,まぶしい,晃眼、耀眼,形容词,,,3,-1,-1,no,Class10
乙姫,おとひめ,龙宫仙女,名词,,,2,-1,-1,no,Class10
暇,いとま,告辞；闲暇,名词,,,3,-1,-1,no,Class10
頻りに,しきりに,频频、不断,副词,,,0,-1,-1,no,Class10
抱える,かかえる,抱、夹,他一,,,0,-1,-1,no,Class10
村,むら,村庄,名词,,,2,-1,-1,no,Class10
どうかなる,どうかなる,总会有办法,词组,,,,-1,-1,no,Class10
煙,けむり,烟,名词,,,0,-1,-1,no,Class10
すうと,すうと,（与「すっと」同）轻轻地,副词,,,0,-1,-1,no,Class10
立ち昇る,たちのぼる,升起,自五,,,0,-1,-1,no,Class10
まっ白,まっしろ,雪白,形容动词,,,3,-1,-1,no,Class10
copy,コピー,拷贝、复制,名、他サ,,,1,-1,-1,yes,Class11
出回る,でまわる,上市,自五,,,0,-1,-1,no,Class11
salad oil,サラダオイル,色拉油、生菜油,名词,,,4,-1,-1,yes,Class11
ikra 俄,イクラ,盐渍鲑鱼子,名词,,,0,-1,-1,yes,Class11
材料,ざいりょう,材料,名词,,,3,-1,-1,no,Class11
上等,じょうとう,上等、高级,名、形动,,,0,-1,-1,no,Class11
高度,こうど,级、高度,名、形动,,,1,-1,-1,no,Class11
加工,かこう,加工,名、他サ,,,0,-1,-1,no,Class11
香り,かおり,香味、香气,名词,,,0,-1,-1,no,Class11
歯ざわり,はざわり,牙齿嚼食物时的感觉,名词,,,2,-1,-1,no,Class11
そっくり,そっくり,一模一样,副、形动,,,3,-1,-1,no,Class11
食品添加物,しょくひんてんかぶつ,（为装饰或防腐）食品添加剂,名词,,,7,-1,-1,no,Class11
大量,たいりょう,大量、大批,名、形动,,,0,-1,-1,no,Class11
合成,ごうせい,合成,名、他サ,,,0,-1,-1,no,Class11
保存料,ほぞんりょう,储存剂,名词,,,2,-1,-1,no,Class11
給食,きゅうしょく,提供伙食,名、自サ,,,0,-1,-1,no,Class11
外食,がいしょく,在外吃饭,名、自サ,,,0,-1,-1,no,Class11
骨,ほね,骨头,名词,,,2,-1,-1,no,Class11
偽物,にせもの,冒牌货,名词,,,0,-1,-1,no,Class11
苦しめる,くるしめる,使…痛苦、折磨,他一,,,4,-1,-1,no,Class11
奢り,おごり,请客、做东,名词,,,0,-1,-1,no,Class11
へえ,へえ,（惊讶声、回答声）哎、是,叹词,,,1,-1,-1,no,Class11
流行,はやり,流行,名词,,,3,-1,-1,no,Class11
素人,しろうと,外行、业余爱好者,名词,,,1,-1,-1,no,Class11
fry,フライ,油炸食品,名词,,,0,-1,-1,yes,Class11
大好物,だいこうぶつ,最喜欢的东西,名词,,,3,-1,-1,no,Class11
steak,ステーキ,牛排、烤肉,名词,,,2,-1,-1,yes,Class11
黙黙と,もくもくと,不声不响、默默,副词,,,0,-1,-1,no,Class11
長男,ちょうなん,长子,名词,,,1,-1,-1,no,Class11
孝·隆,たかし,（人名）,专有名词,,,1,-1,-1,no,Class11
突然,とつぜん,突然,副词,,,0,-1,-1,no,Class11
fork,フォーク,叉子,名词,,,1,-1,-1,yes,Class11
聞き返す,ききかえす,反问,他问,,,3,-1,-1,no,Class11
一切れ,ひときれ,一块、一片、一点,名词,,,2,-1,-1,no,Class11
だって,だって,（用于辩解）可是、但是,接词,,,1,-1,-1,no,Class11
tube,チューブ,管、筒,名词,,,1,-1,-1,yes,Class11
入り,いり,装、加入、掺有,名词,,,0,-1,-1,no,Class11
jelly,ゼリー,果子冻；胶状物、胶状药品,名词,,,1,-1,-1,yes,Class11
錠剤,じょうざい,药片,名词,,,0,-1,-1,no,Class11
粒,つぶ,粒、丸,名词,,,1,-1,-1,no,Class11
注射,ちゅうしゃ,注射,名、他サ,,,0,-1,-1,no,Class11
頷く,うなずく,首肯、点头,自五,,,3,-1,-1,no,Class11
改めて,あらためて,重新,副词,,,3,-1,-1,no,Class11
噛む,かむ,咬、嚼,他五,,,1,-1,-1,no,Class11
屁理屈,へりくつ,歪理、诡辩,名词,,,2,-1,-1,no,Class11
気にする,きにする,在意,词组,,,,-1,-1,no,Class11
Concrode,コンコルド,（英法合制）协和式超音速大型客机,名词,,,3,-1,-1,yes,Class11
Lockhead Corp,ロッキード,（美国飞机制造公司名）洛克希德,专有名词,,,3,-1,-1,yes,Class11
SST,SST,（缩写）超音速运输机,专有名词,,,3,-1,-1,yes,Class11
じゃんじゃん,じゃんじゃん,不停地、一个劲地；（钟等）铛铛（响）,副词,,,1,-1,-1,no,Class11
air car,エアカー,气垫汽车,名词,,,3,-1,-1,yes,Class11
歩道,ほどう,人行道,名词,,,0,-1,-1,no,Class11
実用化,じつようか,实用化,名、他サ,,,0,-1,-1,no,Class11
かっこいい,かっこいい,真棒、真帅,形容词,,,4,-1,-1,no,Class11
真面目くさる,まじめくさる,道貌岸然、一本正经,自五,,,5,-1,-1,no,Class11
もっとも,もっとも,理所当然的,形容动词,,,1,3,-1,no,Class11
少年,しょうねん,少年,名词,,,0,-1,-1,no,Class11
大問題,だいもんだい,大问题,名词,,,3,-1,-1,no,Class11
現金,げんきん,现今,名词,,,3,-1,-1,no,Class12
払う,はらう,支付；赶走,他五,,,2,-1,-1,no,Class12
挿し込む,さしこむ,插入、扎入,他五,,,0,-1,-1,no,Class12
身分証明書,みぶんしょうめいしょ,身份证,名词,,,8,-1,-1,no,Class12
兼ねる,かねる,兼、兼任,他一,,,2,-1,-1,no,Class12
額,がく,数量、金额,名词,,,0,-1,-1,no,Class12
実に,じつに,的确、确实,副词,,,2,-1,-1,no,Class12
泥棒,どろぼう,小偷、贼,名词,,,0,-1,-1,no,Class12
札,さつ,纸币、钞票,名词,,,0,-1,-1,no,Class12
無駄遣い,むだづかい,浪费、乱花钱,名、他サ,,,3,-1,-1,no,Class12
投書,とうしょ,投稿、投诉,名、自サ,,,0,-1,-1,no,Class12
目の前,めのまえ,眼前、迫在眼前,名词,,,3,-1,-1,no,Class12
貨幣,かへい,货币,名词,,,1,-1,-1,no,Class12
実感,じっかん,真实感,名、他サ,,,0,-1,-1,no,Class12
節約,せつやく,节约、节省,名、他サ,,,0,-1,-1,no,Class12
気楽,きらく,舒适、轻松,形容动词,,,0,-1,-1,no,Class12
理性,りせい,理性,名词,,,0,-1,-1,no,Class12
行動,こうどう,行为、行动,名、自サ,,,0,-1,-1,no,Class12
知人,ちじん,友人、熟人,名词,,,0,-1,-1,no,Class12
hand bag,ハンドバッグ,（女式）手提包,名词,,,4,-1,-1,yes,Class12
意志,いし,意志,名词,,,1,-1,-1,no,Class12
玉,だま,（圆形）硬币,接尾,,,2,-1,-1,no,Class12
夫婦,ふうふ,夫妇,名词,,,1,-1,-1,no,Class12
消費税,しょうひぜい,消费税,名词,,,3,-1,-1,no,Class12
面倒,めんどう,麻烦，棘手,名、形动,,,3,-1,-1,no,Class12
coffee cup,コーヒーカップ,咖啡杯,名词,,,5,-1,-1,yes,Class12
偉い,えらい,伟大、了不起,形容词,,,2,-1,-1,no,Class12
給与,きゅうよ,薪金；支给的金钱或物品,名、他サ,,,1,-1,-1,no,Class12
口座,こうざ,（银行）户头,名词,,,0,-1,-1,no,Class12
丸井,まるい,（店名）,名词,,,0,-1,-1,no,Class12
使い過ぎ,つかいすぎ,用过量、用过头,名词,,,0,-1,-1,no,Class12
特典,とくてん,优惠,名词,,,0,-1,-1,no,Class12
会員誌,かいいんし,会员杂志,名词,,,3,-1,-1,no,Class12
裏,うら,背面、后面,名词,,,2,-1,-1,no,Class12
飲食,いんしょく,饮食,名词,,,0,-1,-1,no,Class12
乃至,ないし,由…到…；或者,接词,,,1,-1,-1,no,Class12
割引く,わりびく,减价、打折扣,他五,,,3,-1,-1,no,Class12
会費,かいひ,会费,名词,,,0,-1,-1,no,Class12
勘違い,かんちがい,判断错误；误会,名、自サ,,,3,-1,-1,no,Class12
どうか,どうか,请；总算；不正常,副词,,,1,-1,-1,no,Class12
勇気,ゆうき,勇气,名词,,,1,-1,-1,no,Class12
仕掛人,しかけにん,策划人,名词,,,0,-1,-1,no,Class12
飲食店,いんしょくてん,饮食店,名词,,,4,-1,-1,no,Class12
leisure,レジャー,闲暇；空闲时间的娱乐,名词,,,1,-1,-1,yes,Class12
加盟店,かめいてん,加盟店,名词,,,0,-1,-1,no,Class12
加盟料,かめいりょう,加盟费,名词,,,2,-1,-1,no,Class12
sticker,ステッカー,（背面涂胶的）张贴物,名词,,,2,-1,-1,yes,Class12
優待,ゆうたい,优待,名、他サ,,,0,-1,-1,no,Class12
経費,けいひ,经费,名词,,,1,-1,-1,no,Class12
credit,クレジット,信用；信用销售（分期付款）,名词,,,2,-1,-1,yes,Class12
他社,たしゃ,其他公司（报社、神社）,名词,,,1,-1,-1,no,Class12
差がつく,さがつく,加以区别,词组,,,,-1,-1,no,Class12
PR効果,ピーアルこうか,宣传效果,名词,,,5,-1,-1,no,Class12
得,とく,有利、合算,名词,,,0,-1,-1,no,Class12
自画自賛,じがじさん,自卖自夸,名、自サ,,,,-1,-1,no,Class12
店側,みせがわ,店方,名词,,,0,-1,-1,no,Class12
手数料,てすうりょう,手续费,名词,,,2,-1,-1,no,Class12
限度,げんど,限度,名词,,,1,-1,-1,no,Class12
見劣りがする,みおとりがする,逊色,词组,,,,-1,-1,no,Class12
地球,ちきゅう,地球,名词,,,0,-1,-1,no,Class13
半日,はんにち,半天,名词,,,4,-1,-1,no,Class13
感じ,かんじ,感觉,名词,,,0,-1,-1,no,Class13
距離,きょり,距离,名词,,,1,-1,-1,no,Class13
新幹線,しんかんせん,新干线、高速列车,名词,,,3,-1,-1,no,Class13
沿線,えんせん,沿线,名词,,,0,-1,-1,no,Class13
次第に,しだいに,逐渐地、慢慢地,副词,,,0,-1,-1,no,Class13
目的地,もくてきち,目的地,名词,,,4,-1,-1,no,Class13
近づく,ちかづく,靠近；接近；临近,自五,,,3,-1,-1,no,Class13
興奮,こうふん,兴奋,名、自サ,,,0,-1,-1,no,Class13
高速化,こうそくか,高速化,名词,,,0,-1,-1,no,Class13
火加減,ひかげん,火候,名词,,,2,-1,-1,no,Class13
煮込む,にこむ,炖；煮透,他五,,,2,-1,-1,no,Class13
でんしrange,電子レンジ,微波炉,名词,,,4,-1,-1,yes,Class13
数分,すうふん,几分钟,名词,,,0,-1,-1,no,Class13
味見,あじみ,尝尝味道,名词,,,0,-1,-1,no,Class13
台所,だいどころ,厨房,名词,,,0,-1,-1,no,Class13
流れる,ながれる,流,自一,,,3,-1,-1,no,Class13
匂い,におい,气味儿、香气,名词,,,2,-1,-1,no,Class13
わくわく,わくわく,喜悦、担心或有所期待是的兴奋样子,副、自サ,,,1,-1,-1,no,Class13
追求,ついきゅう,追求,名、自サ,,,0,-1,-1,no,Class13
振り込み,ふりこみ,存入,名词,,,3,-1,-1,no,Class13
普及,ふきゅう,普及,名、自サ,,,0,-1,-1,no,Class13
月給日,げっきゅうび,发薪水日,名词,,,3,-1,-1,no,Class13
月給袋,げっきゅうぶくろ,工资袋,名词,,,5,-1,-1,no,Class13
bonus,ボーナス,奖金,名词,,,1,-1,-1,yes,Class13
厚い,あつい,厚、优厚；深厚,形容词,,,0,-1,-1,no,Class13
封筒,ふうとう,信封,名词,,,0,-1,-1,no,Class13
当然,とうぜん,当然、理应如此,形动、副,,,0,-1,-1,no,Class13
失う,うしなう,丢失、丧失,他五,,,0,-1,-1,no,Class13
竹井,たけい,（姓氏）,专有名词,,,0,-1,-1,no,Class13
乗り継ぎ,のりつぎ,换成（其他交通工具）,名词,,,0,-1,-1,no,Class13
やっと,やっと,好容易；终于；勉强,副词,,,0,3,-1,no,Class13
なんだか,なんだか,总觉得、总有点,副词,,,1,-1,-1,no,Class13
窓際,まどぎわ,窗边,名词,,,0,-1,-1,no,Class13
雲,くも,云、云彩,名词,,,1,-1,-1,no,Class13
区別がつく,くべつがつく,辨别、区别,词组,,,,-1,-1,no,Class13
贅沢,ぜいたく,奢侈、奢望,名、形动,,,4,-1,-1,no,Class13
どうのこうの,どうのこうの,说这样讲那、说长道短,副词,,,1+1,-1,-1,no,Class13
感激,かんげき,感激、感动,名、自サ,,,0,-1,-1,no,Class13
初月給,はつげっきゅう,第一次工资,名词,,,3,-1,-1,no,Class13
神棚,かみだな,神龛,名词,,,0,-1,-1,no,Class13
供える,そなえる,供、献,他一,,,3,-1,-1,no,Class13
勤·勉,つとむ,（人名）,专有名词,,,0,-1,-1,no,Class13
結晶,けっしょう,结晶、结果,名、自サ,,,0,-1,-1,no,Class13
涙,なみだ,眼泪,名词,,,1,-1,-1,no,Class13
明細書,めいさいしょ,明细单,名词,,,0,-1,-1,no,Class13
道理で,どうりで,怪不得,副词,,,1,-1,-1,no,Class13
涌く,わく,涌现、涌出,自五,,,2,-1,-1,no,Class13
数える,かぞえる,数；例举,他一,,,3,-1,-1,no,Class13
立体,りったい,立体,名词,,,0,-1,-1,no,Class13
靖,やすし,（人名）,专有名词,,,1,-1,-1,no,Class13
哲夫,てつお,（人名）,专有名词,,,0,-1,-1,no,Class13
ちらりと,ちらりと,一晃、一闪、略微,副词,,,2,-1,-1,no,Class13
目をやる,めをやる,朝…看,词组,,,,-1,-1,no,Class13
ひそひそ,ひそひそ,偷偷、悄悄,副词,,,1,-1,-1,no,Class13
許す,ゆるす,允许,他五,,,2,-1,-1,no,Class13
にっこり,にっこり,嫣然一笑,副、自サ,,,3,-1,-1,no,Class13
着,ちゃく,到达、抵达,名词,,,1,-1,-1,no,Class13
jumbo jetき,ジャンボ·ジェット機,大型喷气式客机,名词,,,6,-1,-1,yes,Class13
振る,ふる,挥、摇,他五,,,0,-1,-1,no,Class13
switch,スイッチ,电门、开关,名词,,,2,-1,-1,yes,Class13
想像がつく,そうぞうがつく,想象,词组,,,,-1,-1,no,Class13
便,びん,班机、班轮、班车,接词,,,1,-1,-1,no,Class13
運賃,うんちん,运费,名词,,,1,-1,-1,no,Class13
ばかにならない,ばかにならない,不可小看,词组,,,,-1,-1,no,Class13
それが,それが,可是,接词,,,0,-1,-1,no,Class13
交通機関,こうつうきかん,交通工具,名词,,,6,-1,-1,no,Class13
比べ物にならない,くらべものにならない,不能比,词组,,,,-1,-1,no,Class13
何も,なにも,不必…、什么也不…,副词,,,1,-1,-1,no,Class13
instant,インスタント,速成,名词,,,4,-1,-1,yes,Class14
爆発的,ばくはつてき,急剧的、惊人的,形容动词,,,0,-1,-1,no,Class14
製品,せいひん,产品,名词,,,0,-1,-1,no,Class14
小麦粉,こむぎこ,面粉,名词,,,0,-1,-1,no,Class14
hit,ヒット,大受欢迎、畅销?,名、他サ,,,1,-1,-1,yes,Class14
予想,よそう,预料、预想,名、他サ,,,0,-1,-1,no,Class14
要因,よういん,主要因素,名词,,,0,-1,-1,no,Class14
第一次,だいいちじ,第一次,名词,,,1,-1,-1,no,Class14
愛用,あいよう,喜欢用,名、他サ,,,0,-1,-1,no,Class14
影響力,えいきょうりょく,影响力,名词,,,3,-1,-1,no,Class14
commercial,コムーシャル,盈利的、商业的；商业广告,名词,,,2,-1,-1,yes,Class14
民間,みんかん,民间,名词,,,0,-1,-1,no,Class14
spot commercial,スポット·コマーシャル,（插在节目中间）简短商业广告,名词,,,6,-1,-1,yes,Class14
袋,ふくろ,袋,接尾,,,,-1,-1,no,Class14
足らず,たらず,（上接数量词）不足,接尾,,,,-1,-1,no,Class14
秒,びょう,秒,名词,,,1,-1,-1,no,Class14
購買欲,こうばいよく,购买欲,名词,,,3,-1,-1,no,Class14
そそる,そそる,勾起（某种感情、欲望等）,他五,,,0,-1,-1,no,Class14
挙って,こぞって,全部、全都,副词,,,2,-1,-1,no,Class14
television spot,テレビ·スポット,电视广告,名词,,,5,-1,-1,yes,Class14
年間,ねんかん,一年、全年,名词,,,0,-1,-1,no,Class14
食,しょく,（吃饭的次数）顿、餐,接尾,,,,-1,-1,no,Class14
蕎麦,そば,荞麦面条,名词,,,1,-1,-1,no,Class14
松下,まつした,（姓氏）,专有名词,,,2,-1,-1,no,Class14
進出,しんしゅつ,打入、挤进,名、自サ,,,0,-1,-1,no,Class14
伴う,ともなう,随着；随同,自他五,,,3,-1,-1,no,Class14
即席めん,そくせきめん,方便面,名词,,,5,-1,-1,no,Class14
retort,レトルト,半成品,名词,,,2,-1,-1,yes,Class14
飽きる·厭きる,あきる,满足、腻烦,自一,,,2,-1,-1,no,Class14
栄養,えいよう,营养,名词,,,0,-1,-1,no,Class14
片寄る,かたよる,偏颇；偏袒,自五,,,3,-1,-1,no,Class14
両親,りょうしん,双亲、父母,名词,,,1,-1,-1,no,Class14
共働き,ともばたらき,双职工,自五,,,3,-1,-1,no,Class14
出前,でまえ,送外卖,名词,,,0,-1,-1,no,Class14
お湯,おゆ,开水、热水；洗澡水,名词,,,0,-1,-1,no,Class14
防腐剤,ぼうふざい,防腐剂,名词,,,3,-1,-1,no,Class14
調理,ちょうり,烹调、做菜,名、他サ,,,1,-1,-1,no,Class14
手作り,てづくり,亲手做、手制,名词,,,2,-1,-1,no,Class14
lifestyle,ライフスタイル,生活方式,名词,,,5,-1,-1,yes,Class14
間食,かんしょく,吃点心、吃零食；零食,名词,,,0,-1,-1,no,Class14
夜食,やしょく,夜宵,名词,,,0,-1,-1,no,Class14
脂肪,しぼう,脂肪,名词,,,0,-1,-1,no,Class14
糖分,とうぶん,糖分,名词,,,1,-1,-1,no,Class14
肥満,ひまん,肥胖,名、自サ,,,0,-1,-1,no,Class14
忠告,ちゅうこく,忠告、劝告,名、自サ,,,0,-1,-1,no,Class14
宅配,たくはい,送货上门,名词,,,0,-1,-1,no,Class14
需要,じゅよう,需要,名词,,,0,-1,-1,no,Class14
一般,いっぱん,一般、普通,名词,,,0,-1,-1,no,Class14
一人暮らし,ひとりぐらし,一个人生活,名词,,,4,-1,-1,no,Class14
goumet 法,グルメ,美食家,名词,,,1,-1,-1,yes,Class14
反映,はんえい,反映,名自サ,,,0,-1,-1,no,Class14
高級,こうきゅう,高级,名、形动,,,0,-1,-1,no,Class14
折り詰め,おりづめ,菜肴装在木盒里,名词,,,0,-1,-1,no,Class14
diet,ダイエット,节食减肥,名词,,,1,-1,-1,yes,Class14
用,よう,…用,接尾,,,1,-1,-1,no,Class14
扱う,あつかう,处理,他五,,,0,-1,-1,no,Class14
売れ行き,うれゆき,商品销路,名词,,,0,-1,-1,no,Class14
老舗,しにせ,老店,名词,,,0,-1,-1,no,Class14
kitchen,キッチン,厨房,名词,,,1,-1,-1,yes,Class14
本社,ほんしゃ,总公司,名词,,,1,-1,-1,no,Class14
神田,かんだ,（地名）,名词,,,0,-1,-1,no,Class14
昭和,しょうわ,日本昭和年代（1926-1989）,专有名词,,,0,-1,-1,no,Class14
惣菜,そうざい,家常菜、副食,名词,,,0,3,-1,no,Class14
hors-d’euvre,オードブル,开胃菜、前菜,名词,,,1,-1,-1,yes,Class14
合理化,ごうりか,合理化,名、他サ,,,0,-1,-1,no,Class14
忽ち,たちまち,转眼间、不打功夫；突然,副词,,,0,-1,-1,no,Class14
都内,とない,东京都内,名词,,,1,-1,-1,no,Class14
店舗,てんぽ,店铺,名词,,,1,-1,-1,no,Class14
あたり,あたり,平均、每…,名词,,,0,-1,-1,no,Class14
hamburg,ハンバーグ,（「ハンバーグステーキ」的略称）汉堡牛排,名词,,,3,-1,-1,yes,Class14
delivery,デリバリー,投递、送货上门,名词,,,3,-1,-1,yes,Class14
銘打つ,めいうつ,打…旗号、以…为名,自五,,,1,-1,-1,no,Class14
柿右衛門,かきえもん,（日本有名的陶瓷起世家）,名词,,,3,-1,-1,no,Class14
食卓,しょくたく,餐桌,名词,,,0,-1,-1,no,Class14
本膳,ほんぜん,日本料理的主菜,名词,,,1,-1,-1,no,Class14
特選,とくせん,特选,名词,,,0,-1,-1,no,Class14
洋食,ようしょく,西餐,名词,,,0,-1,-1,no,Class14
a’la carte,アラカルト,单点的菜,名词,,,3,-1,-1,yes,Class14
特定,とくてい,特定、特别指定,名、他サ,,,0,-1,-1,no,Class14
農家,のうか,农家,名词,,,1,-1,-1,no,Class14
専属,せんぞく,专属,名、自サ,,,0,-1,-1,no,Class14
仕入れる,しいれる,采购、进货；弄到手,他一,,,3,-1,-1,no,Class14
徹底,てってい,彻底、遍及,名、自サ,,,0,-1,-1,no,Class14
およそ,およそ,（下届否定）根本，完全,副词,,,0,-1,-1,no,Class14
叩き,たたき,敲、打；用刀拍松,名词,,,3,-1,-1,no,Class14
鰻,うなぎ,鳗鱼,名词,,,0,-1,-1,no,Class14
蒲焼,かばやき,烤鱼串,名词,,,3,0,-1,no,Class14
松茸,まつたけ,松茸、松口蘑,名词,,,0,-1,-1,no,Class14
deluxe,デラックス,高级、豪华、奢侈,形容动词,,,3,-1,-1,yes,Class14
重役,じゅうやく,担任要职的人；懂事,名词,,,0,-1,-1,no,Class14
lunch,ランチ,午餐,名词,,,1,-1,-1,yes,Class14
商戦,しょうせん,商战、商业竞争,名词,,,0,-1,-1,no,Class14
食い込む,くいこむ,深深进入、陷入、侵入,自五,,,3,-1,-1,no,Class14
doria  法,ドリア,鱼贝鸡米饭,名词,,,1,-1,-1,yes,Class14
curry,カレー,咖喱饭,名词,,,0,-1,-1,yes,Class14
得意先,とくいさき,主顾、交易对象,名词,,,0,-1,-1,no,Class14
大使館,たいしかん,大使馆,名词,,,3,-1,-1,no,Class14
台,だい,（大致的数量范围）,接尾,,,,-1,-1,no,Class14
離れる,はなれる,离开、脱离,自一,,,3,-1,-1,no,Class14
届ける,とどける,递送、提交、呈报,他一,,,3,-1,-1,no,Class14
おかず,おかず,菜、小菜,名词,,,0,-1,-1,no,Class14
目黒,めぐろ,（地名）,专有名词,,,1,-1,-1,no,Class14
糖尿病,とうにょうびょう,糖尿病,名词,,,0,-1,-1,no,Class14
患者,かんじゃ,患者、病人,名词,,,0,-1,-1,no,Class14
厳密,げんみつ,严密、周密,形容动词,,,0,-1,-1,no,Class14
calorie,カロリー,卡路里,名词,,,1,-1,-1,yes,Class14
栄養士,えいようし,营养师,名词,,,3,-1,-1,no,Class14
献立,こんだて,菜单、菜谱,名词,,,0,-1,-1,no,Class14
盛り付ける,もりつける,装盘,他一,,,4,-1,-1,no,Class14
boom,ブーム,热潮、高潮,名词,,,1,-1,-1,yes,Class15
近年,きんねん,近年来,名词,,,1,-1,-1,no,Class15
上る,のぼる,逆流而上；达到、高达,自五,,,0,-1,-1,no,Class15
年齢,ねんれい,年龄,名词,,,0,-1,-1,no,Class15
読者,どくしゃ,读者,名词,,,1,-1,-1,no,Class15
対象,たいしょう,对象,名词,,,0,-1,-1,no,Class15
読物,よみもの,读物,名词,,,2,-1,-1,no,Class15
年齢層,ねんれいそう,年龄层,名词,,,3,-1,-1,no,Class15
上昇,じょうしょう,上升、提高,名、自サ,,,0,-1,-1,no,Class15
発行,はっこう,发行、发放,名、他サ,,,0,-1,-1,no,Class15
単行本,たんこうぼん,单行本,名词,,,0,-1,-1,no,Class15
月間,げっかん,一月间,名词,,,0,-1,-1,no,Class15
部数,ぶすう,册数、份数,名词,,,2,-1,-1,no,Class15
出版物,しゅっぱんぶつ,出版物,名词,,,3,-1,-1,no,Class15
伝達,でんたつ,传达、转达,名、他サ,,,0,-1,-1,no,Class15
佐藤,さとう,（姓氏）,专有名词,,,1,-1,-1,no,Class15
stress,ストレス,精神紧张,名词,,,2,-1,-1,yes,Class15
speech contest,スピーチ·コンテスト,演讲比赛,名词,,,5,-1,-1,yes,Class15
日常生活,にちじょうせいかつ,日常生活,名词,,,5,-1,-1,no,Class15
束の間,つかのま,一瞬间、转眼之间,名词,,,0,-1,-1,no,Class15
空想,くうそう,空想、遐想,名、他サ,,,0,-1,-1,no,Class15
浸る,ひたる,浸、泡；沉浸,自五,,,2,-1,-1,no,Class15
手段,しゅだん,手段,名词,,,1,-1,-1,no,Class15
さすがに,さすがに,真不愧是；到底还是,副词,,,0,-1,-1,no,Class15
大国,たいこく,大国,名词,,,0,-1,-1,no,Class15
気分転換,きぶんてんかん,散散心,名词,,,4,-1,-1,no,Class15
参考書,さんこうしょ,参考书,名词,,,0,-1,-1,no,Class15
骨休め,ほねやすめ,休息,名词,,,3,-1,-1,no,Class15
訓練,くんれん,训练,名、他サ,,,1,-1,-1,no,Class15
場,ば,场合；场所,名词,,,0,-1,-1,no,Class15
形成,けいせい,形成,名、他サ,,,0,-1,-1,no,Class15
人生観,じんせいかん,人生观,名词,,,3,-1,-1,no,Class15
現実,げんじつ,现实,名词,,,0,-1,-1,no,Class15
生き抜く,いきぬく,活下去,自五,,,0,-1,-1,no,Class15
現象,げんしょう,现象,名词,,,0,-1,-1,no,Class15
当分,とうぶん,目前、暂时、一段时间,副词,,,0,-1,-1,no,Class15
功罪,こうざい,功过,名词,,,0,-1,-1,no,Class15
分析,ぶんせき,分析、剖析,名、他サ,,,0,-1,-1,no,Class15
一目,ひとめ,一眼、一看,名词,,,2,-1,-1,no,Class15
現代,げんだい,现代,名词,,,1,-1,-1,no,Class15
受ける,うける,受欢迎,自一,,,2,-1,-1,no,Class15
利奈,りな,（人名）,专有名词,,,1,-1,-1,no,Class15
理香,りか,（人名）,专有名词,,,1,-1,-1,no,Class15
ときめく,ときめく,激动得心砰砰地跳,自五,,,3,-1,-1,no,Class15
character,キャラ,（也说「キャラクター」）（电影、动漫）出场人物,名词,,,1,-1,-1,yes,Class15
決まって,きまって,一定是,名词,,,0,-1,-1,no,Class15
戦闘,せんとう,战斗,副词,,,0,-1,-1,no,Class15
恋愛,れんあい,恋爱,名、自サ,,,0,-1,-1,no,Class15
恋する,こいする,恋爱,自他サ,,,3,-1,-1,no,Class15
低める,ひくめる,放低、降低,他一,,,3,-1,-1,no,Class15
系,けい,体系,名词,,,,-1,-1,no,Class15
しっくりこない,しっくりこない,格格不入,词组,,,,-1,-1,no,Class15
どうも,どうも,总觉得；实在是,副词,,,1,-1,-1,no,Class15
looks,ルックス,容貌、仪表,名词,,,0,-1,-1,yes,Class15
才能,さいのう,才能,名词,,,0,-1,-1,no,Class15
雲の上,くものうえ,天上、云上,名词,,,1,-1,-1,no,Class15
scene,シーン,一个场面、一个镜头,名词,,,1,-1,-1,yes,Class15
主催,しゅさい,主办、举办,名、他サ,,,0,-1,-1,no,Class15
開会,かいかい,开会、开幕,名、自他サ,,,0,-1,-1,no,Class15
さすが,さすが,就连…都；到底还是；不愧是,名、副,,,0,-1,-1,no,Class15
埋まる,うまる,埋着、挤满,自五,,,0,-1,-1,no,Class15
聴衆,ちょうしゅう,听众,名词,,,0,-1,-1,no,Class15
主催者,しゅさいしゃ,主办者、主办单位,名词,,,2,-1,-1,no,Class15
未満,みまん,未满、不足,名词,,,1,-1,-1,no,Class15
使い慣れる,つかいなれる,用惯、用热,他一,,,5,-1,-1,no,Class15
認識,にんしき,认识、理解,名、他サ,,,0,-1,-1,no,Class15
絶好,ぜっこう,绝好、极好,名词,,,0,-1,-1,no,Class15
趣旨,しゅし,宗旨；主要内容,名词,,,1,-1,-1,no,Class15
いよいよ,いよいよ,终于、越发,副词,,,2,-1,-1,no,Class15
演壇,えんだん,讲台、讲坛,名词,,,0,-1,-1,no,Class15
India,インド,印度,专有名词,,,1,-1,-1,yes,Class15
Australia,オーストラリア,澳大利亚,专有名词,,,5,-1,-1,yes,Class15
次次に,つぎつぎに,一个接一个,副词,,,2,-1,-1,no,Class15
熱弁,ねつべん,热情的演说,名词,,,0,-1,-1,no,Class15
奮う·振るう,ふるう,发挥、振奋,他五,,,0,-1,-1,no,Class15
些か·聊か,いささか,稍微、一点,副词,,,2,-1,-1,no,Class15
番,ばん,依次、轮到,名词,,,1,-1,-1,no,Class15
まごつく,まごつく,茫然不知所措,自五,,,0,-1,-1,no,Class15
humor,ユーモラス,幽默的、滑稽的,形容动词,,,1,-1,-1,yes,Class15
引き付,ひきつける,吸引,他一,,,4,-1,-1,no,Class15
結論,けつろん,结论,名词,,,0,-1,-1,no,Class15
拍手,はくしゅ,拍手、鼓掌,名、自サ,,,1,-1,-1,no,Class15
わき起こる（沸（湧）き起こる）,わきおこる,涌起、呈现,自五,,,4,-1,-1,no,Class15
ほっと,ほっと,放心,副、自サ,,,0,-1,-1,no,Class15
審査,しんさ,审查,名、他サ,,,1,-1,-1,no,Class15
甲斐,かい,效果、价值,名词,,,0,-1,-1,no,Class15
入賞,にゅうしょう,得奖、受赏,名、自サ,,,0,-1,-1,no,Class15
位,い,第…名,名词,,,1,-1,-1,no,Class15
行事,ぎょうじ,仪式、活动,名词,,,1,-1,-1,no,Class15
賞品,しょうひん,赏品、奖品,名词,,,0,-1,-1,no,Class15
授与,じゅよ,授予,名、他サ,,,1,-1,-1,no,Class15
講評,こうひょう,讲评,名、他サ,,,0,-1,-1,no,Class15
順位,じゅんい,位次、席次,名词,,,1,-1,-1,no,Class15
集計,しゅうけい,总计、合计,名、他サ,,,0,-1,-1,no,Class15
減点,げんてん,扣分,名、自サ,,,0,-1,-1,no,Class15
張り切る,はりきる,干劲十足,自五,,,3,-1,-1,no,Class15
全国紙,ぜんこくし,全国性报纸,名词,,,3,-1,-1,no,Class16
地方紙,ちほうし,地方性报纸,名词,,,2,-1,-1,no,Class16
専門紙,せんもんし,专业性报纸,名词,,,3,-1,-1,no,Class16
日刊,にっかん,日刊,名词,,,0,-1,-1,no,Class16
soccer,サッカー,足球,名词,,,1,-1,-1,yes,Class16
World Cup,ワールド·カップ,世界杯,名词,,,5,-1,-1,yes,Class16
maker,メーカー,制造厂,名词,,,1,-1,-1,yes,Class16
poster,ポスター,宣传画、广告画,名词,,,1,-1,-1,yes,Class16
Discover Japan,ディスカバー·ジャパン,（广告语）发现日本,词组,,,7,-1,-1,yes,Class16
cooler,クール,凉爽；冷淡,形容动词,,,1,-1,-1,yes,Class16
touch,タッチ  ?,触；手法,名、自サ,,,1,-1,-1,yes,Class16
hard,ハード,紧张、艰苦、严厉,形容动词,,,1,-1,-1,yes,Class16
action,アクション,动作、活动；演技,名词,,,1,-1,-1,yes,Class16
direct,ダイレクト,直接,形容动词,,,1,-1,-1,yes,Class16
Napoleon Solo,ナポレオン?ソロ,（电视片名）拿破仑·梭罗,专有名词,,,6,-1,-1,yes,Class16
以上,いじょう,以上,名词,,,1,-1,-1,no,Class16
押し付けがましい,おしつけがましい,强迫、强加于人,形容词,,,7,-1,-1,no,Class16
混乱,こんらん,混乱,名、自サ,,,0,-1,-1,no,Class16
visual,ビジュアル,视觉的、直观的,形容动词,,,1,-1,-1,yes,Class16
system solution,システムソリュージョン,解决系统问题,名词,,,6,-1,-1,yes,Class16
application,アプリケーション,应用；申请,名词,,,4,-1,-1,yes,Class16
processor,プロセッサー,硬件中央处理装置；软件语言处理程序,名词,,,3,-1,-1,yes,Class16
用語,ようご,用词、措辞；术语,名词,,,0,-1,-1,no,Class16
文書,ぶんしょ,文件,名词,,,1,-1,-1,no,Class16
言い換える,いいがえる,换句话说,他一,,,3,-1,-1,no,Class16
動き,うごき,动向,名词,,,0,-1,-1,no,Class16
consensus,コンセンサス,双方意见达成一致,名词,,,3,-1,-1,yes,Class16
incubation,インキュベーション,帮助创业,名词,,,4,-1,-1,yes,Class16
non stop bus,ノンステップバス,无段坡巴士,名词,,,7,-1,-1,yes,Class16
idling stop,アイドリングストップ,停车时关闭发动机,名词,,,8,-1,-1,yes,Class16
barrier free,バリアフリー,无障碍设施,名词,,,4,-1,-1,yes,Class16
障壁,しょうへき,障碍、间隔,名词,,,0,-1,-1,no,Class16
無し,なし,没有,形容词,,,1,-1,-1,no,Class16
life cycle,ライフサイクル,生命周期；生活周期,名词,,,4,-1,-1,yes,Class16
生涯,しょうがい,终生；生活,名词,,,1,-1,-1,no,Class16
過程,かてい,过程,名词,,,0,-1,-1,no,Class16
定着,ていちゃく,固定；定论,名、自サ,,,0,-1,-1,no,Class16
今さら,いまさら,事已至此、事到如今,副词,,,0,-1,-1,no,Class16
返って,かえって,反倒、反而,,,,,-1,-1,no,Class16
違和感,いわかん,不协调感,名词,,,2,-1,-1,no,Class16
きんmedal,金メダル,金牌,名词,,,3,-1,-1,yes,Class16
yacht race,ヨットレース,快艇比赛,名词,,,4,-1,-1,yes,Class16
相模湾,さがみわん,（地名）,专有名词,,,3,-1,-1,no,Class16
Kihel,キエル,基尔（人名）,名词,,,1,-1,-1,yes,Class16
ラース,,拉斯（人名）,专有名词,,,1,-1,-1,no,Class16
選手,せんしゅ,选手,名词,,,1,-1,-1,no,Class16
veteran,ベテラン,老手,名词,,,0,-1,-1,yes,Class16
隻,せき,（计算船只的量词）只,接尾,,,,-1,-1,no,Class16
yacht,ヨット,快艇,名词,,,1,-1,-1,yes,Class16
荒れる,あれる,波涛汹涌；（田地等）荒废,自一,,,0,-1,-1,no,Class16
波,なみ,波浪,名词,,,2,-1,-1,no,Class16
group,グループ,小组,名词,,,2,-1,-1,yes,Class16
びくとも,びくとも,（下接否定）处之泰然,副词,,,1,-1,-1,no,Class16
course,コース,路线；课程,名词,,,1,-1,-1,yes,Class16
艇,てい,小舟,名词,,,1,-1,-1,no,Class16
傾く,かたむく,倾斜、偏,自五,,,3,-1,-1,no,Class16
支えづな,ささえづな,支撑绳索,名词,,,3,-1,-1,no,Class16
乗り出す,のりだす,（身体）挺出、探出；崭露头角,自他五,,,3,-1,-1,no,Class16
迫る,せまる,逼近、迫近,自五,,,2,-1,-1,no,Class16
はっと,はっと,吃惊,副、自サ,,,0,-1,-1,no,Class16
仰向け,あおむけ,仰面朝天,名词,,,0,-1,-1,no,Class16
帆,ほ,帆,名词,,,1,-1,-1,no,Class16
抛り出す,ほうりだす,跑出去、扔出去,他五,,,4,-1,-1,no,Class16
波間,なみま,波浪之间,名词,,,3,-1,-1,no,Class16
消える,きえる,消失,自一,,,0,-1,-1,no,Class16
mast,マスト,桅杆,名词,,,1,-1,-1,yes,Class16
へばりつく,へばりつく,紧贴、沾上,自五,,,2,-1,-1,no,Class16
命,いのち,性命、命,名词,,,1,-1,-1,no,Class16
急旋回,きゅうせんかい,急旋转,名、自他サ,,,3,-1,-1,no,Class16
風速,ふうそく,风速,名词,,,0,-1,-1,no,Class16
煽る,あおる,（风）吹动；哄抬、煽动,他五,,,2,-1,-1,no,Class16
横こたおし,よこたおし,横倒、翻倒,名词,,,0,-1,-1,no,Class16
しまった,しまった,糟了,叹词,,,2,-1,-1,no,Class16
助ける,たすける,帮助,他一,,,3,-1,-1,no,Class16
真っ青,まっさお,（脸色）苍白；蔚蓝,形容动词,,,3,-1,-1,no,Class16
そば,そば,旁边,名词,,,1,-1,-1,no,Class16
通り抜ける,とおりぬける,穿过,自一,,,5,-1,-1,no,Class16
咄嗟,とっさ,瞬间,名词,,,0,-1,-1,no,Class16
勝つ,かつ,胜、获胜,自五,,,1,-1,-1,no,Class16
走り抜ける,はしりぬける,驶过,自一,,,5,-1,-1,no,Class16
調子,ちょうし,情况、样子,名词,,,0,-1,-1,no,Class16
俺達,おれたち,俺们、咱们,名词,,,2,-1,-1,no,Class16
役目,やくめ,职责、作用,名词,,,3,-1,-1,no,Class16
一気に,いっきに,一口气,副词,,,1,-1,-1,no,Class16
晒す,さらす,暴露；暴晒,他五,,,0,-1,-1,no,Class16
見過ごす,みすごす,置之不问；看漏,他五,,,0,-1,-1,no,Class16
一瞬,いっしゅん,一刹那,名词,,,0,-1,-1,no,Class16
行き交う,ゆきかう,往来,自五,,,3,-1,-1,no,Class16
見合わせる,みあわせる,互看,他一,,,4,-1,-1,no,Class16
ちらっと,ちらっと,一闪；隐约,副词,,,2,-1,-1,no,Class16
中断,ちゅうだん,中断,名、自他サ,,,0,-1,-1,no,Class16
back,バック  ?,背部；后退,名、自サ,,,1,-1,-1,yes,Class16
揉む,もむ,（许多人）互相推挤,他五,,,0,-1,-1,no,Class16
さっと,さっと,（形容极迅速）一下子,副词,,,1,-1,-1,no,Class16
rope,ロープ,绳索、绳缆,名词,,,1,-1,-1,yes,Class16
無事,ぶじ,平安、太平无事,名、形动,,,0,-1,-1,no,Class16
救助,きゅうじょ,救助、救护,名、他サ,,,1,-1,-1,no,Class16
送り届ける,おくりとどける,送到、送达,他一,,,6,-1,-1,no,Class16
再び,ふたたび,再次,副词,,,0,-1,-1,no,Class16
goal,ゴール,终点、球门,名词,,,1,-1,-1,yes,Class16
goal in,ゴールイン,到终点；进球；到达目标,名、自サ,,,3,-1,-1,yes,Class16
駆け寄る,かけよる,跑进,自五,,,0,-1,-1,no,Class16
yacht man,ヨットマン,快艇运动员,名词,,,4,-1,-1,yes,Class16
精神,せいしん,精神,名词,,,1,-1,-1,no,Class16
誉め称える,ほめたたえる,极力称赞,他一,,,5,-1,-1,no,Class16
入場券,にゅうじょうけん,入场卷、门票,名词,,,3,-1,-1,no,Class17
見回す,みまわす,环视,他五,,,0,-1,-1,no,Class17
見つかる,みつかる,被发现、找到,自五,,,0,-1,-1,no,Class17
並ぶ,ならぶ,排、列队,自五,,,0,-1,-1,no,Class17
腰掛ける,こしかける,坐下,自一,,,4,-1,-1,no,Class17
映る,うつる,映入、映出,自五,,,2,-1,-1,no,Class17
劇映画,げきえいが,故事片,名词,,,3,-1,-1,no,Class17
女優,じょゆ,女演员,名词,,,0,-1,-1,no,Class17
筋,すじ,情节,名词,,,1,-1,-1,no,Class17
所々,ところどころ,多处、到处,名词,,,4,-1,-1,no,Class17
上映,じょうえい,放映、上映,名、他サ,,,0,-1,-1,no,Class17
heroine,ヒロイン,（小说、喜剧的）女主人公、女英雄,名词,,,2,-1,-1,yes,Class17
演じる,えんじる,表演、扮演,他一,,,0,-1,-1,no,Class17
魅力的,みりょくてき,富有魅力的,形容动词,,,0,-1,-1,no,Class17
賞,しょう,奖、奖品,名词,,,1,-1,-1,no,Class17
男優,だんゆう,男演员,名词,,,0,-1,-1,no,Class17
父親,ちちおや,父亲,名词,,,0,-1,-1,no,Class17
印象的,いんしょうてき,印象深刻,形容动词,,,0,-1,-1,no,Class17
story,ストーリー,情节、梗概、故事,名词,,,2,-1,-1,yes,Class17
love story,ラブストーリー,爱情故事,名词,,,4,-1,-1,yes,Class17
愛媛,えひめ,（地名）,专有名词,,,1,-1,-1,no,Class17
広告,こうこく,广告,名词,,,0,-1,-1,no,Class17
代理店,だいりてん,代理店,名词,,,3,-1,-1,no,Class17
永尾完治,ながおかんじ,（人名）,专有名词,,,0,1,-1,no,Class17
赤名リカ,あかなリカ,（人名）,专有名词,,,0,1,-1,no,Class17
親友,しんゆう,好朋友,名词,,,0,-1,-1,no,Class17
play boy,プレイボーイ,花花公子,名词,,,4,-1,-1,yes,Class17
医学生,いがくせい,一大学生,名词,,,3,-1,-1,no,Class17
三上健一,みかみけんいち,（人名）,专有名词,,,0+0,-1,-1,no,Class17
長年,ながねん,多年,名词,,,0,-1,-1,no,Class17
憧れ,あこがれ,向往,名词,,,0,-1,-1,no,Class17
関口里美,せきぐちさとみ,（人名）,专有名词,,,2+0,-1,-1,no,Class17
織り成す,おりなす,织成；交织成,他五,,,3,-1,-1,no,Class17
drama,ドラマ,剧；喜剧,名词,,,1,-1,-1,yes,Class17
思いを寄せる,おもいをよせる,有好感、爱慕,词组,,,,-1,-1,no,Class17
心を引く,こころをひく,吸引,词组,,,,-1,-1,no,Class17
育ち,そだち,生长,名词,,,3,-1,-1,no,Class17
一途,いちず,一心一意地,形容动词,,,2,-1,-1,no,Class17
打ち明ける,うちあける,打开心扉,他一,,,4,-1,-1,no,Class17
奔放,ほんぽう,奔放的,名、形动,,,0,-1,-1,no,Class17
振り回す,ふりまわす,挥舞；随意摆动,他五,,,4,-1,-1,no,Class17
破局,はきょく,悲惨的结局,名词,,,0,-1,-1,no,Class17
最終的,さいしゅうてき,最终的?,形容动词,,,0,-1,-1,no,Class17
和賀夏樹,かずがなつき,（人名）,专有名词,,,0+0,-1,-1,no,Class17
身篭る,みごもる,怀孕,自五,,,3,-1,-1,no,Class17
描く,えがく,描写,他五,,,2,-1,-1,no,Class17
抽象的,ちゅうしょうてき,抽象的,形容动词,,,0,-1,-1,no,Class17
葛藤,かっとう,纠葛、纠纷,名词,,,0,-1,-1,no,Class17
わしづかみ,わしづかみ,大把地抓,名词,,,3,0,-1,no,Class17
代表的,だいひょうてき,代表性的、典型的,形容动词,,,0,-1,-1,no,Class17
hall,ホール,门厅、大厅,名词,,,1,-1,-1,yes,Class17
移る,うつる,移动,自五,,,2,-1,-1,no,Class17
寝坊,ねぼう,睡懒觉,名、自サ,,,0,-1,-1,no,Class17
目覚まし,めざまし,闹钟,名词,,,2,-1,-1,no,Class17
pajamas,パジャマ,睡衣,名词,,,1,-1,-1,yes,Class17
毛布,もうふ,毯子,名词,,,1,-1,-1,no,Class17
包まる,くるまる,自五,包裹着,,,3,-1,-1,no,Class17
ずっち,ずっち,狡猾的,俗语,,,,-1,-1,no,Class17
悔しい,くやしい,悔恨的、窝心的,形容词,,,3,-1,-1,no,Class17
kiss,キス,接吻,名、自サ,,,2,-1,-1,yes,Class17
candle,キャンドル,蜡烛；烛光,名词,,,1,-1,-1,yes,Class17
birthday cake,パースデーケーキ,生日蛋糕,名词,,,6,-1,-1,yes,Class17
灯す,ともす,点亮,他五,,,2,-1,-1,no,Class17
蝋燭,ろうそく,蜡烛,名词,,,3,-1,-1,no,Class17
初恋,はつこい,初恋,名词,,,0,-1,-1,no,Class17
一目惚れ,ひとめぼれ,一见钟情,名词,,,0,-1,-1,no,Class17
事件,じけん,事件,名词,,,1,-1,-1,no,Class17
吹き消す,ふきけす,吹灭,他五,,,3,-1,-1,no,Class17
champagne,シャンパン,春槟,名词,,,3,-1,-1,yes,Class17
高まる,たかまる,提高、高涨,自五,,,3,-1,-1,no,Class18
膨大,ぼうだい,庞大、巨大,形容动词,,,0,-1,-1,no,Class18
達する,たっする,到达；达到,自他サ,,,0,-1,-1,no,Class18
transistor radio,トランジスターラジオ,半导体收音机,名词,,,8,-1,-1,yes,Class18
人種,じんしゅ,某种人；人种,名词,,,0,-1,-1,no,Class18
ながら族,ながらぞく,边听音乐边学习的人,词组,,,,-1,-1,no,Class18
刺す,さす,刺杀、行刺,他五,,,1,-1,-1,no,Class18
重傷,じゅうしょう,重伤,名词,,,0,-1,-1,no,Class18
負う,おう,负；背,他五,,,0,-1,-1,no,Class18
真似る,まねる,模仿、仿效,他一,,,0,-1,-1,no,Class18
一概に,いちがいに,一概、笼统地,副词,,,2,-1,-1,no,Class18
どれほど,何等、多么,どれほど,副词,,,0,-1,-1,no,Class18
いながらにして,,足不出户,词组,,,,-1,-1,no,Class18
いろんな,,（「色々な」的口语体）各种,连体词,,,0,-1,-1,no,Class18
gang,ギャング,强盗,名词,,,1,-1,-1,yes,Class18
ごっこ,,儿童玩的模仿游戏,接尾,,,,-1,-1,no,Class18
大けが,おおけが,重伤、上的厉害,名词,,,3,-1,-1,no,Class18
漸く,ようやく,好容易、渐渐地,副词,,,0,-1,-1,no,Class18
これだけ,これだけ,这么些；唯有这个,名、副,,,4,-1,-1,no,Class18
良かれ悪しかれ,よかれあしかれ,好歹、好也罢坏也罢,词组,,,,-1,-1,no,Class18
使いこなす,つかいこなす,熟练掌握、运用自如,他五,,,5,-1,-1,no,Class18
賢い,かしこい,聪明,形容词,,,3,-1,-1,no,Class18
一度,いちど,一次,名词,,,0,-1,-1,no,Class18
癖,くせ,习惯、习气,名词,,,2,-1,-1,no,Class18
親父,おやじ,父亲、老头子,名词,,,0,-1,-1,no,Class18
到底,とうてい,（下接否定）怎么也…,副词,,,0,-1,-1,no,Class18
奴,やつ,（蔑指）人、家伙,名词,,,1,-1,-1,no,Class18
修理,しゅうり,修缮、修理,名、他サ,,,1,-1,-1,no,Class18
trump,トランプ,扑克牌,名词,,,2,-1,-1,yes,Class18
一学期,いちがっき,一学期,名词,,,3,-1,-1,no,Class18
なんとなく,なんとなく,总觉得、无意中,副词,,,4,-1,-1,no,Class18
channel,チャンネル,频道,名词,,,0,-1,-1,yes,Class18
つい,,不禁、不由得,副词,,,1,-1,-1,no,Class18
奴隷,どれい,奴隶,名词,,,0,-1,-1,no,Class18
人物,じんぶつ,人物,名词,,,1,-1,-1,no,Class18
大活躍,だいかつやく,活跃、大显身手,名、自サ,,,4,-1,-1,no,Class18
はらはら,はらはら,非常担心的样子,副、自サ,,,1,-1,-1,no,Class18
図,ず,图表、图,名词,,,0,-1,-1,no,Class18
望遠鏡,ぼうえんきょう,望远镜,名词,,,0,-1,-1,no,Class18
放送局,ほうそうきょく,广播事业局,名词,,,3,-1,-1,no,Class18
殺す,ころす,杀,他五,,,0,-1,-1,no,Class18
歌謡曲,かようきょく,流行歌曲,名词,,,2,-1,-1,no,Class18
キャーキャー,キャーキャー,（吵闹声）积极嘎嘎,副词,,,1,-1,-1,no,Class18
極,ごく,极其,副词,,,1,-1,-1,no,Class18
寝不足,ねぶそく,睡眠不足,名词,,,2,-1,-1,no,Class18
眠たい,ねむたい,困倦的、想睡觉的,形容词,,,0,-1,-1,no,Class18
視力,しりょく,视力,名词,,,1,-1,-1,no,Class18
衰える,おとろえる,衰弱、衰退,自一,,,4,-1,-1,no,Class18
っぱなし,っぱなし,置之不理,接尾,,,,-1,-1,no,Class18
引き回す,ひきまわす,领着…到处游逛、拖着转,他五,,,4,-1,-1,no,Class18
計画的,けいかくてき,有计划的,形容动词,,,0,-1,-1,no,Class18
パチッと,パチッと,吧嗒一声,名词,,,2,-1,-1,no,Class18
switchをきる,スイッチを切る,关上开关,词组,,,,-1,-1,yes,Class18
積極的,せっきょくてき,积极地,形容动词,,,0,-1,-1,no,Class18