新学期,しんがっき,新学期,名词,,,3,-1,-1,no,Class1,W201001,2.631298,1.883712,WD201
,いよいよ,终于,副词,,,2,-1,-1,no,Class1,W201002,4.51501,2.28423,WD201
始まる,はじまる,开始,自五,,,0,-1,-1,no,Class1,W201003,6.79924,2.650671,WD201
暇,ひま,闲空儿；时间,名词,,,0,-1,-1,no,Class1,W201004,9.449911,1.983064,WD201
山崎,やまざき,山崎（姓氏）,专有名词,,,2,-1,-1,no,Class1,W201005,11.432975,2.58268,WD201
菓子,かし,点心，糕点，糖果,名词,,,1,-1,-1,no,Class1,W201006,14.015655,2.133369,WD201
棚,たな,棚架，搁板,名词,,,0,-1,-1,no,Class1,W201007,16.149024,1.816168,WD201
sideboard,サイドボード,餐具柜,名词,,,4,-1,-1,yes,Class1,W201008,17.965192,2.333969,WD201
glass set,グラス·セット,成套玻璃杯,名词,,,4,-1,-1,yes,Class1,W201009,20.299161,2.867487,WD201
置く,おく,放,他五,,,0,-1,-1,no,Class1,W201010,23.166648,2.368008,WD201
壁,かべ,墙壁；隔阂,名词,,,0,-1,-1,no,Class1,W201011,25.534656,1.814804,WD201
地理,ちり,地理,名词,,,1,-1,-1,no,Class1,W201012,27.34946,1.937157,WD201
貼る,はる,贴，糊,他五,,,0,-1,-1,no,Class1,W201013,29.286617,1.83047,WD201
久し振り,ひさしぶり,好久、许久,名词,形容动词,,5,0,-1,no,Class1,W201014,31.117087,2.667253,WD201
滑る,すべる,滑,自五,,,2,-1,-1,no,Class1,W201015,33.78434,2.515834,WD201
割る,わる,打碎；切、割,他五,,,0,-1,-1,no,Class1,W201016,36.300174,1.79972,WD201
怪我,けが,受伤、负伤,名词,,,2,-1,-1,no,Class1,W201017,38.099894,1.717036,WD201
お入りください,おはいりください,请进,词组,,,-1,-1,-1,no,Class1,W201018,39.81693,2.217919,WD201
お邪魔します,おじゃまします,打扰了,词组,,,-1,-1,-1,no,Class1,W201019,42.034849,2.465914,WD201
靴,くつ,鞋子,名词,,,2,-1,-1,no,Class1,W201020,44.500763,2.766428,WD201
構う,かまう,（常用否定）（不）介意,自五,,,2,-1,-1,no,Class1,W201021,47.267191,2.31689,WD201
高速電車,こうそくでんしゃ,高速电气列车,名词,,,5,-1,-1,no,Class1,W201022,49.584081,2.417155,WD201
準備,じゅんび,准备,名词,他サ,,1,-1,-1,no,Class1,W201023,52.001236,2.436157,WD201
学習,がくしゅう,学习,名词,他サ,,0,-1,-1,no,Class1,W201024,54.437393,2.21412,WD201
予習,よしゅう,预习,名词,他サ,,0,-1,-1,no,Class1,W201025,56.651513,1.886553,WD201
学部,がくぶ,系,名词,,,1,0,-1,no,Class1,W201026,58.538066,2.013628,WD201
会議,かいぎ,会议,名词,,,1,3,-1,no,Class1,W201027,60.551694,2.049568,WD201
入口,いりぐち,入口，门口,名词,,,0,-1,-1,no,Class1,W201028,62.601262,2.18372,WD201
告知板,こくちばん,布告牌,名词,,,0,-1,-1,no,Class1,W201029,64.784982,2.58508,WD201
会議室,かいぎしつ,会议室,名词,,,3,-1,-1,no,Class1,W201030,67.370062,2.601121,WD201
並べる,ならべる,罗列；排列、摆,他一,,,0,-1,-1,no,Class1,W201031,69.971183,2.248273,WD201
壇,だん,坛，台,名词,,,1,-1,-1,no,Class1,W201032,72.219456,2.216613,WD201
どうも,どうも,（表示歉意）很、实在,副词,,,1,-1,-1,no,Class1,W201033,74.436069,2.183064,WD201
恐れ入る,おそれいる,不好意思,自五,,,2,-1,-1,no,Class1,W201034,76.619133,2.669929,WD201
片づける,かたづける,整理、收拾；处理,他一,,,4,-1,-1,no,Class1,W201035,79.289062,2.647151,WD201
湯,ゆ,开水、热水；洗澡水,名词,,,1,-1,-1,no,Class1,W201036,81.936213,1.971339,WD201
沸かす,わかす,烧开、使…沸腾,他五,,,0,-1,-1,no,Class1,W201037,83.907552,2.196993,WD201
小説,しょうせつ,小说,名词,,,0,-1,-1,no,Class1,W201038,86.104545,2.565933,WD201
report,レポート,报告；小论文,名词,他サ,,2,-1,-1,yes,Class1,W201039,88.670478,2.350404,WD201
一冊,いっさつ,一册、一本,名词,,,4,-1,-1,no,Class1,W201040,91.020882,2.335402,WD201
,いや,（表示否定对方的话）不，不对,叹词,,,0,2,-1,no,Class1,W201041,93.356284,1.580671,WD201
方法,ほうほう,方法,名词,,,0,-1,-1,no,Class1,W201042,94.936955,2.050248,WD201
check,チェック,核对、查对,名词,自サ,,1,-1,-1,yes,Class1,W201043,96.987203,1.98585,WD201
考え,かんがえ,想法,名词,,,3,-1,-1,no,Class1,W201044,98.973053,2.130476,WD201
用意,ようい,准备,名词,他サ,,1,-1,-1,no,Class1,W201045,101.103529,1.852761,WD201
皿,さら,碟子,名词,,,0,-1,-1,no,Class1,W201046,102.95629,1.948452,WD201
ご心配なく,ごしんぱいなく,请不必担心,词组,,,-1,-1,-1,no,Class1,W201047,104.904742,2.116311,WD201
本間,ほんま,本间（姓氏）,专有名词,,,0,-1,-1,no,Class1,W201048,107.021053,3.023622,WD201
veranda,ベランダ,阳台,名词,,,0,-1,-1,yes,Class1,W201049,110.044675,2.091904,WD201
植木鉢,うえきばち,花盆,名词,,,3,-1,-1,no,Class1,W201050,112.136579,2.640919,WD201
戸だな,とだな,橱、柜子,名词,,,0,-1,-1,no,Class1,W201051,114.777498,2.098808,WD201
食器,しょっき,餐具,名词,,,0,-1,-1,no,Class1,W201052,116.876306,2.318656,WD201
窓,まど,窗,名词,,,1,-1,-1,no,Class1,W201053,119.194962,2.199619,WD201
curtain,カーテン,窗帘,名词,,,1,-1,-1,yes,Class1,W201054,121.394581,2.233301,WD201
,かける,挂,他一,,,2,-1,-1,no,Class1,W201055,123.627882,2.516705,WD201
閉める,しめる,关闭、合上,他一,,,2,-1,-1,no,Class1,W201056,126.144587,2.266572,WD201
見える,みえる,看得见,自一,,,2,-1,-1,no,Class1,W201057,128.411159,2.348585,WD201
主,おも,主要,形容动词,,,1,-1,-1,no,Class1,W201058,130.759744,1.967819,WD201
政治,せいじ,政治,名词,,,0,-1,-1,no,Class1,W201059,132.727563,2.183424,WD201
原稿,げんこう,原稿,名词,,,0,-1,-1,no,Class1,W201060,134.910987,2.217082,WD201
,かい,用于表示亲昵的问话,终助,,,0,-1,-1,no,Class1,W201061,137.128069,2.167205,WD201
先,さき,先；首先,名词,,,0,-1,-1,no,Class1,W201062,139.295274,2.150149,WD201
引き止める,ひきとめる,挽留；制止,他一,,,4,-1,-1,no,Class1,W201063,141.445423,2.783808,WD201
夢中,むちゅう,热衷、着迷,形容动词,,,0,-1,-1,no,Class1,W201064,144.229231,2.334673,WD201
bargain,バーゲン,大减价,名词,,,1,-1,-1,yes,Class2,W202001,2.896467,1.766477,WD202
中島,なかじま,中岛（姓氏）,专有名词,,,0,-1,-1,no,Class2,W202002,4.662944,2.099954,WD202
coat,コート,大衣,名词,,,1,-1,-1,yes,Class2,W202003,6.762898,1.816112,WD202
形,かたち,形状,名词,,,0,-1,-1,no,Class2,W202004,8.57901,2.051141,WD202
気に入る,きにいる,中意、满意,词组,,,0,-1,-1,no,Class2,W202005,10.630151,2.048691,WD202
size,サイズ,尺寸,名词,,,1,-1,-1,yes,Class2,W202006,12.678842,2.067261,WD202
centi,センチ,厘米,名词,,,1,-1,-1,yes,Class2,W202007,14.746103,2.00006,WD202
,ぴったり,正合适的,副词,自サ,形容动词,3,-1,-1,no,Class2,W202008,16.746163,2.183482,WD202
軽い,かるい,轻的,形容词,,,0,-1,-1,no,Class2,W202009,18.929645,1.985,WD202
割引,わりびき,打折扣,名词,他サ,,0,-1,-1,no,Class2,W202010,20.914645,2.198476,WD202
新発売,しんはつばい,新上市、时新货,名词,,,3,-1,-1,no,Class2,W202011,23.113121,2.451814,WD202
青色,あおいろ,蓝色,名词,,,0,-1,-1,no,Class2,W202012,25.564935,2.114924,WD202
自習,じしゅう,自习，自修,名词,他サ,,0,-1,-1,no,Class2,W202013,27.679859,2.201362,WD202
遅れる,おくれる,迟到,自一,,,0,-1,-1,no,Class2,W202014,29.881221,2.13372,WD202
kilo,…キロ,公里,接尾,,,1,-1,-1,yes,Class2,W202015,32.014941,2.103405,WD202
店員,てんいん,店员,名词,,,0,-1,-1,no,Class2,W202016,34.118346,2.161653,WD202
,まっすぐ,笔直,副词,,,3,-1,-1,no,Class2,W202017,36.279999,2.103207,WD202
escalator,エスカレーター,自动扶梯,名词,,,4,-1,-1,yes,Class2,W202018,38.383206,2.33252,WD202
右,みぎ,右边,名词,,,0,-1,-1,no,Class2,W202019,40.715726,1.931786,WD202
曲がる,まがる,拐弯；弯曲,自五,,,0,-1,-1,no,Class2,W202020,42.647512,2.000089,WD202
左側,ひだりがわ,左边、左侧,名词,,,0,-1,-1,no,Class2,W202021,44.647601,2.599668,WD202
,なんか,（なにか的音便）等等,副助,,,1,-1,-1,no,Class2,W202022,47.247269,2.168271,WD202
,うーん,（表示否认，迟疑）嗯,叹词,,,2,-1,-1,no,Class2,W202023,49.41554,2.1343,WD202
,こういう,这种、这样,连体词,,,0,-1,-1,no,Class2,W202024,51.54984,2.139775,WD202
design,デザイン,设计、款式,名词,,,2,-1,-1,yes,Class2,W202025,53.689615,2.375941,WD202
,きつい,（衣服等）紧、瘦小；累人,形容词,,,0,-1,-1,no,Class2,W202026,56.065556,2.233613,WD202
爪先,つまさき,指尖、脚尖,名词,,,0,-1,-1,no,Class2,W202027,58.299169,2.250678,WD202
痛い,いたい,疼,形容词,,,2,-1,-1,no,Class2,W202028,60.549847,2.299263,WD202
札,さつ,纸币,名词,,,0,-1,-1,no,Class2,W202029,62.84911,2.100324,WD202
細かい,こまかい,零碎；细致,形容词,,,3,-1,-1,no,Class2,W202030,64.949434,2.599989,WD202
お釣り,おつり,找头,名词,,,0,-1,-1,no,Class2,W202031,67.549423,2.399895,WD202
預かる,あずかる,（代人）保管、收存,他五,,,3,-1,-1,no,Class2,W202032,69.949318,2.48799,WD202
毎度,まいど,每次,名词,,,0,-1,-1,no,Class2,W202033,72.437308,2.228967,WD202
予算,よさん,预算,名词,,,0,-1,-1,no,Class2,W202034,74.666275,2.500643,WD202
買い得,かいどく,合算,名词,,,0,-1,-1,no,Class2,W202035,77.166918,2.467812,WD202
返し,かえし,还,名词,,,3,-1,-1,no,Class2,W202036,79.63473,2.382877,WD202
似合う,にあう,合适,自五,,,2,-1,-1,no,Class2,W202037,82.017607,2.483035,WD202
色,いろ,颜色,名词,,,2,-1,-1,no,Class2,W202038,84.500642,2.417878,WD202
売切れる,うりきれる,售完,自一,,,4,-1,-1,no,Class2,W202039,86.91852,2.534469,WD202
試着,しちゃく,试穿,名词,他サ,,0,-1,-1,no,Class2,W202040,89.452989,2.366688,WD202
…本,…ほん,（计算细长物的单位）根、支,接尾,,,1,-1,-1,no,Class2,W202041,91.819677,2.048288,WD202
包み,つつみ,包、包裹,名词,,,3,-1,-1,no,Class2,W202042,93.867965,2.14988,WD202
畏まりました,かしこまりました,（表示恭敬地接受吩咐）知道了,寒喧语,,,-1,-1,-1,no,Class2,W202043,96.017845,3.100719,WD202
商店,しょうてん,商店,名词,,,1,-1,-1,no,Class2,W202044,99.118564,3.117515,WD202
小売店,こうりてん,零售店,名词,,,3,0,-1,no,Class2,W202045,102.236079,1.949369,WD202
営業,えいぎょう,营业、经商,名词,他サ,,0,-1,-1,no,Class2,W202046,104.185448,1.86817,WD202
convenience store,コンビニエンスストア,便利店,名词,,,9,-1,-1,yes,Class2,W202047,106.053618,2.833132,WD202
表示,ひょうじ,表示,名词,他サ,,0,-1,-1,no,Class2,W202048,108.88675,1.848744,WD202
,つける,定（价）、给（价）,他一,,,2,-1,-1,no,Class2,W202049,110.735494,1.733329,WD202
価格,かかく,价格,名词,,,0,1,-1,no,Class2,W202050,112.468823,1.866551,WD202
値引き,ねびき,减价,名词,他サ,,0,-1,-1,no,Class2,W202051,114.335374,1.883704,WD202
receipt,レシート,收据,名词,,,2,-1,-1,yes,Class2,W202052,116.219078,1.700464,WD202
領収書,りょうしゅうしょ,发票,名词,,,0,5,-1,no,Class2,W202053,117.919542,2.217794,WD202
取る,とる,拿、取,他五,,,1,-1,-1,no,Class2,W202054,120.137336,1.648631,WD202
金額,きんがく,金额,名词,,,0,-1,-1,no,Class2,W202055,121.785967,1.784343,WD202
間違う,まちがう,弄错；错,自五,,,3,-1,-1,no,Class2,W202056,123.57031,1.884141,WD202
返品,へんぴん,退货,名词,他サ,,0,-1,-1,no,Class2,W202057,125.454451,1.748831,WD202
証拠,しょうこ,证据,名词,,,0,-1,-1,no,Class2,W202058,127.203282,1.750695,WD202
特売,とくばい,特价出售,名词,,,0,-1,-1,no,Class2,W202059,128.953977,1.832653,WD202
大安売り,おおやすうり,大减价,名词,,,3,4,-1,no,Class2,W202060,130.78663,2.006764,WD202
傷む,いたむ,损坏,自五,,,2,-1,-1,no,Class2,W202061,132.793394,1.898187,WD202
品質,ひんしつ,品质,名词,,,0,-1,-1,no,Class2,W202062,134.691581,1.828667,WD202
頭,あたま,头,名词,,,3,-1,-1,no,Class3,,,,
手足,てあし,手脚,名词,,,1,-1,-1,no,Class3,,,,
だるい,だるい,懒倦的，慵懒的,形容词,,,2,-1,-1,no,Class3,,,,
目まい（眩暈）,めまい,头晕目眩,名词,,,2,-1,-1,no,Class3,,,,
欠席届,けっせきとどけ,请假条,名词,,,5,-1,-1,no,Class3,,,,
事務室,じむしつ,办公室,名词,,,2,-1,-1,no,Class3,,,,
風邪を引く,かぜをひく,感冒,词组,,,-1,-1,-1,no,Class3,,,,
診察,しんさつ,诊察,名词,他サ,,0,-1,-1,no,Class3,,,,
診断,しんだん,诊断,名词,他サ,,0,-1,-1,no,Class3,,,,
流感,りゅうかん,流感,名词,,,0,-1,-1,no,Class3,,,,
薬,くすり,药,名词,,,0,-1,-1,no,Class3,,,,
急ぐ,いそぐ,急，急速,自五,,,2,-1,-1,no,Class3,,,,
急,きゅう,突然，急迫,名词,形容动词,,0,-1,-1,no,Class3,,,,
胃,い,胃,名词,,,0,-1,-1,no,Class3,,,,
激しい,はげしい,剧烈的,形容词,,,3,-1,-1,no,Class3,,,,
痛み出す,いたみだす,疼起来,自五,,,4,-1,-1,no,Class3,,,,
吐き気,はきけ,想呕吐,名词,,,3,-1,-1,no,Class3,,,,
豚肉,ぶたにく,猪肉,名词,,,0,-1,-1,no,Class3,,,,
油物,あぶらもの,油腻食品,名词,,,0,-1,-1,no,Class3,,,,
胃潰瘍,いかいよう,胃溃疡,名词,,,2,-1,-1,no,Class3,,,,
今後,こんご,今后,名词,,,1,-1,-1,no,Class3,,,,
刺激,しげき,刺激,名词,他サ,,0,-1,-1,no,Class3,,,,
強い,つよい,强的，厉害的,形容词,,,2,-1,-1,no,Class3,,,,
できるだけ,できるだけ,尽可能,副词,,,0,-1,-1,no,Class3,,,,
控える,ひかえる,控制,他一,,,3,2,-1,no,Class3,,,,
止む,やむ,停住,自五,,,0,-1,-1,no,Class3,,,,
厭（嫌）,いや,讨厌,形容动词,,,2,-1,-1,no,Class3,,,,
薄着,うすぎ,衣服单薄,名词,自サ,,0,-1,-1,no,Class3,,,,
所為,せい,原因,名词,,,1,-1,-1,no,Class3,,,,
寒気,さむけ,发冷,名词,,,3,-1,-1,no,Class3,,,,
顔色,かおいろ,脸色,名词,,,0,-1,-1,no,Class3,,,,
熱,ねつ,热度,名词,,,2,-1,-1,no,Class3,,,,
額,ひたい,额,名词,,,0,-1,-1,no,Class3,,,,
あてる,あてる,放，碰，猜到,他一,,,0,-1,-1,no,Class3,,,,
おや,おや,（表示意外，惊讶）哎呀,叹词,,,1,0,-1,no,Class3,,,,
堪らない,たまらない,难以忍受的、忍受不了的,词组,,,0,-1,-1,no,Class3,,,,
どうも,どうも,总觉得,副词,,,1,-1,-1,no,Class3,,,,
いけない,いけない,不行、不该,词组,,,0,-1,-1,no,Class3,,,,
出る,でる,出勤、出席、（疾病）发生,自一,,,1,-1,-1,no,Class3,,,,
ゆっくり,ゆっくり,慢慢地，充裕,副词,,,3,-1,-1,no,Class3,,,,
承知,しょうち,知道,名词,他サ,,0,-1,-1,no,Class3,,,,
大事,だいじ,大事，保重,名词,形容动词,,1,3,-1,no,Class3,,,,
熱っぽい,ねつっぽい,发烧,形容词,,,4,-1,-1,no,Class3,,,,
喉（咽）,のど,喉咙，嗓子,名词,,,1,-1,-1,no,Class3,,,,
嚏,くしゃみ,打喷嚏,名词,他サ,,2,-1,-1,no,Class3,,,,
鼻水,はなみず,鼻涕,名词,,,0,4,-1,no,Class3,,,,
食欲,しょくよく,食欲,名词,,,0,2,-1,no,Class3,,,,
流行る,はやる,流行,自五,,,2,-1,-1,no,Class3,,,,
休校,きゅうこう,（学校）停课,名词,自サ,,0,-1,-1,no,Class3,,,,
先,さっき,刚才，方才,副词,,,1,-1,-1,no,Class3,,,,
計る,はかる,量,他五,,,2,-1,-1,no,Class3,,,,
度,ど,（温度，体温）度,接尾,,,-1,-1,-1,no,Class3,,,,
分,ぶ,（温度，体温）分,接尾,,,-1,-1,-1,no,Class3,,,,
咳,せき,咳嗽,名词,,,2,-1,-1,no,Class3,,,,
薬局,やっきょく,药房,名词,,,0,-1,-1,no,Class3,,,,
tabacco,タバコ,香烟,名词,,,0,-1,-1,yes,Class3,,,,
決して,けっして,决（不）,副词,,,0,-1,-1,no,Class3,,,,
吸う,すう,吸（烟）,他五,,,0,-1,-1,no,Class3,,,,
夜中,よなか,半夜,名词,,,3,-1,-1,no,Class3,,,,
脂っこい,あぶらっこい,油腻的,形容词,,,5,-1,-1,no,Class3,,,,
もどす,もどす,吐（的俗语）,他五,,,2,-1,-1,no,Class3,,,,
痛み,いたみ,疼痛,名词,,,3,-1,-1,no,Class3,,,,
キリキリ,キリキリ,刺痛,副词,自サ,,1,-1,-1,no,Class3,,,,
種類,しゅるい,种类,名词,,,1,-1,-1,no,Class3,,,,
壊す,こわす,弄坏、打碎,他五,,,2,-1,-1,no,Class3,,,,
働き,はたらき,作用,名词,,,0,-1,-1,no,Class3,,,,
弱る,よわる,衰弱、软弱,自五,,,2,-1,-1,no,Class3,,,,
腐る,くさる,变质、腐烂,自五,,,2,-1,-1,no,Class3,,,,
病,やまい,病、缺点,名词,,,1,-1,-1,no,Class3,,,,
恐ろしい,おそろしい,可怕的、可怖的,行,,,4,-1,-1,no,Class3,,,,
cholera,コレラ,霍乱,专有名词,,,1,-1,-1,yes,Class3,,,,
Typhus 德,チフス,伤寒,专有名词,,,1,-1,-1,yes,Class3,,,,
赤痢,せきり,菌痢,专有名词,,,1,-1,-1,no,Class3,,,,
伝染病,でんせんびょう,传染病,专有名词,,,1,-1,-1,no,Class3,,,,
黴菌,ばいきん,细菌,名词,,,0,-1,-1,no,Class3,,,,
付く,つく,附在,自五,,,1,2,-1,no,Class3,,,,
済む,すむ,了结、完结,自五,,,1,-1,-1,no,Class3,,,,
気にかける,きにかける,放在心上,词组,,,-1,-1,-1,no,Class3,,,,
万病,まんびょう,万病,名词,,,0,-1,-1,no,Class3,,,,
元,もと,根源,名词,,,0,-1,-1,no,Class3,,,,
原因,げんいん,原因,名词,,,0,-1,-1,no,Class3,,,,
重い,おもい,重的,形容词,,,0,-1,-1,no,Class3,,,,
油断,ゆだん,疏忽,名词,自サ,,0,-1,-1,no,Class3,,,,
橋本,はしもと,桥本（姓氏）,专有名词,,,0,-1,-1,no,Class4,,,,
もてなす,もてなす,招待,他五,,,0,-1,-1,no,Class4,,,,
食習慣,しょくしゅうかん,饮食习惯,名词,,,3,-1,-1,no,Class4,,,,
歓談,かんだん,畅谈,名词,自サ,,0,-1,-1,no,Class4,,,,
…目,…め,（表示数词的顺序）第…,接尾,,,-1,-1,-1,no,Class4,,,,
注文,ちゅうもん,订货，定购,名词,他サ,,0,-1,-1,no,Class4,,,,
乾杯,かんぱい,干杯,名词,自サ,,0,-1,-1,no,Class4,,,,
幸せ,しあわせ,幸福,名词,形容动词,,0,-1,-1,no,Class4,,,,
祝福,しゅくふく,祝福,名词,他サ,,0,-1,-1,no,Class4,,,,
寿司,すし,寿司,名词,,,2,-1,-1,no,Class4,,,,
召し上がる,めしあがる,飲む，食べる的敬语,他五,,,0,-1,-1,no,Class4,,,,
米,こめ,大米,名词,,,2,-1,-1,no,Class4,,,,
主食,しゅしょく,主食,名词,,,0,-1,-1,no,Class4,,,,
清酒,せいしゅ,清酒,名词,,,0,-1,-1,no,Class4,,,,
alcohol,アロコール,酒精,名词,,,0,-1,-1,yes,Class4,,,,
…分,…ぶん,成分,接尾,,,-1,-1,-1,no,Class4,,,,
茅台酒,もうたいしゅ,茅台酒,专有名词,,,3,-1,-1,no,Class4,,,,
限る,かぎる,限于，限定,自他五,,,2,-1,-1,no,Class4,,,,
冷める,さめる,（热的）东西变冷，（热情等）减退,自一,,,2,-1,-1,no,Class4,,,,
お粗末様でした,おそまつさまでした,（饭后主人说的客气话）怠慢了,,,,-1,-1,-1,no,Class4,,,,
空く,あく,空出，腾出,自五,,,0,-1,-1,no,Class4,,,,
様,さま,表示尊称,接尾,,,-1,-1,-1,no,Class4,,,,
menu,メニュー,菜单,名词,,,1,-1,-1,yes,Class4,,,,
為さる,なさる,（する）的敬语,他五,,,2,-1,-1,no,Class4,,,,
蟹,かに,螃蟹,名词,,,0,-1,-1,no,Class4,,,,
姿蒸し,すがたむし,整只蒸,名词,,,0,-1,-1,no,Class4,,,,
田うなぎ,たうなぎ,黄鳝,名词,,,3,-1,-1,no,Class4,,,,
揚げ物,あげもの,油炸食品,名词,,,0,-1,-1,no,Class4,,,,
少々,しょうしょう,少许，一点,名词,副词,,1,-1,-1,no,Class4,,,,
お待たせしました,おまたせしました,让您久等了,词组,,,-1,-1,-1,no,Class4,,,,
うん,うん,（はい的随便说法）嗯,叹词,,,1,-1,-1,no,Class4,,,,
旨い（甘い）,うまい,美味，高明,形容词,,,-1,-1,-1,no,Class4,,,,
御馳走様,ごちそうさま,承您款待了,词组,,,2,-1,-1,no,Class4,,,,
勘定,かんじょう,结帐，计算,名词,他サ,,3,-1,-1,no,Class4,,,,
伝票,でんぴょう,发票,名词,,,0,-1,-1,no,Class4,,,,
食生活,しょくせいかつ,饮食生活,名词,,,3,-1,-1,no,Class4,,,,
風土,ふうど,风水,名词,,,1,-1,-1,no,Class4,,,,
水準,すいじゅん,水准、水平,名词,,,0,-1,-1,no,Class4,,,,
様式,ようしき,样式,名词,,,0,-1,-1,no,Class4,,,,
世紀,せいき,世纪,名词,,,1,-1,-1,no,Class4,,,,
年代,ねんだい,年代,名词,,,0,-1,-1,no,Class4,,,,
改革,かいかく,改革,名词,他サ,,0,-1,-1,no,Class4,,,,
開放,かいほう,开放,名词,他サ,,0,-1,-1,no,Class4,,,,
高度,こうど,高度、高级,名词,形容动词,,1,-1,-1,no,Class4,,,,
成長期,せいちょうき,成长期、（经济）发展期,名词,,,3,-1,-1,no,Class4,,,,
個人,こじん,个人,名词,,,1,-1,-1,no,Class4,,,,
所得,しょとく,所得,名词,,,0,-1,-1,no,Class4,,,,
著しい,いちじるしい,明显的、显著的,形容词,,,5,-1,-1,no,Class4,,,,
伸びる,のびる,增加；伸展；伸长,自一,,,2,-1,-1,no,Class4,,,,
洗濯機,せんたくき,洗衣机,名词,,,3,4,-1,no,Class4,,,,
家事,かじ,家务事,名词,,,1,-1,-1,no,Class4,,,,
負担,ふたん,负担,名词,他サ,,0,-1,-1,no,Class4,,,,
こうした,こうした,这种、这样的,连体词,,,0,-1,-1,no,Class4,,,,
伸び,のび,伸展、发展,名词,,,2,-1,-1,no,Class4,,,,
変化,へんか,变化,名词,自サ,,1,-1,-1,no,Class4,,,,
量,りょう,数量,名词,,,1,-1,-1,no,Class4,,,,
質,しつ,质量,名词,,,0,-1,-1,no,Class4,,,,
変える,かえる,改变、变更,他一,,,0,-1,-1,no,Class4,,,,
現在,げんざい,现在,名词,,,1,-1,-1,no,Class4,,,,
乳製品,にゅうせいひん,乳制品,名词,,,3,-1,-1,no,Class4,,,,
人々,ひとびと,人人、每个人,名词,,,2,-1,-1,no,Class4,,,,
紅茶,こうちゃ,红茶,名词,,,0,-1,-1,no,Class4,,,,
cola,コーラ,可乐,专有名词,,,1,-1,-1,yes,Class4,,,,
好む,このむ,爱好,他五,,,2,-1,-1,no,Class4,,,,
紹興酒,しょうこうしゅ,绍兴酒,专有名词,,,3,-1,-1,no,Class4,,,,
白酒,バイチュウ,中国白酒,名词,,,3,-1,-1,no,Class4,,,,
whiskey,ウィスキー,威士忌,名词,,,2,3,-1,yes,Class4,,,,
wine,ワイン,葡萄酒,名词,,,1,-1,-1,yes,Class4,,,,
若者,わかもの,年轻人,名词,,,0,-1,-1,no,Class4,,,,
family restaurant,ファミリーレストラン,家庭餐馆,名词,,,5,-1,-1,yes,Class4,,,,
fast food,ファーストフード,快餐食品，方便食品,名词,,,5,-1,-1,yes,Class4,,,,
外食産業,がいしょくさんぎょう,餐饮业,名词,,,5,-1,-1,no,Class4,,,,
急激,きゅうげき,急剧,形容动词,,,0,-1,-1,no,Class4,,,,
国際化,こくさいか,国际化,名词,,,0,-1,-1,no,Class4,,,,
顕著,けんちょ,显著的,形容动词,,,1,-1,-1,no,Class4,,,,
背景,はいけい,背景,名词,,,0,-1,-1,no,Class4,,,,
家族団欒,かぞくだんらん,一家团乐,名词,,,1,-1,-1,no,Class4,,,,
減る,ヘる,减少,自五,,,0,-1,-1,no,Class4,,,,
tape recorder,テープレコーダー,录音机,名词,,,5,-1,-1,yes,Class5,,,,
cassette,カセット,（盒式）录音磁带，录音机,名词,,,2,-1,-1,yes,Class5,,,,
取り出し,とりだし,取出来,名词,,,0,-1,-1,no,Class5,,,,
button,ボタン,按钮，钮扣,名词,,,0,-1,-1,yes,Class5,,,,
押す,おす,按，推,他五,,,0,-1,-1,no,Class5,,,,
蓋,ふた,盖子,名词,,,0,-1,-1,no,Class5,,,,
再生,さいせい,（录音）重放，死而复生,名词,自他サ,,0,-1,-1,no,Class5,,,,
回る,まわる,旋转，绕道，轮流,自五,,,0,-1,-1,no,Class5,,,,
音量,おんりょう,音量,名词,,,0,3,-1,no,Class5,,,,
つまみ,つまみ,（器物上的）旋钮，下酒菜,名词,,,0,-1,-1,no,Class5,,,,
回す,まわす,转，转动,他五,,,0,-1,-1,no,Class5,,,,
調節,ちょうせつ,调节,名词,他サ,,0,-1,-1,no,Class5,,,,
動く,うごく,转动，移动,自五,,,2,-1,-1,no,Class5,,,,
電池,でんち,电池,名词,,,1,-1,-1,no,Class5,,,,
方向,ほうこう,方向,名词,,,0,-1,-1,no,Class5,,,,
電池入れ,でんちいれ,电池匣,名词,,,3,-1,-1,no,Class5,,,,
裏側,うらがわ,背面，反面,名词,,,0,-1,-1,no,Class5,,,,
…側,…がわ,一侧，一边，方面,接尾,,,0,-1,-1,no,Class5,,,,
minus,マイナス,阴极，负数,名词,他サ,,0,-1,-1,yes,Class5,,,,
plus,プラス,正数，阳极,名词,他サ,,1,-1,-1,yes,Class5,,,,
間違える,まちがえる,弄错,他一,,,4,3,-1,no,Class5,,,,
液,えき,液体,名词,,,1,-1,-1,no,Class5,,,,
漏れる,もれる,漏，泄,自一,,,2,-1,-1,no,Class5,,,,
温度,おんど,温度,名词,,,1,-1,-1,no,Class5,,,,
故障,こしょう,故障,名词,自サ,,0,-1,-1,no,Class5,,,,
絶対,ぜったい,绝对，坚决,名词,副词,,0,-1,-1,no,Class5,,,,
爪,ツメ,防消卡子,名词,,,0,-1,-1,no,Class5,,,,
折る,おる,折，弯,他五,,,1,-1,-1,no,Class5,,,,
うっかり,うっかり,疏忽，大意,副词,自サ,,3,-1,-1,no,Class5,,,,
操作,そうさ,操作,名词,他サ,,1,-1,-1,no,Class5,,,,
名称,めいしょう,名称,名词,,,0,-1,-1,no,Class5,,,,
巻き戻し,まきもどし,倒卷,名词,,,0,-1,-1,no,Class5,,,,
停止,ていし,停顿，停止,名词,自他サ,,0,-1,-1,no,Class5,,,,
早送り,はやおくり,快进,名词,,,3,0,-1,no,Class5,,,,
どのよう,どのよう,如何，怎样,形容动词,,,1,-1,-1,no,Class5,,,,
巻き戻す,まきもどす,倒卷,他五,,,0,-1,-1,no,Class5,,,,
開く,ひらく,开，（商店等）开门,自五,,,0,-1,-1,no,Class5,,,,
自動的,じどうてき,自动的,形容动词,,,0,-1,-1,no,Class5,,,,
下,した,下面,名词,,,0,-1,-1,no,Class5,,,,
引っ張る,ひっぱる,拉，曳，拉紧,他五,,,3,-1,-1,no,Class5,,,,
反対,はんたい,这边儿,名词,形容动词,自サ,0,-1,-1,no,Class5,,,,
こっち,こっち,侧面，宽，横，旁边,名词,,,3,-1,-1,no,Class5,,,,
横,よこ,断开，能切,自一,,,0,-1,-1,no,Class5,,,,
切れる,きれる,失败,名词,自サ,,0,-1,-1,no,Class5,,,,
失敗,しっぱい,发音，发声,名词,他サ,,2,-1,-1,no,Class5,,,,
発音,はつおん,发音；发声,接尾,,,0,-1,-1,no,Class5,,,,
…用,…よう,用于……（方面）,接尾,,,0,-1,-1,no,Class5,,,,
ほら,ほら,瞧,叹词,,,1,-1,-1,no,Class5,,,,
はあ,はあ,（答应）是，（惊叹）嗬，（疑问）啊,叹词,,,1,-1,-1,no,Class5,,,,
hearing,ヒヤリング,听音练习,名词,,,1,-1,-1,yes,Class5,,,,
貸す,かす,借给，借出,他五,,,2,-1,-1,no,Class5,,,,
学ぶ,まなぶ,学习,他五,,,0,-1,-1,no,Class5,,,,
教材,きょうざい,教材,名词,,,0,-1,-1,no,Class5,,,,
ような気がする,ようなきがする,感到,词组,,,-1,-1,-1,no,Class5,,,,
却って,かえって,相反，反倒,副词,,,1,-1,-1,no,Class5,,,,
認証,にんしょう,认证,名词,,,0,-1,-1,no,Class5,,,,
自販機,じはんき,自动售货机,名词,,,2,-1,-1,no,Class5,,,,
自動販売機,じどうはんばいき,自动售货机,名词,,,6,-1,-1,no,Class5,,,,
硬貨,こうか,硬币,名词,,,1,-1,-1,no,Class5,,,,
紙幣,しへい,纸币,名词,,,1,-1,-1,no,Class5,,,,
又は,または,或者,接词,,,2,-1,-1,no,Class5,,,,
替わる,かわる,代替；替换,自五,,,0,-1,-1,no,Class5,,,,
card,カード,卡片,名词,,,1,-1,-1,yes,Class5,,,,
物品,ぶっぴん,物品,名词,,,0,-1,-1,no,Class5,,,,
service,サービス,服务；廉价出售,名词,自他サ,,1,-1,-1,yes,Class5,,,,
提供,ていきょう,提供,名词,他サ,,0,-1,-1,no,Class5,,,,
機械,きかい,机械,名词,,,2,-1,-1,no,Class5,,,,
self,セルフ,自动；自我,名词,,,1,-1,-1,yes,Class5,,,,
方式,ほうしき,方式,名词,,,0,-1,-1,no,Class5,,,,
一歩,いっぼ,一步,名词,,,1,-1,-1,no,Class5,,,,
無人,むじん,五人,名词,,,0,-1,-1,no,Class5,,,,
休日,きゅうじつ,休息日,名词,,,0,-1,-1,no,Class5,,,,
夜間,やかん,夜间,名词,,,0,1,-1,no,Class5,,,,
利点,りてん,好处、优点,名词,,,0,-1,-1,no,Class5,,,,
類,るい,种类,接尾,,,0,1,-1,no,Class5,,,,
cupめん,カップ麵,（纸杯等包装的）快餐面,名词,,,3,-1,-1,yes,Class5,,,,
売る,うる,出售、卖,他五,,,0,-1,-1,no,Class5,,,,
代金,だいきん,价款、货款,名词,,,1,0,-1,no,Class5,,,,
投入口,とうにゅうぐち,投钱孔,名词,,,3,-1,-1,no,Class5,,,,
投入,とうにゅう,投入、扔进,名词,他サ,,0,-1,-1,no,Class5,,,,
未成年者,みせいねんしゃ,未成年人,名词,,,4,-1,-1,no,Class5,,,,
喫煙,きつえん,吸烟,名词,自サ,,0,-1,-1,no,Class5,,,,
飲酒,いんしゅ,饮酒,名词,自サ,,0,-1,-1,no,Class5,,,,
防止,ぼうし,防止,名词,他サ,,0,-1,-1,no,Class5,,,,
成人,せいじん,成人,名词,,,0,-1,-1,no,Class5,,,,
識別,しきべつ,识别,名词,他サ,,0,-1,-1,no,Class5,,,,
装置,そうち,装置,名词,,,1,-1,-1,no,Class5,,,,
身分,みぶん,身份、位置,名词,,,1,-1,-1,no,Class5,,,,
確認,かくにん,确认,名词,他サ,,0,-1,-1,no,Class5,,,,
交通係,こうつうがかり,交通协管员,名词,,,5,-1,-1,no,Class6,,,,
道,みち,道路,名词,,,0,-1,-1,no,Class6,,,,
尋ねる,たずねる,询问，打听,他一,,,3,-1,-1,no,Class6,,,,
駅員,えきいん,车站工作人员,名词,,,0,2,-1,no,Class6,,,,
mike,マイク,麦克风，话筒,名词,,,1,-1,-1,yes,Class6,,,,
announce,アナウンス,广播，报告,名词,他サ,,2,3,-1,yes,Class6,,,,
車内,しゃない,车内,名词,,,1,-1,-1,no,Class6,,,,
流す,ながす,播放，使…流动,他五,,,2,-1,-1,no,Class6,,,,
通う,かよう,往来,自五,,,0,-1,-1,no,Class6,,,,
乗客,じょうきゃく,乘客,名词,,,0,-1,-1,no,Class6,,,,
通学生,つうがくせい,走读生,名词,,,3,4,-1,no,Class6,,,,
それでも,それでも,尽管如此,接词,,,3,-1,-1,no,Class6,,,,
危ない,あぶない,危险,形容词,,,0,-1,-1,no,Class6,,,,
車道,しゃどう,车行道,名词,,,0,-1,-1,no,Class6,,,,
横切る,よこぎる,横穿,他五,,,3,-1,-1,no,Class6,,,,
左,ひだり,左边，左,名词,,,0,-1,-1,no,Class6,,,,
横断歩道,おうだんほどう,人行横道,名词,,,5,-1,-1,no,Class6,,,,
通る,とおる,通过，走过，穿过,自五,,,1,-1,-1,no,Class6,,,,
伺う,うかがう,（聞く，訪ねる）的谦让语,他五,,,0,-1,-1,no,Class6,,,,
plantform,プラットホーム,站台,名词,,,5,-1,-1,yes,Class6,,,,
一号線,いちごうせん,一号线,名词,,,0,-1,-1,no,Class6,,,,
新荘,しんしょう,莘庄,名词,,,0,1,-1,no,Class6,,,,
…行き,…ゆき,开往……,接尾,,,0,-1,-1,no,Class6,,,,
ひとりひとり,ひとりひとり,一个一个,副词,,,5,-1,-1,no,Class6,,,,
順に,じゅんに,有秩序地，依次,副词,,,0,-1,-1,no,Class6,,,,
立つ,たつ,立，站，升，冒,自五,,,1,-1,-1,no,Class6,,,,
奥,おく,深处，里头，内宅,名词,,,1,-1,-1,no,Class6,,,,
詰める,つめる,往…挤一挤，装入,他一,,,2,-1,-1,no,Class6,,,,
人民広場,じんみんひろば,人民广场,专有名词,,,5,-1,-1,no,Class6,,,,
いくつ目,いくつめ,第几个,名词,,,0,4,-1,no,Class6,,,,
駅前,えきまえ,车站前,名词,,,3,-1,-1,no,Class6,,,,
待たせる,またせる,让…等,他一,,,3,-1,-1,no,Class6,,,,
終点,しゅうてん,终点,名词,,,0,2,-1,no,Class6,,,,
停車,ていしゃ,停车,名词,自サ,,0,-1,-1,no,Class6,,,,
常に,つねに,经常,副词,,,1,-1,-1,no,Class6,,,,
心掛ける,こころがける,留心，留意,他一,,,5,-1,-1,no,Class6,,,,
防止,ぼうし,防止,名词,他サ,,0,-1,-1,no,Class6,,,,
やむを得ず,やむをえず,不得已,副词,,,4,-1,-1,no,Class6,,,,
急停車,きゅうていしゃ,急刹车,名词,,,3,-1,-1,no,Class6,,,,
発車,はっしゃ,发车,名词,自サ,,0,-1,-1,no,Class6,,,,
揺れる,ゆれる,摇动，摇晃,自一,,,0,-1,-1,no,Class6,,,,
手摺り,てすり,扶手,名词,,,3,-1,-1,no,Class6,,,,
摑まる,つかまる,抓住，被逮住,自五,,,0,-1,-1,no,Class6,,,,
方面,ほうめん,方向，方面,名词,,,3,-1,-1,no,Class6,,,,
お出で,おいで,（行く，来る，いる）的敬语,名词,,,0,-1,-1,no,Class6,,,,
忘れ物,わすれもの,遗失物,名词,,,0,-1,-1,no,Class6,,,,
支度,したく,准备，（外出）打扮,名词,自サ,,0,-1,-1,no,Class6,,,,
乗車,じょうしゃ,乘车,名词,自サ,,0,-1,-1,no,Class6,,,,
お疲れ様でした,おつかれさまでした,辛苦了,寒暄语,,,6,-1,-1,no,Class6,,,,
ご利用くださいまして,ごりようくださいまして,承蒙利用,词组,,,-1,-1,-1,no,Class6,,,,
上海科学館,しゃんはいかがくかん,上海科技馆,专有名词,,,7,-1,-1,no,Class6,,,,
誠に,まことに,实在，真诚,副词,,,0,-1,-1,no,Class6,,,,
角,かど,角，拐角,名词,,,1,-1,-1,no,Class6,,,,
通り,とおり,大街，马路,名词,,,3,-1,-1,no,Class6,,,,
正面,しょうめん,正面,名词,,,3,-1,-1,no,Class6,,,,
rush,ラッシュ,高峰时期,名词,,,1,-1,-1,yes,Class6,,,,
いくら,いくら,（与…ても糊一个）即使……也,副词,,,1,-1,-1,no,Class6,,,,
起こる,おこる,发生,自五,,,2,-1,-1,no,Class6,,,,
すし詰め,すしづめ,拥挤不堪,名词,,,0,-1,-1,no,Class6,,,,
身動き,みうごき,转动身子,名词,,,2,4,-1,no,Class6,,,,
早目,はやめ,提早、早些,名词,形容动词,,0,3,-1,no,Class6,,,,
空く,すく,有空隙，有间隙,自五,,,0,-1,-1,no,Class6,,,,
いくらか,いくらか,多少、稍微,副词,,,1,3,-1,no,Class6,,,,
増し,まし,胜过，增多,名词,形容动词,,0,-1,-1,no,Class6,,,,
感心,かんしん,钦佩，佩服,名词,形容动词,自サ,0,-1,-1,no,Class6,,,,
ますます,ますます,益发，越发,副词,,,2,-1,-1,no,Class6,,,,
深刻,しんこく,严重,形容动词,,,0,-1,-1,no,Class6,,,,
悲観,ひかん,悲观,名词,自他サ,,0,-1,-1,no,Class6,,,,
どんどん,どんどん,接二连三，（进展）顺利,副词,,,1,-1,-1,no,Class6,,,,
事情,じじょう,情形，情况,名词,,,0,-1,-1,no,Class6,,,,
交通機関,こうつうきかん,交通工具,名词,,,5,6,-1,no,Class6,,,,
公共,こうきょう,公共,名词,,,0,-1,-1,no,Class6,,,,
読み取り機,よみとりき,读卡机、检票机,名词,,,4,-1,-1,no,Class6,,,,
かざす,かざす,放在……上面,他五,,,0,2,-1,no,Class6,,,,
料金,りょうきん,使用费,名词,,,1,0,-1,no,Class6,,,,
支払い,しはらい,付、支付,名词,,,0,-1,-1,no,Class6,,,,
完了,かんりょう,完了、完事,名词,自他サ,,0,-1,-1,no,Class6,,,,
各駅,かくえき,各个车站,名词,,,1,0,-1,no,Class6,,,,
McDonald’s,マクドナルド,麦当劳,专有名词,,,4,-1,-1,yes,Class6,,,,
charge,チャージ,充值,名词,,,1,-1,-1,yes,Class6,,,,
有効期限,ゆうこうきげん,有效期限,名词,,,5,-1,-1,no,Class6,,,,
不要,ふよう,不要；不需要,名词,形容动词,,0,-1,-1,no,Class6,,,,
大衆,たいしゅう,大众,名词,,,0,-1,-1,no,Class6,,,,
ticket,チケット,票、券,名词,,,1,2,-1,yes,Class6,,,,
返却,へんきゃく,退换、归还,名词,他サ,,0,-1,-1,no,Class6,,,,
使用,しよう,使用,名词,他サ,,0,-1,-1,no,Class6,,,,
可能,かのう,可能,名词,,,0,-1,-1,no,Class6,,,,
範囲,はんい,范围,名词,,,1,-1,-1,no,Class6,,,,
ferry,フェリー,渡轮,名词,,,1,-1,-1,yes,Class6,,,,
高速道路,こうそくどうろ,高速公路,名词,,,5,-1,-1,no,Class6,,,,
距離,きょり,距离,名词,,,1,-1,-1,no,Class6,,,,
比例,ひれい,比利,名词,自サ,,0,-1,-1,no,Class6,,,,
磁気,じき,磁性,名词,,,1,-1,-1,no,Class6,,,,
…式,…しき,式,结尾,,,-1,-1,-1,no,Class6,,,,
構内,こうない,车站内、场内、区域内,名词,,,1,-1,-1,no,Class6,,,,
券売機,けんばいき,售票机,名词,,,3,-1,-1,no,Class6,,,,
改札,かいさつ,检票,名词,,,0,-1,-1,no,Class6,,,,
入場,にゅうじょう,入场,名词,自サ,,0,-1,-1,no,Class6,,,,
到着駅,とうちゃくえき,到达的车站,名词,,,4,-1,-1,no,Class6,,,,
同様,どうよう,同样、一个样,形容动词,,,0,-1,-1,no,Class6,,,,
出場,しゅつじょう,出场,名词,自サ,,0,-1,-1,no,Class6,,,,
手を上げる,てをあげる,扬手、招手,词组,,,-1,-1,-1,no,Class6,,,,
行き先,ゆきさき,目的地,名词,,,0,-1,-1,no,Class6,,,,
告げる,つげる,告知,他一,,,0,-1,-1,no,Class6,,,,
普及率,ふきゅうりつ,普及率,名词,,,2,-1,-1,no,Class6,,,,
記す,しるす,记下、写下,他サ,,,0,-1,-1,no,Class6,,,,
紙,かみ,纸,名词,,,2,-1,-1,no,Class6,,,,
降車,こうしゃ,下车,名词,自サ,,0,-1,-1,no,Class6,,,,
際,さい,时候、场合,名词,,,1,-1,-1,no,Class6,,,,
受け取る,うけとる,接受,他五,,,0,3,-1,no,Class6,,,,
会社名,かいしゃめい,公司名,名词,,,3,-1,-1,no,Class6,,,,
走行,そうこう,行驶、行车,名词,,,0,-1,-1,no,Class6,,,,
trouble,トラブル,纠纷、纠葛,名词,,,2,-1,-1,yes,Class6,,,,
助け,たすけ,帮助,名词,,,3,-1,-1,no,Class6,,,,
しbus,市バス,城市公交车,名词,,,0,-1,-1,yes,Class6,,,,
運賃,うんちん,车费,名词,,,1,-1,-1,no,Class6,,,,
車掌,しゃしょう,售票员、乘务员,名词,,,0,-1,-1,no,Class6,,,,
発車,はっしゃ,发车、开车,名词,自サ,,0,-1,-1,no,Class6,,,,
徴収,ちょうしゅう,征收、收取,名词,他サ,,0,-1,-1,no,Class6,,,,
開く,ひらく,召开，打开,他五,,,2,-1,-1,no,Class7,,,,
祝い,いわい,祝贺，贺礼,名词,,,2,-1,-1,no,Class7,,,,
別科,べっか,别科,名词,,,0,-1,-1,no,Class7,,,,
蔡,さい,蔡（姓氏）,专有名词,,,1,-1,-1,no,Class7,,,,
切紙,きりがみ,剪纸,名词,,,2,-1,-1,no,Class7,,,,
周,しゅう,周（姓氏）,专有名词,,,1,-1,-1,no,Class7,,,,
まるで,まるで,宛如…，完全,副词,,,0,-1,-1,no,Class7,,,,
本物,ほんもの,真东西，真货,名词,,,0,-1,-1,no,Class7,,,,
手伝う,てつだう,帮忙，帮助,他五,,,3,-1,-1,no,Class7,,,,
助かる,たすかる,得救，得到帮助,自五,,,3,-1,-1,no,Class7,,,,
司会,しかい,主持会议,名词,他サ,,0,-1,-1,no,Class7,,,,
赵,ちょう,赵（姓氏）,专有名词,,,1,-1,-1,no,Class7,,,,
中山,なかやま,中山（姓氏）,专有名词,,,0,-1,-1,no,Class7,,,,
おめでとうございます,おめでとうございます,祝贺（您）,寒暄语,,,-1,-1,-1,no,Class7,,,,
たいした,たいした,了不起,连体词,,,1,-1,-1,no,Class7,,,,
翌日,よくじつ,次日，第二天,名词,,,0,-1,-1,no,Class7,,,,
急用,きゅうよう,急事,名词,,,0,-1,-1,no,Class7,,,,
残念,ざんねん,遗憾，抱歉,形容动词,,,3,-1,-1,no,Class7,,,,
John,ジョン,约翰（姓氏）,专有名词,,,1,-1,-1,yes,Class7,,,,
Allen,アルン,艾伦（姓氏）,专有名词,,,1,-1,-1,yes,Class7,,,,
絵葉書,えはがき,图画明星片,名词,,,2,-1,-1,no,Class7,,,,
Pierre 法,ピエール,皮埃尔（姓氏）,专有名词,,,0,-1,-1,yes,Class7,,,,
陳,ちん,陈（姓氏）,专有名词,,,1,-1,-1,no,Class7,,,,
送る,おくる,寄，送，送行，度过,他五,,,0,-1,-1,no,Class7,,,,
素敵,すてき,极好，极漂亮,形容动词,名词,,0,-1,-1,no,Class7,,,,
優しい,やさしい,温柔，体贴,形容词,,,0,-1,-1,no,Class7,,,,
世話をする,せわをする,照顾，照料,词组,,,2,-1,-1,no,Class7,,,,
大掃除,おおそうじ,大扫除,名词,,,3,-1,-1,no,Class7,,,,
お土産,おみやげ,土产，礼物，纪念品,名词,,,0,-1,-1,no,Class7,,,,
一人っ子,ひとりっこ,独生子女,名词,,,3,-1,-1,no,Class7,,,,
銀婚式,ぎんこうしき,银婚庆典,名词,,,3,-1,-1,no,Class7,,,,
頃,ころ,时候、时期,名词,,,1,-1,-1,no,Class7,,,,
世の中,よのなか,世上,名词,,,2,-1,-1,no,Class7,,,,
苦しい,くるしい,痛苦的、艰苦的,形容词,,,3,-1,-1,no,Class7,,,,
丈夫,じょうぶ,坚固的，结实的,形容动词,,,0,-1,-1,no,Class7,,,,
育てる,そだてる,养育；抚养,他一,,,3,-1,-1,no,Class7,,,,
御蔭,おかげ,多亏；由于,名词,,,0,-1,-1,no,Class7,,,,
青春,せいしゅん,青春,名词,,,0,-1,-1,no,Class7,,,,
十分,じゅうぶん,充分；足够,副词,形容动词,,3,-1,-1,no,Class7,,,,
有意義,ゆういぎ,有意义的,形容动词,,,3,-1,-1,no,Class7,,,,
涙ぐむ,なみだぐむ,含泪,自五,,,4,-1,-1,no,Class7,,,,
violin,バイオリン,小提琴,名词,,,0,-1,-1,yes,Class7,,,,
弾く,ひく,弹,他五,,,0,-1,-1,no,Class7,,,,
沢田,さわだ,泽田（姓氏）,专有名词,,,0,-1,-1,no,Class8,,,,
聞き取る,ききとる,听见，听懂,他五,,,3,-1,-1,no,Class8,,,,
大して,たいして,（下接否定）并不那么,副词,,,1,-1,-1,no,Class8,,,,
苦労,くろう,辛苦，操劳,名词,自サ,形容动词,1,-1,-1,no,Class8,,,,
点,てん,点，分数，观点,名词,,,0,-1,-1,no,Class8,,,,
常用漢字,じょうようかんじ,常用汉字,名词,,,0,-1,-1,no,Class8,,,,
引く,ひく,查，扣除，拉,他五,,,0,-1,-1,no,Class8,,,,
televisionこうざ,テレビ講座,电视讲座,名词,,,0,-1,-1,yes,Class8,,,,
初級,しょきゅう,初级,名词,,,0,-1,-1,no,Class8,,,,
中級,ちゅうきゅう,中级,名词,,,0,-1,-1,no,Class8,,,,
駄目,だめ,白费，不行,形容动词,,,2,-1,-1,no,Class8,,,,
四声,しせい,（汉字的）四声,名词,,,0,-1,-1,no,Class8,,,,
指導,しどう,领导，指导,名词,他サ,,0,-1,-1,no,Class8,,,,
下（許）,もと,底下；身边；在……下,名词,,,2,-1,-1,no,Class8,,,,
カラオケ,カラオケ,卡拉OK,名词,,,0,-1,-1,no,Class8,,,,
曲,きょく,歌曲，曲调,名词,,,1,0,-1,no,Class8,,,,
忘年会,ぼうねんかい,年终联欢会,名词,,,3,-1,-1,no,Class8,,,,
披露,ひろう,披露，宣布,名词,他サ,,1,-1,-1,no,Class8,,,,
班長,はんちょう,班长,名词,,,1,-1,-1,no,Class8,,,,
悩み,なやみ,烦恼、苦恼,名词,,,3,-1,-1,no,Class8,,,,
のんびり,のんびり,舒舒服服、悠然自得的,副词,自サ,,3,-1,-1,no,Class8,,,,
ちゃんと,ちゃんと,规矩地；整齐地；好好地,副词,,,0,-1,-1,no,Class8,,,,
関係,かんけい,关系,名词,,,0,-1,-1,no,Class8,,,,
疲れ,つかれ,累、疲倦,名词,,,3,-1,-1,no,Class8,,,,
眠れる,ねむれる,能睡（着）觉,自一,,,0,-1,-1,no,Class8,,,,
辛い,つらい,痛苦的、难受的,形容词,,,0,-1,-1,no,Class8,,,,
真面目,まじめ,认真、严肃、诚实,形容动词,,,0,-1,-1,no,Class8,,,,
何もかも,なにもかも,一切、全部,词组,,,1,4,-1,no,Class8,,,,
任せる,まかせる,托付、委托,他一,,,3,-1,-1,no,Class8,,,,
そのうち,そのうち,不久、过会儿,副词,,,0,-1,-1,no,Class8,,,,
relax,リラックス,放松,自サ,,,2,-1,-1,yes,Class8,,,,
尊敬,そんけい,尊敬,名词,他サ,,0,-1,-1,no,Class9,,,,
活発,かっぱつ,活泼，活跃,形容动词,,,0,-1,-1,no,Class9,,,,
教わる,おそわる,跟…学习，受教,他五,,,0,-1,-1,no,Class9,,,,
態度,たいど,态度,名词,,,1,-1,-1,no,Class9,,,,
成績,せいせき,成绩,名词,,,0,-1,-1,no,Class9,,,,
褒める,ほめる,表扬，赞扬,他一,,,2,-1,-1,no,Class9,,,,
同級生,どうきゅうせい,同年级学生,名词,,,3,-1,-1,no,Class9,,,,
喧嘩,けんか,争吵，打架,名词,自サ,,0,-1,-1,no,Class9,,,,
叱る,しかる,骂，责备,他五,,,0,-1,-1,no,Class9,,,,
横山,よこやま,横山（姓氏）,专有名词,,,2,-1,-1,no,Class9,,,,
兄弟,きょうだい,弟兄，兄弟,名词,,,1,-1,-1,no,Class9,,,,
仲,なか,交情，关系,名词,,,1,-1,-1,no,Class9,,,,
助け合う,たすけあう,互相帮助,他五,,,4,-1,-1,no,Class9,,,,
混雑,こんざつ,混乱，混杂,名词,自サ,,1,-1,-1,no,Class9,,,,
目に遭う,めにあう,遇见（倒霉事）,词组,,,-1,-1,-1,no,Class9,,,,
後ろ,うしろ,后面,名词,,,0,-1,-1,no,Class9,,,,
踏む,ふむ,踩，踏,他五,,,0,-1,-1,no,Class9,,,,
血,ち,血,名词,,,0,-1,-1,no,Class9,,,,
掏摸,すり,扒手,名词,,,1,-1,-1,no,Class9,,,,
財布,さいふ,钱包，钱袋,名词,,,0,-1,-1,no,Class9,,,,
掏る,する,扒窃,他五,,,1,-1,-1,no,Class9,,,,
悪者,わるもの,坏人，坏蛋,名词,,,0,-1,-1,no,Class9,,,,
襲う,おそう,袭击,他五,,,2,0,-1,no,Class9,,,,
口げんか,くちげんか,吵嘴，吵架,名词,,,3,-1,-1,no,Class9,,,,
紙くず,かみくず,废纸，纸屑,名词,,,3,-1,-1,no,Class9,,,,
散らかす,ちらかす,乱扔，乱撒,他五,,,0,-1,-1,no,Class9,,,,
掃く,はく,扫,他五,,,1,-1,-1,no,Class9,,,,
生意気,なまいき,自大，傲慢,名词,形容动词,,0,-1,-1,no,Class9,,,,
言葉づかい,ことばづかい,措辞,名词,,,4,-1,-1,no,Class9,,,,
乱暴,らんぼう,粗暴，粗鲁,形容动词,,,0,-1,-1,no,Class9,,,,
怒る,おこる,生气，发怒,自五,,,2,-1,-1,no,Class9,,,,
仲直り,なかなおり,和好，言归于好,名词,自サ,,3,-1,-1,no,Class9,,,,
虐める,いじめる,欺负，虐待,他一,,,0,-1,-1,no,Class9,,,,
思い出す,おもいだす,想起,他五,,,0,-1,-1,no,Class9,,,,
騙す,だます,欺骗,他五,,,2,-1,-1,no,Class9,,,,
殴る,なぐる,殴打,他五,,,2,-1,-1,no,Class9,,,,
末っ子,すえっこ,子女中最小的一个,名词,,,0,-1,-1,no,Class9,,,,
甘やかす,あまやかす,娇纵,他五,,,0,-1,-1,no,Class9,,,,
可愛がる,かわいがる,疼爱,他五,,,4,-1,-1,no,Class9,,,,
高校生,こうこうせい,高中生,名词,,,3,-1,-1,no,Class9,,,,
死ぬ,しぬ,死,自五,,,0,-1,-1,no,Class9,,,,
暮らし,くらし,生活,名词,,,0,-1,-1,no,Class9,,,,
傷,きず,伤口,名词,,,0,-1,-1,no,Class9,,,,
転ぶ,ころぶ,跌倒,自五,,,0,-1,-1,no,Class9,,,,
込み合う,こみあう,人多拥挤,自五,,,0,-1,-1,no,Class9,,,,
sandal,サンダル,凉鞋,名词,,,0,1,-1,yes,Class9,,,,
それに,それに,而且,接词,,,0,-1,-1,no,Class9,,,,
大雨,おおあめ,大雨,名词,,,3,-1,-1,no,Class9,,,,
災難,さいなん,灾难,名词,,,3,-1,-1,no,Class9,,,,
まったく,まったく,完全，简直,副词,,,0,-1,-1,no,Class9,,,,
恐い,こわい,可怕的,形容词,,,2,-1,-1,no,Class9,,,,
drive,ドライブ,开汽车旅行,名词,自サ,,2,-1,-1,yes,Class9,,,,
hitchhike,ヒッチハイク,拦车旅行,名词,,,4,-1,-1,yes,Class9,,,,
二人連れ,ふたりづれ,二人结伴,名词,,,0,-1,-1,no,Class9,,,,
乗せる,のせる,让搭乘,他一,,,0,-1,-1,no,Class9,,,,
なんと,なんと,（表示惊异，赞同）呀，哎呀,叹词,,,1,-1,-1,no,Class9,,,,
突き付ける,つきつける,放在眼前、对着,他一,,,4,-1,-1,no,Class9,,,,
有り金,ありがね,现金，现款,名词,,,2,1,-1,no,Class9,,,,
怪しい,あやしい,奇怪的，可疑的,形容词,,,0,3,-1,no,Class9,,,,
姥捨,うばすて,丢弃老太太,名词,,,0,-1,-1,no,Class9,,,,
息子,むすこ,儿子,名词,,,0,-1,-1,no,Class9,,,,
背負い,せおい,背,他五,,,2,-1,-1,no,Class9,,,,
捨てる,すてる,扔掉,他一,,,0,-1,-1,no,Class9,,,,
何度,なんど,几次、多少次,名词,,,1,-1,-1,no,Class9,,,,
木,き,树,名词,,,1,-1,-1,no,Class9,,,,
枝,えだ,树枝,名词,,,0,-1,-1,no,Class9,,,,
訳,わけ,原因、理由,名词,,,1,-1,-1,no,Class9,,,,
道しるべ（道標）,みちしるべ,路标,名词,,,3,-1,-1,no,Class9,,,,
涙,なみだ,眼泪,名词,,,1,-1,-1,no,Class9,,,,
昔話,むかしばなし,传说、故事,名词,,,4,-1,-1,no,Class9,,,,
貧しい,まずしい,贫穷,形容词,,,3,-1,-1,no,Class9,,,,
百姓,ひゃくしょう,农民、百姓,名词,,,3,-1,-1,no,Class9,,,,
風習,ふうしゅう,风俗、习惯,名词,,,0,-1,-1,no,Class9,,,,
扶養,ふよう,抚养,名词,他サ,,0,-1,-1,no,Class9,,,,
似る,にる,像、似,自一,,,0,-1,-1,no,Class9,,,,
楢山節考,ならやまぶしこう,（小说名）,专有名词,,,0,-1,-1,no,Class9,,,,
戦後,せんご,战后,名词,,,0,1,-1,no,Class9,,,,
遂げる,とげる,完成、达到,他一,,,2,3,-1,no,Class9,,,,
関心,かんしん,关心,名词,,,0,-1,-1,no,Class9,,,,
恍惚,こうこつ,老年神志不清、恍惚,名词,形容动词,,0,-1,-1,no,Class9,,,,
惚ける,ぼける,老年头脑迟钝,自一,,,2,-1,-1,no,Class9,,,,
題名,だいめい,题目、标题,名词,,,0,-1,-1,no,Class9,,,,
若者,わかもの,老年人,名词,,,0,-1,-1,no,Class9,,,,
含める,ふくめる,包括、包含,他一,,,3,-1,-1,no,Class9,,,,
生き甲斐,いきがい,生活的价值,名词,,,0,3,-1,no,Class9,,,,
May day,メーデー,五一劳动节,名词,,,1,-1,-1,yes,Class10,,,,
盆栽園,ぼんさいえん,盆栽园,名词,,,4,-1,-1,no,Class10,,,,
植物園,しょくぶつえん,植物园,名词,,,4,-1,-1,no,Class10,,,,
提案,ていあん,提案，提议,名词,他サ,,0,-1,-1,no,Class10,,,,
賛成,さんせい,赞同，赞成,名词,自サ,,0,-1,-1,no,Class10,,,,
景色,けしき,景色,名词,,,1,-1,-1,no,Class10,,,,
この間,このあいだ,前些日子,名词,,,5,0,-1,no,Class10,,,,
勧める,すすめる,劝，劝告,他一,,,0,-1,-1,no,Class10,,,,
つまらない,つまらない,不值钱，无聊，无意义,形容词,,,3,-1,-1,no,Class10,,,,
丘,おか,丘陵，小山,名词,,,0,-1,-1,no,Class10,,,,
花壇,かだん,花坛,名词,,,1,-1,-1,no,Class10,,,,
都合がいい,つごうがいい,适合、方便,词组,,,-1,-1,-1,no,Class10,,,,
どうせ,どうせ,反正,副词,,,0,-1,-1,no,Class10,,,,
仕方が無い,しかたがない,没办法，无济于事,词组,,,-1,-1,-1,no,Class10,,,,
交差点,こうさてん,交叉点，十字路口,名词,,,3,0,-1,no,Class10,,,,
渡る,わたる,渡，过,自五,,,0,-1,-1,no,Class10,,,,
トラック,トラック,卡车,名词,,,2,-1,-1,no,Class10,,,,
衝突,しょうとつ,撞，冲突,名词,自サ,,0,-1,-1,no,Class10,,,,
轢く,ひく,轧，压,他五,,,0,-1,-1,no,Class10,,,,
まあ,まあ,（女性吃惊时）唉,叹词,,,1,-1,-1,no,Class10,,,,
正門,せいもん,正门,名词,,,0,-1,-1,no,Class10,,,,
揃える,そろえる,使…一致 ，备齐,他一,,,3,-1,-1,no,Class10,,,,
弁当,べんとう,盒饭,名词,,,3,-1,-1,no,Class10,,,,
四川,しせん,四川,专有名词,,,1,-1,-1,no,Class10,,,,
大地震,おおじしん,大地震,名词,,,3,-1,-1,no,Class10,,,,
生死,せいし,生死,名词,,,1,-1,-1,no,Class10,,,,
瀬戸際,せとぎわ,紧要关头,名词,,,0,4,-1,no,Class10,,,,
同胞愛,どうほうあい,同胞之爱,名词,,,3,-1,-1,no,Class10,,,,
死者,ししゃ,死者,名词,,,1,-1,-1,no,Class10,,,,
行方不明者,ゆくえふめいしゃ,下落不明者,名词,,,5,-1,-1,no,Class10,,,,
約,やく,大约,名词,,,1,-1,-1,no,Class10,,,,
負傷者,ふしょうしゃ,受伤者,名词,,,2,-1,-1,no,Class10,,,,
被害,ひがい,受害、损失,名词,,,1,-1,-1,no,Class10,,,,
不意,ふい,意外、想不到,名词,形容动词,,1,-1,-1,no,Class10,,,,
発生,はっせい,发生,名词,自サ,,0,-1,-1,no,Class10,,,,
現地,げんち,当地,名词,,,1,-1,-1,no,Class10,,,,
多大,ただい,很大的、极大的,形容动词,,,0,-1,-1,no,Class10,,,,
損失,そんしつ,损失,名词,自サ,,0,-1,-1,no,Class10,,,,
苦難,くなん,苦难,名词,,,1,0,-1,no,Class10,,,,
もたらす,もたらす,带来,他五,,,3,-1,-1,no,Class10,,,,
悲劇,ひげき,悲剧,名词,,,1,-1,-1,no,Class10,,,,
数々,かずかず,多数、种种,名词,,,1,-1,-1,no,Class10,,,,
揺さぶる,ゆさぶる,摇动、震撼,他五,,,0,-1,-1,no,Class10,,,,
物語,ものがたり,故事,名词,,,3,-1,-1,no,Class10,,,,
冷たい,つめたい,冷的；冷淡的,行,,,0,-1,-1,no,Class10,,,,
降り続く,ふりつづく,一直在下,自五,,,0,4,-1,no,Class10,,,,
切り裂く,きりさく,劈开、撕裂,他五,,,3,-1,-1,no,Class10,,,,
救急車,きゅうきゅうしゃ,救护车,名词,,,3,-1,-1,no,Class10,,,,
siren,サイレン,警笛,名词,,,1,-1,-1,yes,Class10,,,,
鳴り響く,なりひびく,响彻,自五,,,4,-1,-1,no,Class10,,,,
運ぶ,はこぶ,搬运,他五,,,0,-1,-1,no,Class10,,,,
倒壊,とうかい,（建筑物）倒塌,名词,自サ,,0,-1,-1,no,Class10,,,,
救出,きゅうしゅつ,救出,名词,他サ,,0,-1,-1,no,Class10,,,,
生徒,せいと,中小学生,名词,,,1,-1,-1,no,Class10,,,,
姪,めい,侄女,名词,,,0,1,-1,no,Class10,,,,
もしも,もしも,假使，万一,副词,,,0,-1,-1,no,Class10,,,,
身を挺する,みをていする,挺身而出,词组,,,-1,-1,-1,no,Class10,,,,
かばう,かばう,庇护、袒护,他五,,,2,-1,-1,no,Class10,,,,
発見,はっけん,发现,名词,他サ,,0,-1,-1,no,Class10,,,,
両腕,りょううで,两臂,名词,,,0,-1,-1,no,Class10,,,,
広げる,ひろげる,扩大；展开,他一,,,0,-1,-1,no,Class10,,,,
打つ伏せる,うつぶせる,脸朝下；俯,他一,,,4,-1,-1,no,Class10,,,,
無事,ぶじ,平安无事,名词,形容动词,,0,-1,-1,no,Class10,,,,
打つ,うつ,打,他五,,,1,-1,-1,no,Class10,,,,
亡くなる,なくなる,去世,自五,,,0,-1,-1,no,Class10,,,,
救助隊員,きょうじょたいいん,救援队员,名词,,,4,-1,-1,no,Class10,,,,
様子,ようす,样子,名词,,,0,-1,-1,no,Class10,,,,
振り返る,ふりかえる,回头看；回忆；回顾,他五,,,3,-1,-1,no,Class10,,,,
妻,つま,妻子,名词,,,1,-1,-1,no,Class10,,,,
夫,おっと,丈夫,名词,,,0,-1,-1,no,Class10,,,,
土,つち,土,名词,,,2,-1,-1,no,Class10,,,,
拭う,ぬぐう,擦拭、擦去,他五,,,2,0,-1,no,Class10,,,,
乱れる,みだれる,乱,自一,,,3,-1,-1,no,Class10,,,,
髪,かみ,头发,名词,,,2,-1,-1,no,Class10,,,,
整える,ととのえる,整理,他一,,,3,4,-1,no,Class10,,,,
主人,しゅじん,丈夫,名词,,,1,-1,-1,no,Class10,,,,
娘,むすめ,女儿,名词,,,3,-1,-1,no,Class10,,,,
洗顔,せんがん,洗脸,名词,自サ,,0,-1,-1,no,Class10,,,,
着替え,きがえ,换衣服、更衣,名词,,,0,-1,-1,no,Class10,,,,
早々と,そうそうと,早早地,副词,,,0,-1,-1,no,Class10,,,,
すすり泣く,すすりなく,抽抽搭搭地哭,自五,,,4,0,-1,no,Class10,,,,
もはや,もはや,已经,副词,,,1,-1,-1,no,Class10,,,,
その場,そのば,当场；就地；现场,名词,,,0,3,-1,no,Class10,,,,
のっとる,のっとる,按照、遵守,自五,,,3,-1,-1,no,Class10,,,,
爆竹,ばくちく,爆竹,名词,,,0,-1,-1,no,Class10,,,,
鳴らす,ならす,发出声响,他五,,,0,-1,-1,no,Class10,,,,
安らか,やすらか,安详地,形容动词,,,2,-1,-1,no,Class10,,,,
読書,どくしょ,看书,名词,,,0,1,-1,no,Class11,,,,
返す,かえす,归还，送回（原处）,他五,,,1,-1,-1,no,Class11,,,,
山本,やまもと,山本（姓氏）,专有名词,,,0,-1,-1,no,Class11,,,,
らしい,らしい,像…似的，像…样子,接尾,,,0,-1,-1,no,Class11,,,,
発想,はっそう,构思，表达,名词,,,0,-1,-1,no,Class11,,,,
視点,してん,角度，视点，观点,名词,,,0,2,-1,no,Class11,,,,
かかわり,かかわり,有关，有瓜葛,名词,,,0,-1,-1,no,Class11,,,,
数日,すうじつ,数日,名词,,,0,-1,-1,no,Class11,,,,
愛読書,あいどくしょ,爱读的书,名词,,,4,-1,-1,no,Class11,,,,
吾輩は猫である,わがはいはねこである,（作品名）,专有名词,,,-1,-1,-1,no,Class11,,,,
やっぱり,やっぱり,やはり的口语形,副词,,,3,-1,-1,no,Class11,,,,
語学,ごがく,语言学，外语,名词,,,1,0,-1,no,Class11,,,,
文学,ぶんがく,文学,名词,,,1,-1,-1,no,Class11,,,,
冊,さつ,本，册,接尾,,,-1,-1,-1,no,Class11,,,,
貸出し,かしだし,出借,名词,,,0,-1,-1,no,Class11,,,,
期間,きかん,期间，期限,名词,,,2,-1,-1,no,Class11,,,,
再来週,さらいしゅう,下下星期,名词,,,0,-1,-1,no,Class11,,,,
作品,さくひん,作品,名词,,,0,-1,-1,no,Class11,,,,
作家,さっか,作家,名词,,,1,-1,-1,no,Class11,,,,
夏目漱石,なつめそうせき,（作家名）,专有名词,,,4,-1,-1,no,Class11,,,,
嘗て,かつて,曾经,副词,,,1,-1,-1,no,Class11,,,,
文化的,ぶんかてき,有文化（的）；有教养（的）,形容动词,,,0,-1,-1,no,Class11,,,,
求める,もとめる,追求；寻求；征求,他一,,,3,-1,-1,no,Class11,,,,
唯一,ゆいいつ,独一、唯一,名词,,,1,-1,-1,no,Class11,,,,
教養,きょうよう,教养,名词,,,0,-1,-1,no,Class11,,,,
暇つぶし,ひまつぶし,消磨时间,名词,,,3,5,-1,no,Class11,,,,
漫画,マンガ,漫画,名词,,,0,-1,-1,no,Class11,,,,
機能,きのう,机能,名词,,,1,0,-1,no,Class11,,,,
media,メディア,手段；媒体,名词,,,1,-1,-1,yes,Class11,,,,
譲る,ゆずる,转让；让步；出让,他五,,,0,-1,-1,no,Class11,,,,
なお,なお,仍然；再；还,副词,,,1,-1,-1,no,Class11,,,,
即ち,すなわち,即、换言之；即是,接词,,,2,-1,-1,no,Class11,,,,
作用,さよう,作用,名词,自サ,,1,-1,-1,no,Class11,,,,
物知り,ものしり,博学多识,名词,,,3,4,-1,no,Class11,,,,
問いかけ,といかけ,提问,名词,,,0,-1,-1,no,Class11,,,,
弱い,よわい,弱的,形容词,,,2,-1,-1,no,Class11,,,,
人生,じんせい,人生,名词,,,1,-1,-1,no,Class11,,,,
位置づける,いちづける,放在……位置上,他一,,,4,-1,-1,no,Class11,,,,
形式,けいしき,形式,名词,,,0,-1,-1,no,Class12,,,,
短い,みじかい,短，简短，（时间）短少,形容词,,,3,-1,-1,no,Class12,,,,
作文,さくぶん,作文,名词,,,0,-1,-1,no,Class12,,,,
筆記試験,ひつきしけん,笔试,名词,,,5,-1,-1,no,Class12,,,,
口頭試験,こうとうしけん,口试,名词,,,0,-1,-1,no,Class12,,,,
短文,たんぶん,短句,名词,,,0,-1,-1,no,Class12,,,,
冗談,じょうだん,笑话，玩笑,名词,,,3,-1,-1,no,Class12,,,,
笑う,わらう,笑,自五,,,0,-1,-1,no,Class12,,,,
眠い,ねむい,困倦，想睡觉,形容词,,,0,-1,-1,no,Class12,,,,
夕べ,ゆうべ,昨晚,名词,,,3,-1,-1,no,Class12,,,,
今まで,いままで,迄今,副词,,,3,-1,-1,no,Class12,,,,
文型,ぶんけい,句型,名词,,,0,-1,-1,no,Class12,,,,
整理,せいり,整理,名词,他サ,,1,-1,-1,no,Class12,,,,
だいぶ,だいぶ,相当：（数量）不少,副词,,,0,-1,-1,no,Class12,,,,
怠ける,なまける,偷懒，懒惰,他一,,,3,-1,-1,no,Class12,,,,
いたずら,いたずら,淘气，恶作剧,副词,名词,,0,-1,-1,no,Class12,,,,
断る,ことわる,预先打招呼，拒绝,他五,,,3,-1,-1,no,Class12,,,,
字,じ,字,名词,,,1,-1,-1,no,Class12,,,,
感動,かんどう,感动,名词,自サ,,0,-1,-1,no,Class12,,,,
黒板,こくばん,黑板,名词,,,0,-1,-1,no,Class12,,,,
例,れい,例子,名词,,,1,-1,-1,no,Class12,,,,
いらっしゃる,いらっしゃる,行く，来る，いる的敬语,自五,,,4,-1,-1,no,Class12,,,,
繰り返す,くりかえす,反复,他五,,,0,3,-1,no,Class12,,,,
同時に,どうじに,同时,副词,,,1,0,-1,no,Class12,,,,
真似,まね,仿效，模仿,名词,,,0,-1,-1,no,Class12,,,,
焦る,あせる,焦急，着急,自五,,,2,-1,-1,no,Class12,,,,
実物,じつぶつ,食物,名词,,,0,-1,-1,no,Class12,,,,
訳す,やくす,翻译,他五,,,2,-1,-1,no,Class12,,,,
そのかわり,そのかわり,代替前者，作为补偿,接尾,,,0,-1,-1,no,Class12,,,,
問い,とい,提问，问题,名词,,,0,-1,-1,no,Class12,,,,
口,くち,嘴,名词,,,0,-1,-1,no,Class12,,,,
紙,かみ,纸,名词,,,2,-1,-1,no,Class12,,,,
可笑しい,おかしい,可笑，失常,形容词,,,3,-1,-1,no,Class12,,,,
女子学生,じょしがくせい,女学生,名词,,,3,-1,-1,no,Class12,,,,
泣く,なく,哭泣,自五,,,0,-1,-1,no,Class12,,,,
習得,しゅうとく,学习；学会,名词,他サ,,0,-1,-1,no,Class12,,,,
上達,じょうたつ,进步；长进,名词,自サ,,0,-1,-1,no,Class12,,,,
communication,コミュニケーション,（语言）交流、沟通,名词,,,4,-1,-1,yes,Class12,,,,
積み重ねる,つみかさねる,不断积累,他一,,,5,-1,-1,no,Class12,,,,
比喩,ひゆ,比喻,名词,,,1,-1,-1,no,Class12,,,,
構造,こうぞう,构造,名词,,,0,-1,-1,no,Class12,,,,
原理,げんり,原理,名词,,,1,-1,-1,no,Class12,,,,
無駄,むだ,徒劳的、白费的,形容动词,,,0,-1,-1,no,Class12,,,,
ともかく,ともかく,姑且不说；总之,副词,,,1,-1,-1,no,Class12,,,,
saddle,サドル,（自行车等）车座,名词,,,0,-1,-1,yes,Class12,,,,
跨る,またがる,跨；横跨,自五,,,3,-1,-1,no,Class12,,,,
pedal,ペダル,（自行车）脚踏板,名词,,,0,-1,-1,yes,Class12,,,,
条件,じょうけん,条件,名词,,,3,-1,-1,no,Class12,,,,
つける,つける,附加,他一,,,2,-1,-1,no,Class12,,,,
不可欠,ふかけつ,不可缺少的,名词,形容动词,,2,-1,-1,no,Class12,,,,
大幅,おおはば,大幅度,名词,,,0,4,-1,no,Class12,,,,
容易,ようい,容易,形容动词,,,0,-1,-1,no,Class12,,,,
敬語,けいご,敬语,名词,,,0,-1,-1,no,Class13,,,,
目覚める,めざめる,睡醒，觉醒,自一,,,3,-1,-1,no,Class13,,,,
目を通す,めをとおす,浏览，过目,词组,,,1,-1,-1,no,Class13,,,,
school bus,スクールバス,校车,名词,,,5,-1,-1,yes,Class13,,,,
出勤,しゅっきん,上班,名词,自サ,,0,-1,-1,no,Class13,,,,
教員室,きょういんしつ,教员室,名词,,,0,-1,-1,no,Class13,,,,
journal,ジャーナル,期刊,名词,,,1,-1,-1,yes,Class13,,,,
載る,のる,登载,自五,,,0,-1,-1,no,Class13,,,,
太極拳,たいきょくけん,太极拳,名词,,,4,-1,-1,no,Class13,,,,
社説,しゃせつ,社论,名词,,,0,-1,-1,no,Class13,,,,
重要,じゅうよう,重要的,形容动词,,,0,-1,-1,no,Class13,,,,
記事,きじ,新闻，报道,名词,,,1,-1,-1,no,Class13,,,,
じっくり,じっくり,定定心心地，仔细地,副词,自サ,,3,-1,-1,no,Class13,,,,
お宅,おたく,府上,名词,,,0,-1,-1,no,Class13,,,,
新聞を取る,しんぶんをとる,订报,词组,,,-1,-1,-1,no,Class13,,,,
人民日報,じんみんにっぽう,人民日报（报纸名）,专有名词,,,5,-1,-1,no,Class13,,,,
China Daily,チャイナデーリー,中国日报,专有名词,,,4,-1,-1,yes,Class13,,,,
散散,さんざん,狼狈，糟糕透顶,副词,形容动词,,0,-1,-1,no,Class13,,,,
合わせる,あわせる,合、并；加在一起,他一,,,3,-1,-1,no,Class13,,,,
遅刻,ちこく,迟到,名词,自サ,,0,-1,-1,no,Class13,,,,
台,だい,…辆、…台,接尾,,,1,-1,-1,no,Class13,,,,
お茶を入れる,おちゃをいれる,沏茶,词组,,,-1,-1,-1,no,Class13,,,,
相手,あいて,伙伴；对手,名词,,,3,-1,-1,no,Class13,,,,
目上,めうえ,长辈、上司,名词,,,0,3,-1,no,Class13,,,,
話題,わだい,话题,名词,,,0,-1,-1,no,Class13,,,,
型,かた,样式；惯例,名词,,,2,-1,-1,no,Class13,,,,
敬意,けいい,敬意,名词,,,1,-1,-1,no,Class13,,,,
程度,ていど,程度,名词,,,1,0,-1,no,Class13,,,,
尊敬語,そんけいご,尊敬语,名词,,,0,-1,-1,no,Class13,,,,
謙譲語,けんじょうご,谦让语,名词,,,0,-1,-1,no,Class13,,,,
区別,くべつ,区别；差异,名词,他サ,,1,-1,-1,no,Class13,,,,
聞き手,ききて,听者；听众,名词,,,0,-1,-1,no,Class13,,,,
話して,はなして,说话的人,名词,,,0,4,-1,no,Class13,,,,
第何号,だいなんごう,第几期,名词,,,1,-1,-1,no,Class13,,,,
以上,いきょう,以上,名词,,,1,-1,-1,no,Class13,,,,
なるべく,なるべく,尽可能,副词,,,0,3,-1,no,Class13,,,,
あす,あす,明天,名词,,,2,-1,-1,no,Class13,,,,
申し訳ない,もうしわけない,实在抱歉,词组,,,-1,-1,-1,no,Class13,,,,
丁寧語,ていねいご,恭敬语、郑重语,名词,,,0,-1,-1,no,Class13,,,,
対する,たいする,对于,自サ,,,3,-1,-1,no,Class13,,,,
属する,ぞくする,属于,自サ,,,3,-1,-1,no,Class13,,,,
行為,こうい,行为,名词,,,1,-1,-1,no,Class13,,,,
状態,じょうたい,状态,名词,,,0,-1,-1,no,Class13,,,,
用いる,もちいる,使用；采用,他一,,,0,3,-1,no,Class13,,,,
自分自身,じぶんじしん,自己,名词,,,4,-1,-1,no,Class13,,,,
身近,みぢか,切身；身边,形容动词,,,0,-1,-1,no,Class13,,,,
仲間,なかま,伙伴、同伴,名词,,,3,-1,-1,no,Class13,,,,
謙遜,けんそん,自谦、谦逊,名词,他サ,,0,-1,-1,no,Class13,,,,
取り違える,とりちがえる,拿错了、理解错了,他一,,,0,5,-1,no,Class13,,,,
言い表す,いいあらわす,表达、陈述,他五,,,5,-1,-1,no,Class13,,,,
物事,ものごと,事物、事情,名词,,,2,-1,-1,no,Class13,,,,
上品,じょうひん,高雅的,形容动词,,,3,-1,-1,no,Class13,,,,
使い分ける,つかいわける,分别使用；适当地使用,他一,,,5,-1,-1,no,Class13,,,,
平和,へいわ,和平,名词,,,0,-1,-1,no,Class14,,,,
予約,よやく,预约,名词,他サ,,0,-1,-1,no,Class14,,,,
間も無く,まもなく,不久,副词,,,2,-1,-1,no,Class14,,,,
町並,まちなみ,街上房屋的排列情况,名词,,,0,-1,-1,no,Class14,,,,
びっくり,びっくり,吃惊，下一跳,副词,自サ,,3,-1,-1,no,Class14,,,,
front,フロント,饭店服务台、前台,名词,,,0,-1,-1,yes,Class14,,,,
ござる,ござる,ある，いる的郑重语,自五,,,2,-1,-1,no,Class14,,,,
宿泊,しゅくはく,住宿,名词,自サ,,0,-1,-1,no,Class14,,,,
twin,ツイン,双人房,名词,,,1,-1,-1,yes,Class14,,,,
調べる,しらべる,调查，查找,他一,,,3,-1,-1,no,Class14,,,,
田中秀雄,たなかひでお,人名,专有名词,,,-1,-1,-1,no,Class14,,,,
貿易,ぼうえき,贸易,名词,自サ,,0,-1,-1,no,Class14,,,,
zero,ゼロ,零,名词,,,1,-1,-1,yes,Class14,,,,
空港,くうこう,机场,名词,,,0,-1,-1,no,Class14,,,,
出迎える,でむかえる,迎接,他一,,,0,3,-1,no,Class14,,,,
ようこそいらっしゃいました,ようこそいらっしゃいました,（寒暄语）欢迎光临,寒暄语,,,-1,-1,-1,no,Class14,,,,
来訪,らいほう,来访,名词,自サ,,0,-1,-1,no,Class14,,,,
手数をかける,てすうをかける,添麻烦,词组,,,-1,-1,-1,no,Class14,,,,
参る,まいる,行く，来る的自谦语,自五,,,1,-1,-1,no,Class14,,,,
さぞ,さぞ,想必，谅必,副词,,,1,-1,-1,no,Class14,,,,
好天,こうてん,好天气,名词,,,0,3,-1,no,Class14,,,,
恵まれる,めぐまれる,富有,自一,,,0,4,-1,no,Class14,,,,
快適,かいてき,舒适，舒服,形容动词,,,0,-1,-1,no,Class14,,,,
何より,なにより,比什么（都好）,词组,副词,,0,-1,-1,no,Class14,,,,
おっしゃる,おっしゃる,言う的尊敬语,他五,,,3,-1,-1,no,Class14,,,,
数年,すうねん,数年，几年,名词,,,0,-1,-1,no,Class14,,,,
方角,ほうがく,方向，方位,名词,,,0,-1,-1,no,Class14,,,,
当たる,あたる,相当于,自五,,,0,-1,-1,no,Class14,,,,
向かう,むかう,向着，朝着，住…去,自五,,,0,-1,-1,no,Class14,,,,
走る,はしる,跑，奔，行驶,自五,,,2,-1,-1,no,Class14,,,,
speed,スピード,速度,名词,,,2,0,-1,yes,Class14,,,,
高層ビル,こうそうビル,高楼,名词,,,0,-1,-1,no,Class14,,,,
政策,せいさく,政策,名词,,,0,-1,-1,no,Class14,,,,
基づく,もとづく,基于，起因于,自五,,,3,-1,-1,no,Class14,,,,
市,し,市,名词,,,1,-1,-1,no,Class14,,,,
main street,メーンストリート,繁华街，主要街道,名词,,,6,-1,-1,yes,Class14,,,,
大道,だいどう,大道,名词,,,0,3,-1,no,Class14,,,,
両側,りょうがわ,两侧,名词,,,0,-1,-1,no,Class14,,,,
シャンハイ・センタービル,シャンハイセンタービル,上海中心大厦,专有名词,,,5,-1,-1,no,Class14,,,,
人込み,ひとこみ,杂沓的人群,名词,,,0,-1,-1,no,Class14,,,,
中心地,ちゅうしんち,中心地带,名词,,,3,-1,-1,no,Class14,,,,
左手,ひだりて,左边，左手,名词,,,0,-1,-1,no,Class14,,,,
見える,みえる,看到，看得见,自一,,,2,-1,-1,no,Class14,,,,
右手,みぎて,右边，右手,名词,,,0,-1,-1,no,Class14,,,,
tunnel,トンネル,隧道,名词,,,0,-1,-1,yes,Class14,,,,
tower,タワー,塔,名词,,,1,-1,-1,yes,Class14,,,,
Orient Pearl,オリエント・パール,东方明珠,专有名词,,,6,-1,-1,yes,Class14,,,,
東方,とうほう,东方,名词,,,0,-1,-1,no,Class14,,,,
目覚しい,めざましい,惊人的，异常显著,形容动词,,,4,-1,-1,no,Class14,,,,
真珠,しんじゅ,明珠,名词,,,0,-1,-1,no,Class14,,,,
一流,いちりゅう,一流,名词,,,0,-1,-1,no,Class14,,,,
近代的,きんだいてき,近代的,形容动词,,,0,-1,-1,no,Class14,,,,
只今,ただいま,现在，刚刚，马上,副词,,,2,-1,-1,no,Class14,,,,
passport,パスポート,护照,名词,,,3,-1,-1,yes,Class14,,,,
寛ぐ,くつろぐ,轻松的休息，惬意,自五,,,3,-1,-1,no,Class14,,,,
後程,のちほど,回头，过一会儿,副词,,,0,-1,-1,no,Class14,,,,
拝啓,はいけい,（书信用语）敬启,名词,,,1,-1,-1,no,Class14,,,,
さて,さて,（用于转话题）那么、且说,接词,,,1,-1,-1,no,Class14,,,,
此の度,このたび,这次、此次,名词,,,2,-1,-1,no,Class14,,,,
入試,にゅうし,升学考试,名词,,,0,1,-1,no,Class14,,,,
合格,ごうかく,合格、及格,名词,自サ,,0,-1,-1,no,Class14,,,,
決まる,きまる,决定,自五,,,0,-1,-1,no,Class14,,,,
以来,いらい,以来,名词,,,1,-1,-1,no,Class14,,,,
気がかり,きがかり,挂念、担心,形容动词,,,2,-1,-1,no,Class14,,,,
これほど,これほど,这种程度,副词,,,0,-1,-1,no,Class14,,,,
心構え,こころがまえ,精神准备、思想准备,名词,,,4,-1,-1,no,Class14,,,,
感謝,かんしゃ,感谢,名词,自サ,,1,-1,-1,no,Class14,,,,
更に,さらに,更加、重新,副词,,,1,-1,-1,no,Class14,,,,
申し上げる,もうしあげる,「いう」的自谦语,他一,,,0,5,-1,no,Class14,,,,
末筆ながら,まっぴつながら,（书信结尾用语）顺……,词组,,,0,-1,-1,no,Class14,,,,
報告,ほうこく,报告,名词,他サ,,0,-1,-1,no,Class14,,,,
敬具,けいぐ,敬启,名词,,,1,-1,-1,no,Class14,,,,
実習,じっしゅう,学习，见习,名词,他サ,,0,-1,-1,no,Class15,,,,
学科,がっか,学科,名词,,,0,-1,-1,no,Class15,,,,
面接,めんせつ,面试,名词,自サ,,0,-1,-1,no,Class15,,,,
応対,おうたい,应酬，接待,名词,自サ,,0,-1,-1,no,Class15,,,,
社外,しゃがい,（公司外部的）人,名词,,,1,-1,-1,no,Class15,,,,
社内,しゃない,（公司内部的）人,名词,,,1,-1,-1,no,Class15,,,,
敬称,けいしょう,敬称,名词,,,0,-1,-1,no,Class15,,,,
基本的,きほんてき,基本的,形容动词,,,0,-1,-1,no,Class15,,,,
復唱,ふくしょう,复述,名词,他サ,,0,-1,-1,no,Class15,,,,
確認,かくにん,证实，确认,名词,他サ,,0,-1,-1,no,Class15,,,,
用件,ようけん,（应办的）事，事情的内容,名词,,,3,0,-1,no,Class15,,,,
名指し,なざし,指明,名词,,,0,-1,-1,no,Class15,,,,
座る,すわる,坐,自五,,,0,-1,-1,no,Class15,,,,
万建,まんけん,万建（人名）,专有名词,,,1,-1,-1,no,Class15,,,,
接待,せったい,接待，招待,名词,他サ,,1,-1,-1,no,Class15,,,,
事務,じむ,事务,名词,,,1,-1,-1,no,Class15,,,,
優れる,すぐれる,优秀的,自一,,,3,-1,-1,no,Class15,,,,
引き続き,ひきつづき,继续，接着,副词,,,0,-1,-1,no,Class15,,,,
検討,けんとう,研讨，讨论,名词,他サ,,0,-1,-1,no,Class15,,,,
来客,らいきゃく,来客,名词,,,0,-1,-1,no,Class15,,,,
三井,みつい,三井（公司名）,专有名词,,,1,-1,-1,no,Class15,,,,
物産,ぶっさん,物产,名词,,,0,-1,-1,no,Class15,,,,
野村,のむら,野村（公司名）,专有名词,,,0,-1,-1,no,Class15,,,,
営業部,えいぎょうぶ,营业部,名词,,,3,-1,-1,no,Class15,,,,
実習生,じっしゅうせい,实习生,名词,,,3,-1,-1,no,Class15,,,,
応接室,おうせつしつ,会客室，接待室,名词,,,4,-1,-1,no,Class15,,,,
越す,こす,来，去的敬语,自五,,,0,-1,-1,no,Class15,,,,
上座,かみざ,上席，上座,名词,,,0,-1,-1,no,Class15,,,,
示す,しめす,表示，出示,他五,,,0,-1,-1,no,Class15,,,,
三菱,みつびし,三菱（公司名）,专有名词,,,2,-1,-1,no,Class15,,,,
商事,しょうじ,商事，商名,名词,,,1,-1,-1,no,Class15,,,,
住友,すみとも,住友（公司名）,专有名词,,,0,-1,-1,no,Class15,,,,
中村,なかむら,中村（姓氏）,专有名词,,,0,-1,-1,no,Class15,,,,
繋ぐ,つなぐ,拴，系，接上,他五,,,0,-1,-1,no,Class15,,,,
席をはずす,せきをはずす,离开座位，,词组,,,0,-1,-1,no,Class15,,,,
予定,よてい,预定,名词,他サ,,0,-1,-1,no,Class15,,,,
差し支え,さしつかえ,不方便，防碍,名词,,,0,-1,-1,no,Class15,,,,
代わり,かわり,代替，补偿,名词,,,0,-1,-1,no,Class15,,,,
承る,うけたまわる,聞く，受ける的谦虚让语,他五,,,0,5,-1,no,Class15,,,,
伝言,でんごん,带口信,名词,他サ,,0,3,-1,no,Class15,,,,
内線,ないせん,内线,名词,,,0,-1,-1,no,Class15,,,,
三洋電気,さんようでんき,三洋电器（公司名）,专有名词,,,5,-1,-1,no,Class15,,,,
西村,にしむら,西村（姓氏）,专有名词,,,0,-1,-1,no,Class15,,,,
ども,ども,（接在第一人称下）表自谦,接尾,,,1,-1,-1,no,Class15,,,,
新製品,しんせいひん,新产品,名词,,,3,-1,-1,no,Class15,,,,
開発,かいはつ,开发，研制,名词,他サ,,0,-1,-1,no,Class15,,,,
先ほど,さきほど,方才、刚才,名词,副词,,0,-1,-1,no,Class15,,,,
部分,部分,部分,名词,,,1,-1,-1,no,Class15,,,,
共同体,きょうどうたい,共同体,名词,,,0,-1,-1,no,Class15,,,,
上司,じょうし,上司,名词,,,1,-1,-1,no,Class15,,,,
同僚,どうりょう,同事,名词,,,0,-1,-1,no,Class15,,,,
stress,ストレス,精神紧张,名词,,,2,-1,-1,yes,Class15,,,,
解消,かいしょう,解除、消除,名词,自他サ,,0,-1,-1,no,Class15,,,,
smooth,スムーズ,顺利、流畅,形容动词,,,2,-1,-1,yes,Class15,,,,
結果的,けっかてき,从结果来看,形容动词,,,5,-1,-1,no,Class15,,,,
日本的,にほんてき,日本式的,形容动词,,,0,-1,-1,no,Class15,,,,
何れ,いずれ,改日、不久,副词,,,0,-1,-1,no,Class15,,,,
遠回し,とおまわし,拐弯抹角、绕弯儿,名词,,,3,0,-1,no,Class15,,,,
付き合う,つきあう,交往、作陪,自五,,,3,-1,-1,no,Class15,,,,
本音,ほんね,真心话,名词,,,0,-1,-1,no,Class15,,,,
語り合う,かたりあう,交谈,他五,,,4,-1,-1,no,Class15,,,,
見物,けんぶつ,游览，观察,名词,他サ,,0,-1,-1,no,Class16,,,,
研修,けんしゅう,进修,名词,他サ,,0,-1,-1,no,Class16,,,,
小島,こじま,小岛（姓氏）,专有名词,,,0,-1,-1,no,Class16,,,,
教育,きょういく,教育,名词,他サ,,0,-1,-1,no,Class16,,,,
分野,ぶんや,领域,名词,,,1,-1,-1,no,Class16,,,,
真ん中,まんなか,正中央,名词,,,0,-1,-1,no,Class16,,,,
皇居,こうきょ,皇宫,名词,,,1,-1,-1,no,Class16,,,,
市街,しがい,市区，繁华街道,名词,,,1,-1,-1,no,Class16,,,,
蜘蛛,くも,蜘蛛,名词,,,1,-1,-1,no,Class16,,,,
巣,す,巢，窝,名词,,,0,1,-1,no,Class16,,,,
広がる,ひろがる,蔓延，扩大,自五,,,0,-1,-1,no,Class16,,,,
霞ヶ関,かすみがせき,霞关（地名）,专有名词,,,4,-1,-1,no,Class16,,,,
丸の内,まるのうち,丸之内（地名）,专有名词,,,3,-1,-1,no,Class16,,,,
銀座,ぎんざ,银座（地名）,专有名词,,,0,-1,-1,no,Class16,,,,
都心,としん,东京都的中心地带，都市中心,名词,,,0,-1,-1,no,Class16,,,,
官庁,かんちょう,官厅,名词,,,1,0,-1,no,Class16,,,,
立ち並ぶ,たちならぶ,排列，匹敌,自五,,,0,-1,-1,no,Class16,,,,
一方,いっぽう,另一方面,名词,,,3,-1,-1,no,Class16,,,,
新宿,しんじゅく,新宿（地名）,专有名词,,,0,-1,-1,no,Class16,,,,
渋谷,しぶや,涩谷（地名）,专有名词,,,0,-1,-1,no,Class16,,,,
池袋,いけぶくろ,池袋（地名）,专有名词,,,3,-1,-1,no,Class16,,,,
副都心,ふくとしん,大城市的副中心区,专有名词,,,3,-1,-1,no,Class16,,,,
娯楽,ごらく,娱乐,名词,,,0,-1,-1,no,Class16,,,,
栄える,さかえる,兴旺，繁华,自一,,,3,-1,-1,no,Class16,,,,
浅草,あさくさ,浅草（地名）,名词,,,0,-1,-1,no,Class16,,,,
庶民,しょみん,平民，群众,专有名词,,,1,-1,-1,no,Class16,,,,
下町,したまち,近海临河小工商业者集居区,名词,,,0,-1,-1,no,Class16,,,,
雰囲気,ふんいき,气氛,名词,,,3,-1,-1,no,Class16,,,,
溢れる,あふれる,溢出，漾出,自一,,,3,-1,-1,no,Class16,,,,
親しむ,したしむ,喜好，亲近,自五,,,3,-1,-1,no,Class16,,,,
首都,しゅと,首都,名词,,,2,1,-1,no,Class16,,,,
東京都,とうきょうと,东京都（城市名）,专有名词,,,3,-1,-1,no,Class16,,,,
面積,めんせき,面积,名词,,,1,-1,-1,no,Class16,,,,
平方,へいほう,平方,名词,,,1,0,-1,no,Class16,,,,
大都市,だいとし,大都市,名词,,,3,-1,-1,no,Class16,,,,
人口,じんこう,人口,名词,,,0,-1,-1,no,Class16,,,,
全体,ぜんたい,全体，整体,名词,,,1,-1,-1,no,Class16,,,,
比べる,くらべる,比，比较,他一,,,0,-1,-1,no,Class16,,,,
区,く,（行政区划）区,名词,,,1,-1,-1,no,Class16,,,,
周辺,しゅうへん,周围，四周,名词,,,0,1,-1,no,Class16,,,,
広場,ひろば,广场,名词,,,1,2,-1,no,Class16,,,,
散歩道,さんぽみち,步行道,名词,,,3,-1,-1,no,Class16,,,,
一週,いっしゅう,一周,名词,他サ,,0,-1,-1,no,Class16,,,,
volleyball,バレボールー,排球,名词,,,4,-1,-1,yes,Class16,,,,
役所,やくしょ,官厅，政府机关,名词,,,3,-1,-1,no,Class16,,,,
marathon,マラソン,马拉松,名词,,,0,-1,-1,yes,Class16,,,,
国内外,こくないがい,国内外,名词,,,3,-1,-1,no,Class16,,,,
団体,だんたい,团体,名词,,,0,-1,-1,no,Class16,,,,
観光バス,かんこうバス,游览客车,专有名词,,,5,-1,-1,no,Class16,,,,
一年中,いちねんじゅう,一年中,名词,,,0,-1,-1,no,Class16,,,,
観光客,かんこうきゃく,游览者，游客,名词,,,3,-1,-1,no,Class16,,,,
緑,みどり,绿色,名词,,,1,-1,-1,no,Class16,,,,
江戸城,えどじょう,江户城,专有名词,,,2,-1,-1,no,Class16,,,,
一部,いちぶ,一部分,名词,,,2,-1,-1,no,Class16,,,,
後,あと,其余的事、后事,名词,,,1,-1,-1,no,Class16,,,,
石造り,いしづくり,石造的,名词,,,3,-1,-1,no,Class16,,,,
国会議事堂,こっかいぎじどう,国会议事堂,名词,,,0,6,-1,no,Class16,,,,
sky tree,スカイツリー,参天大树,名词,,,5,-1,-1,yes,Class16,,,,
…通り,…どおり,表示街名,接尾,,,-1,-1,-1,no,Class16,,,,
特色,とくしょく,特色,名词,,,0,-1,-1,no,Class16,,,,
一体,いったい,究竟，到底,副词,,,0,-1,-1,no,Class16,,,,
豊富,ほうふ,丰富,名词,形容动词,,1,0,-1,no,Class16,,,,
それなら,それなら,要是那样的话,接词,,,3,-1,-1,no,Class16,,,,
天国,てんごく,乐园，天堂,名词,,,1,-1,-1,no,Class16,,,,
遊び場,あそびば,游戏场,名词,,,0,-1,-1,no,Class16,,,,
楽しめる,たのしめる,能享受，能欣赏,自一,,,4,-1,-1,no,Class16,,,,
歩行者,ほこうしゃ,步行者,名词,,,2,-1,-1,no,Class16,,,,
通行止め,つうこうどめ,禁止通行,名词,,,0,-1,-1,no,Class16,,,,
露店,ろてん,摊贩，摊床,名词,,,0,-1,-1,no,Class16,,,,
わあ,わあ,（感到意外或吃惊）呀，哎呀,叹词,,,1,-1,-1,no,Class16,,,,
都庁舎,とちょうしゃ,东京都政府大厦,名词,,,2,-1,-1,no,Class16,,,,
移す,うつす,移，搬，迁,他五,,,2,-1,-1,no,Class16,,,,
集中,しゅうちゅう,集中,名词,自他サ,,0,-1,-1,no,Class16,,,,
防ぐ,ふせぐ,防止，防备,他五,,,2,-1,-1,no,Class16,,,,
並ぶ,ならぶ,排列成（行，列）,自五,,,0,-1,-1,no,Class16,,,,
残る,のこる,剩余，残留,自五,,,2,-1,-1,no,Class16,,,,
囲む,かこむ,围、包围,他五,,,0,-1,-1,no,Class16,,,,
山城,やまじろ,山城,名词,,,0,-1,-1,no,Class16,,,,
鴨川,かもがわ,鸭川（河流名）,专有名词,,,0,-1,-1,no,Class16,,,,
四季,しき,四季,名词,,,1,2,-1,no,Class16,,,,
映す,うつす,映、照,他五,,,2,-1,-1,no,Class16,,,,
合流,ごうりゅう,汇合；合并,名词,自サ,,0,-1,-1,no,Class16,,,,
大阪湾,おおさかわん,大阪湾（海湾名）,专有名词,,,4,-1,-1,no,Class16,,,,
注ぐ,そそぐ,流入、注入,自他五,,,0,2,-1,no,Class16,,,,
盆地,ぼんち,盆地,名词,,,0,-1,-1,no,Class16,,,,
蒸し暑い,むしあつい,闷热,形容词,,,4,-1,-1,no,Class16,,,,
底冷え,そこびえ,寒冷彻骨,名词,,,0,-1,-1,no,Class16,,,,
山紫水明,さんしすいめい,山清水秀,名词,,,1,-1,-1,no,Class16,,,,
地,ち,地方,名词,,,1,-1,-1,no,Class16,,,,
自然美,しぜんび,自然美,名词,,,2,-1,-1,no,Class16,,,,
抜群,ばつぐん,超群、出众,名词,,,0,-1,-1,no,Class16,,,,
やってくる,やってくる,来、来到,自カ,,,4,-1,-1,no,Class16,,,,
土地,とち,土地,名词,,,0,-1,-1,no,Class16,,,,
祇園祭り,ぎおんまつり,京都八坂神社的庙会,专有名词,,,4,-1,-1,no,Class16,,,,
西陣織,にしじんおり,京都西阵产的纺织品,专有名词,,,0,-1,-1,no,Class16,,,,
伝統,でんとう,传统,名词,,,0,-1,-1,no,Class16,,,,
響き,ひびき,听到时的感觉；回声,名词,,,3,-1,-1,no,Class16,,,,
薄味,うすあじ,味道清淡,名词,,,0,-1,-1,no,Class16,,,,
京料理,きようりょうり,京都菜,名词,,,3,-1,-1,no,Class16,,,,
都,みやこ,首都、京都,名词,,,0,-1,-1,no,Class16,,,,
洗練,せんれん,历练；考究,名词,他サ,,0,-1,-1,no,Class16,,,,
研修生,けんしゅうせい,进修生,名词,,,3,-1,-1,no,Class17,,,,
一環,いっかん,一环，一部分,名词,,,0,-1,-1,no,Class17,,,,
作業,さぎょう,工作，作业,名词,自他サ,,0,-1,-1,no,Class17,,,,
現場,げんば,现场,名词,,,0,-1,-1,no,Class17,,,,
建てる,たてる,盖，建立,他一,,,2,-1,-1,no,Class17,,,,
body,ボディー,车体，机身,名词,,,1,-1,-1,yes,Class17,,,,
関連,かんれん,关连,名词,,,0,-1,-1,no,Class17,,,,
能率的,のうりつてき,有效的,形容动词,,,0,-1,-1,no,Class17,,,,
robot,ロボット,机器人,名词,,,2,-1,-1,yes,Class17,,,,
生産,せいさん,生产,名词,他サ,,0,-1,-1,no,Class17,,,,
line,ライン,线,名词,,,1,-1,-1,yes,Class17,,,,
control,コントロール,控制,名词,他サ,,4,-1,-1,yes,Class17,,,,
自動化,じどうか,自动化,名词,他サ,,0,-1,-1,no,Class17,,,,
危険,きけん,危险,名词,形容动词,,0,-1,-1,no,Class17,,,,
生産量,せいさんりょう,产量,名词,,,3,-1,-1,no,Class17,,,,
輸出,ゆしゅつ,输出，出口,名词,他サ,,0,-1,-1,no,Class17,,,,
杉村,すぎむら,杉村（姓氏）,专有名词,,,2,-1,-1,no,Class17,,,,
schedule,スケジュール,日程表，时间表,名词,,,2,3,-1,yes,Class17,,,,
tire,タイヤ,轮胎,名词,,,0,1,-1,yes,Class17,,,,
engine,エンジン,引擎，发动机,名词,,,1,-1,-1,yes,Class17,,,,
ら,ら,（表示复数）们,接尾,,,-1,-1,-1,no,Class17,,,,
先進的,せんしんてき,先进的,形容动词,,,0,-1,-1,no,Class17,,,,
設備,せつび,设备,名词,,,1,-1,-1,no,Class17,,,,
取り入れる,とりいれる,吸收，吸取,他一,,,0,-1,-1,no,Class17,,,,
敷地,しきち,占地，用地,名词,,,0,-1,-1,no,Class17,,,,
仕組み,しくみ,结构，构造,名词,,,0,-1,-1,no,Class17,,,,
職場,しょくば,车间,名词,,,3,0,-1,no,Class17,,,,
事務所,じむしょ,事务所,名词,,,2,-1,-1,no,Class17,,,,
computer room,コンピューター・ルーム,计算机室,名词,,,7,-1,-1,yes,Class17,,,,
auto control,オートコントロール,自控,名词,他サ,,1,-1,-1,yes,Class17,,,,
御覧,ごらん,（敬语）看，观赏,名词,,,0,-1,-1,no,Class17,,,,
溶接,ようせつ,焊接，熔接,名词,他サ,,0,-1,-1,no,Class17,,,,
生き物,いきもの,有生命的东西，活物,名词,,,2,3,-1,no,Class17,,,,
名前をつける,なまえをつける,起名字,词组,,,-1,-1,-1,no,Class17,,,,
桃太郎,ももたろう,桃太郎,名词,,,2,-1,-1,no,Class17,,,,
brake,ブレーキ,刹车,名词,,,2,-1,-1,yes,Class17,,,,
性能,せいのう,性能，效能,名词,,,0,-1,-1,no,Class17,,,,
shower,シャワー,骤雨，淋浴,名词,,,1,-1,-1,yes,Class17,,,,
test,テスト,试验，检查，考试,名词,他サ,,1,-1,-1,yes,Class17,,,,
Europa 葡,ヨーロッパ,欧洲,名词,,,3,-1,-1,yes,Class17,,,,
国国,くにぐに,各国,名词,,,2,-1,-1,no,Class17,,,,
総額,そうがく,总金额,名词,,,0,1,-1,no,Class17,,,,
パーセント,パーセント,百分之…,名词,,,3,-1,-1,no,Class17,,,,
占める,しめる,占，占有,他五,,,2,-1,-1,no,Class17,,,,
国産,こくさん,国产,名词,,,0,-1,-1,no,Class17,,,,
ｂelt conveyor,ベルトコンベヤー,传送带,名词,,,6,-1,-1,yes,Class17,,,,
運ぶ,はこぶ,运送，搬送,他五,,,0,-1,-1,no,Class17,,,,
正確,せいかく,正确,名词,形容动词,,0,-1,-1,no,Class17,,,,
miss,ミス,错误,名词,,,1,-1,-1,yes,Class17,,,,
手順,てじゅん,（工作）步骤，程序,名词,,,0,-1,-1,no,Class17,,,,
すると,すると,于是就，那么说来,接尾,,,0,-1,-1,no,Class17,,,,
記憶,きおく,记忆,名词,他サ,,0,-1,-1,no,Class17,,,,
input,インプット,（计算机）输入信号,名词,,,3,-1,-1,yes,Class17,,,,
気が散る,きがちる,注意力不集中,词组,,,0,-1,-1,no,Class17,,,,
全,ぜん,整个，全部,名词,,,1,-1,-1,no,Class17,,,,
恐らく,おそらく,也许，恐怕,副词,,,2,-1,-1,no,Class17,,,,
人減らし,ひとべらし,裁员，减员,名词,,,0,3,-1,no,Class17,,,,
取り組む,とりくむ,致力，与…比赛,自五,,,0,3,-1,no,Class17,,,,
導入,どうにゅう,引进；导入,名词,他サ,,0,-1,-1,no,Class17,,,,
経営者,けいえいしゃ,经营者,名词,,,3,-1,-1,no,Class17,,,,
cost,コスト,成本,名词,,,1,-1,-1,yes,Class17,,,,
下がる,さがる,下降,自五,,,2,-1,-1,no,Class17,,,,
言い付ける,いいつける,吩咐,他一,,,4,-1,-1,no,Class17,,,,
如何に,いかに,如何、怎样,副词,,,2,-1,-1,no,Class17,,,,
忠実,ちゅうじつ,忠实,形容动词,,,0,-1,-1,no,Class17,,,,
効果的,こうかてき,有成效的,形容动词,,,0,-1,-1,no,Class17,,,,
手加減,てかげん,（处理事情）酌情；适度,名词,自他サ,,2,-1,-1,no,Class17,,,,
腕,うで,胳膊；技能,名词,,,2,-1,-1,no,Class17,,,,
挟む,はさむ,夹,他五,,,2,-1,-1,no,Class17,,,,
作業員,さぎょういん,操作员、作业员,名词,,,2,-1,-1,no,Class17,,,,
電磁波,でんじは,电磁波、电波,名词,,,3,-1,-1,no,Class17,,,,
暴走,ぼうそう,狂奔；鲁莽从事,名词,自サ,,9,-1,-1,no,Class17,,,,
死亡,しぼう,死亡,名词,自サ,,0,-1,-1,no,Class17,,,,
起こす,おこす,引起；扶起；叫醒,他五,,,2,-1,-1,no,Class17,,,,
企業,きぎょう,企业,名词,,,1,-1,-1,no,Class17,,,,
内,ない,内部,接尾,,,1,-1,-1,no,Class17,,,,
配置転換,はいちてんかん,调配、调动（工作）,名词,,,4,-1,-1,no,Class17,,,,
余剰,よじょう,剩余,名词,,,0,-1,-1,no,Class17,,,,
人員,じんいん,人员,名词,,,0,-1,-1,no,Class17,,,,
生じる,しょうじる,发生，产生,自一,,,0,3,-1,no,Class17,,,,
失業,しつぎょう,失业,名词,自サ,,0,-1,-1,no,Class17,,,,
より,より,更,副词,,,1,-1,-1,no,Class18,,,,
訪日,ほうにち,访日,名词,,,0,-1,-1,no,Class18,,,,
松本,まつもと,松本（姓氏）,专有名词,,,0,-1,-1,no,Class18,,,,
電力,でんりょく,电力、电,名词,,,1,0,-1,no,Class18,,,,
給料,きゅうりょう,工资,名词,,,1,-1,-1,no,Class18,,,,
奥さん,おくさん,夫人，太太,名词,,,1,-1,-1,no,Class18,,,,
part,パート,零工,名词,,,1,-1,-1,yes,Class18,,,,
冷蔵庫,れいぞうこ,冰箱,名词,,,3,-1,-1,no,Class18,,,,
物価,ぶっか,物价,名词,,,0,-1,-1,no,Class18,,,,
年年,ねんねん,每年，逐年,副词,,,0,-1,-1,no,Class18,,,,
上がる,あがる,涨（价；（从上往下）登,自五,,,0,-1,-1,no,Class18,,,,
収入,しゅうにゅう,收入,名词,,,0,-1,-1,no,Class18,,,,
追い付く,おいつく,追上，赶上,自五,,,3,-1,-1,no,Class18,,,,
住宅,じゅうたく,住宅,名词,,,0,-1,-1,no,Class18,,,,
ちょっとした,ちょっとした,相当，尚可,连体词,,,0,1,-1,no,Class18,,,,
mansion,マンション,高级公寓,名词,,,1,-1,-1,yes,Class18,,,,
安月給,やすげっきゅう,低工资，工薪低,名词,,,3,-1,-1,no,Class18,,,,
月月,つきづき,月月，每月,名词,副词,,2,-1,-1,no,Class18,,,,
loan,ローン,贷款，借款,名词,,,1,-1,-1,yes,Class18,,,,
支払う,しはらう,支付，付款,他五,,,3,-1,-1,no,Class18,,,,
暴騰,ぼうとう,（物价等）暴涨,名词,自サ,,0,-1,-1,no,Class18,,,,
apart,アパート,公寓,名词,,,2,-1,-1,yes,Class18,,,,
家賃,やちん,房租,名词,,,1,-1,-1,no,Class18,,,,
my home,マイホーム,自己的房子，私房,名词,,,3,-1,-1,yes,Class18,,,,
高嶺の花,たかねのはな,高不可攀,惯,,,0,-1,-1,no,Class18,,,,
玄関,げんかん,大门，正门,名词,,,1,-1,-1,no,Class18,,,,
お子さん,おこさん,令郎，令爱,名词,,,0,-1,-1,no,Class18,,,,
税金,ぜいきん,税款,名词,,,0,-1,-1,no,Class18,,,,
保険料,ほけんりょう,保险费,名词,,,2,-1,-1,no,Class18,,,,
天引き,てんびき,先行扣除,名词,他サ,,0,-1,-1,no,Class18,,,,
手取り,てどり,实际到手的收入,名词,,,3,-1,-1,no,Class18,,,,
家内,かない,妻子，内人,名词,,,1,-1,-1,no,Class18,,,,
貯金,ちょきん,存款，储蓄,名词,自他サ,,0,-1,-1,no,Class18,,,,
老後,ろうご,老后,名词,,,0,1,-1,no,Class18,,,,
超える,こえる,超过,自一,,,0,-1,-1,no,Class18,,,,
年収,ねんしゅう,年收入,名词,,,0,-1,-1,no,Class18,,,,
以下,いか,以下,名词,,,1,-1,-1,no,Class18,,,,
金持ち,かねもち,有钱人,名词,,,4,3,-1,no,Class18,,,,
むしろ,むしろ,倒不如说,副词,,,1,-1,-1,no,Class18,,,,
小遣い,こづかい,零花钱,名词,,,1,-1,-1,no,Class18,,,,
床屋,とこや,理发店，理发师,名词,,,3,-1,-1,no,Class18,,,,
家計,かけい,家计，家中收支情况,名词,,,0,-1,-1,no,Class18,,,,
いろいろと,いろいろと,种种，各种各样,副词,,,0,-1,-1,no,Class18,,,,
工夫,くふう,设法，想办法,名词,他サ,,0,-1,-1,no,Class18,,,,
狭い,せまい,狭小,形容动词,,,2,-1,-1,no,Class18,,,,
来年,らいねん,明年,名词,,,0,-1,-1,no,Class18,,,,
住まい,すまい,住宅，住址,名词,,,2,-1,-1,no,Class18,,,,
決心,けっしん,决心,名词,自サ,,1,3,-1,no,Class18,,,,
大金,たいきん,巨款,名词,,,0,-1,-1,no,Class18,,,,
分譲,ぶんじょう,分开出售，售出一部分,名词,他サ,,0,-1,-1,no,Class18,,,,
つき,つき,带，附带,接尾,,,-1,-1,-1,no,Class18,,,,
一部屋,ひとへや,一套住房,名词,,,2,-1,-1,no,Class18,,,,
地獄,じごく,地狱,名词,,,3,-1,-1,no,Class18,,,,
地価,ちか,地价,名词,,,2,-1,-1,no,Class18,,,,
坪,つぼ,坪（约合3.3平方米）,名词,,,0,-1,-1,no,Class18,,,,
億,おく,亿,名词,,,1,-1,-1,no,Class18,,,,
持ち家,もちいえ,个人私有房产,名词,,,2,-1,-1,no,Class18,,,,
割合,わりあい,比例,名词,,,0,-1,-1,no,Class18,,,,
自営業,じえいぎょう,独自经营,名词,,,2,-1,-1,no,Class18,,,,
世帯,せたい,户，（自立门户的）家庭,名词,,,2,1,-1,no,Class18,,,,
半数,はんすう,半数,名词,,,3,-1,-1,no,Class18,,,,
軒,けん,（表示房屋数量）所,名词,,,2,-1,-1,no,Class18,,,,
倍,ばい,倍，加倍,名词,,,1,0,-1,no,Class18,,,,
借家,しゃくや,租（借）的房子,名词,,,0,-1,-1,no,Class18,,,,
衣,い,衣,名词,,,1,-1,-1,no,Class18,,,,
食,しょく,食,名词,,,0,-1,-1,no,Class18,,,,
住,じゅう,住,名词,,,1,-1,-1,no,Class18,,,,
面,めん,方面,名词,,,1,-1,-1,no,Class18,,,,
改善,かいぜん,改进，改善,名词,他サ,,0,-1,-1,no,Class18,,,,
金融,きんゆう,金融,名词,,,0,-1,-1,no,Class18,,,,
危機,きき,危机,名词,,,1,2,-1,no,Class18,,,,
株価,かぶか,骨架,名词,,,2,0,-1,no,Class18,,,,
大暴落,だいぼうらく,大暴跌,名词,自サ,,3,-1,-1,no,Class18,,,,
報道,ほうどう,报道,名词,他サ,,0,-1,-1,no,Class18,,,,
まさに,まさに,将要、马上；的确、确实,副词,,,1,-1,-1,no,Class18,,,,
進める,すすめる,向前移动、向前进,他一,,,0,-1,-1,no,Class18,,,,
見合わせる,みあわせる,互相看、对视；推迟、暂缓,他一,,,4,0,-1,no,Class18,,,,
ぶつかる,ぶつかる,撞上；遇到、碰到,自五,,,0,-1,-1,no,Class18,,,,
国民総生産,こくみんそうせいさん,国民生产总值,名词,,,7,-1,-1,no,Class18,,,,
兆円,ちょうえん,……兆日元,接尾,,,-1,-1,-1,no,Class18,,,,
割,わり,……成；……折,接尾,,,-1,-1,-1,no,Class18,,,,
弱,じゃく,不足、弱,接尾,,,-1,-1,-1,no,Class18,,,,
一国,いっこく,一国,名词,,,4,0,-1,no,Class18,,,,
依存,いぞん,依存；依赖,名词,自サ,,0,-1,-1,no,Class18,,,,
誇張,こちょう,夸张,名词,他サ,,0,-1,-1,no,Class18,,,,
一人当たり,ひとりあたり,平均每个人,词组,,,4,-1,-1,no,Class18,,,,
置き換える,おきかえる,置换、调换,他一,,,3,4,-1,no,Class18,,,,
後退,こうたい,后退、衰退,名词,自サ,,0,-1,-1,no,Class18,,,,
国際,こくさい,国际,名词,,,0,-1,-1,no,Class18,,,,
競争力,きょうそうりょく,竞争力,名词,,,3,-1,-1,no,Class18,,,,
大国,たいこく,大国,名词,,,0,-1,-1,no,Class18,,,,
状況,じょうきょう,状况,名词,,,0,-1,-1,no,Class18,,,,
今回,こんかい,这次,名词,,,1,-1,-1,no,Class18,,,,
支える,ささえる,支撑；维持,他一,,,0,3,-1,no,Class18,,,,
欧州,おうしゅう,欧洲,专有名词,,,1,-1,-1,no,Class18,,,,
消費,しょうひ,消费,名词,他サ,,0,1,-1,no,Class18,,,,
低迷,ていめい,减少,名词,自他サ,,0,-1,-1,no,Class18,,,,
減少,げんしょう,减少,名词,自他サ,,0,-1,-1,no,Class18,,,,
引きずる,ひきずる,拖、拽；拖累,他五,,,0,-1,-1,no,Class18,,,,
金利,きんり,利息；利率,名词,,,0,1,-1,no,Class18,,,,
必然的,ひつぜんてき,必然的,形容动词,,,0,-1,-1,no,Class18,,,,
景気,けいき,景气,名词,,,0,-1,-1,no,Class18,,,,
落ち着く,おちつく,稳定下来、平静下来,自五,,,0,-1,-1,no,Class18,,,,
悩む,なやむ,苦恼,自五,,,2,-1,-1,no,Class18,,,,
blog,ブログ,博客,名词,,,0,-1,-1,yes,Class18,,,,
歌舞伎,かぶき,歌舞伎,名词,,,0,-1,-1,no,Class19,,,,
相撲,すもう,相扑,名词,,,0,-1,-1,no,Class19,,,,
芸能,げいのう,文艺,名词,,,0,-1,-1,no,Class19,,,,
決まり,きまり,规定，贯例,名词,,,0,-1,-1,no,Class19,,,,
役者,やくしゃ,演员,名词,,,0,-1,-1,no,Class19,,,,
演劇,えんげき,演剧，戏剧,名词,,,0,-1,-1,no,Class19,,,,
国技,こくぎ,国技,名词,,,1,2,-1,no,Class19,,,,
勝負,しょうぶ,胜负，输赢,名词,,,1,-1,-1,no,Class19,,,,
行司,ぎょうじ,相扑裁判员,名词,,,3,0,-1,no,Class19,,,,
判定,はんてい,判定，判断,名词,他サ,,0,-1,-1,no,Class19,,,,
地位,ちい,地位,名词,,,1,-1,-1,no,Class19,,,,
負ける,まける,输，败，负,自一,,,0,-1,-1,no,Class19,,,,
小林,こばやし,小林（姓氏）,专有名词,,,0,-1,-1,no,Class19,,,,
養子,ようし,养子,名词,,,0,-1,-1,no,Class19,,,,
観客,かんきゃく,观众,名词,,,0,-1,-1,no,Class19,,,,
earphone,イヤホーン,耳机,名词,,,3,-1,-1,yes,Class19,,,,
解説,かいせつ,讲解，解说,名词,他サ,,0,-1,-1,no,Class19,,,,
幕,まく,幕,名词,,,2,-1,-1,no,Class19,,,,
舞台,ぶたい,舞台,名词,,,1,-1,-1,no,Class19,,,,
下座,しもざ,下座，末席,名词,,,0,-1,-1,no,Class19,,,,
伴奏,ばんそう,伴奏,名词,自サ,,0,-1,-1,no,Class19,,,,
演奏,えんそう,演奏,名词,他サ,,0,-1,-1,no,Class19,,,,
進行,しんこう,进行，前进，进展,名词,自他サ,,0,-1,-1,no,Class19,,,,
花道,はなみち,歌舞伎演员上下场的通道,名词,,,2,-1,-1,no,Class19,,,,
観客席,かんきゃくせき,观众席,名词,,,4,-1,-1,no,Class19,,,,
設ける,もうける,设置，制定,他一,,,3,-1,-1,no,Class19,,,,
出入り,でいり,出入,名词,,,0,1,-1,no,Class19,,,,
間近,まぢか,跟前，眼前,名词,,,0,-1,-1,no,Class19,,,,
場面,ばめん,场面，场景,名词,,,0,-1,-1,no,Class19,,,,
回り舞台,まわりぶたい,旋转舞台，转台,名词,,,4,-1,-1,no,Class19,,,,
素早い,すばやい,快速，敏捷,形容词,,,3,-1,-1,no,Class19,,,,
移り変わる,うつりかわる,变迁，变化,自五,,,0,-1,-1,no,Class19,,,,
隈取り,くまどり,勾脸谱,名词,,,4,-1,-1,no,Class19,,,,
かつら,かつら,（化妆等用的）假发,名词,,,0,-1,-1,no,Class19,,,,
藤川,ふじかわ,藤川（姓氏）,专有名词,,,2,-1,-1,no,Class19,,,,
欠かす,かかす,缺少，缺,他五,,,0,-1,-1,no,Class19,,,,
大関,おおぜき,大关（仅次于{横纲}的称号）,名词,,,1,-1,-1,no,Class19,,,,
横綱,よこづな,横纲（相扑冠军大力士的称号）,名词,,,0,-1,-1,no,Class19,,,,
対戦,たいせん,对照，比赛,名词,自サ,,0,-1,-1,no,Class19,,,,
思わず,おもわず,不由得,副词,,,2,-1,-1,no,Class19,,,,
手に汗を握る,てにあせをにぎる,捏一把汗,贯,,,-1,-1,-1,no,Class19,,,,
握る,にぎる,握，攥，抓住,他五,,,0,-1,-1,no,Class19,,,,
…毎に,…ごとに,每……,词组,,,-1,-1,-1,no,Class19,,,,
興行,こうぎょう,公演，上演,名词,他サ,,0,-1,-1,no,Class19,,,,
手に入る,てにはいる,到手,词组,,,-1,-1,-1,no,Class19,,,,
土俵,どひょう,（相扑）比赛场，摔跤场,名词,,,0,-1,-1,no,Class19,,,,
力士,りきし,相扑力士,名词,,,1,0,-1,no,Class19,,,,
競技,きょうぎ,体育比赛，比赛,名词,自サ,,1,-1,-1,no,Class19,,,,
取り組み,とりくみ,（对手的）搭配，（比赛双方的）较量,词组,,,0,-1,-1,no,Class19,,,,
派手,はで,华丽,形容动词,,,2,-1,-1,no,Class19,,,,
動き回る,うごきまわる,不断走动，旋转,自五,,,4,-1,-1,no,Class19,,,,
立ち上がる,たちあがる,（相扑）交手，起来,自五,,,0,-1,-1,no,Class19,,,,
足の裏,あしのうら,脚掌，脚心,名词,,,3,5,-1,no,Class19,,,,
以外,いがい,以外,名词,,,1,-1,-1,no,Class19,,,,
土,つち,土,名词,,,2,-1,-1,no,Class19,,,,
触れる,ふれる,触，碰，涉及,自一,,,0,-1,-1,no,Class19,,,,
負け,まけ,输,名词,,,0,-1,-1,no,Class19,,,,
撒く,まく,洒、泼,他五,,,1,-1,-1,no,Class19,,,,
所謂,いわゆる,所谓,连体词,,,3,2,-1,no,Class19,,,,
清め,きよめ,洁净，去污,名词,,,3,-1,-1,no,Class19,,,,
身長,しんちょう,身高,名词,,,0,-1,-1,no,Class19,,,,
体重,たいじゅう,体重,名词,,,0,-1,-1,no,Class19,,,,
制限,せいげん,限制,名词,他サ,,3,-1,-1,no,Class19,,,,
wrestling,レスリング,（西式）摔跤,名词,,,1,-1,-1,yes,Class19,,,,
boxing,ボクシング,拳击,名词,,,1,-1,-1,yes,Class19,,,,
痩せる,やせる,瘦,自一,,,0,-1,-1,no,Class19,,,,
百聞は一見にしかず,ひゃくぶんはいっけんにしかず,百闻不如一见,惯,,,-1,-1,-1,no,Class19,,,,
こよなく,こよなく,特别、格外,副词,,,2,3,-1,no,Class19,,,,
愛,あい,爱,名词,他サ,,1,-1,-1,no,Class19,,,,
海外,かいがい,海外,名词,,,1,-1,-1,no,Class19,,,,
衛星,えいせい,卫星,名词,,,0,-1,-1,no,Class19,,,,
甲子園,こうしえん,甲子园（地名）,名词,,,3,-1,-1,no,Class19,,,,
球場,きょうじょう,球场,名词,,,0,-1,-1,no,Class19,,,,
気になる,きになる,放在心上,词组,,,-1,-1,-1,no,Class19,,,,
釘付け,くぎづけ,钉牢、钉住,名词,他サ,,0,-1,-1,no,Class19,,,,
地元,じもと,当地,名词,,,3,0,-1,no,Class19,,,,
応援,おうえん,声援、支援,名词,他サ,,0,-1,-1,no,Class19,,,,
professional,プロ,职业的,名词,,,1,-1,-1,yes,Class19,,,,
球団,きゅうだん,职业棒球俱乐部,名词,,,0,-1,-1,no,Class19,,,,
Central League,セントラルリーグ,中央棒球协会（日本职业棒球协会名称）,专有名词,,,6,-1,-1,yes,Class19,,,,
Pacific League,パシフィックリーグ,太平洋棒球协会,专有名词,,,6,-1,-1,yes,Class19,,,,
分かれる,わかれる,分开；区分,自一,,,3,-1,-1,no,Class19,,,,
pennant,ペナント,细长三角旗；优胜,名词,,,0,-1,-1,yes,Class19,,,,
競う,きそう,竞争、争夺,他五,,,2,-1,-1,no,Class19,,,,
戦う,たたかう,交锋、战争,自五,,,0,-1,-1,no,Class19,,,,
両,りょう,双、两个,名词,,,1,-1,-1,no,Class19,,,,
league,リーグ,同盟；联盟,名词,,,1,-1,-1,yes,Class19,,,,
優勝,ゆうしょう,优胜,名词,自サ,,0,-1,-1,no,Class19,,,,
team,チーム,队,名词,,,1,-1,-1,yes,Class19,,,,
series,シリーズ,（棒球夺冠）联赛；系列,名词,,,1,2,-1,yes,Class19,,,,
狂,きょう,着迷、发狂,接尾,,,-1,-1,-1,no,Class19,,,,
owner,オーナー,（棒球职业队的）经营主；业主,名词,,,1,-1,-1,yes,Class19,,,,
展開,てんかい,展开、开展,名·自他サ,,,0,-1,-1,no,Class19,,,,
秘密,ひみつ,秘密,名词,,,0,-1,-1,no,Class19,,,,
business,ビジネス,事务、商业,名词,,,1,-1,-1,yes,Class19,,,,
集団,しゅうだん,集体、集团,名词,,,0,-1,-1,no,Class19,,,,
勤勉,きんべん,勤勉、勤劳,名词,形容动词,,0,-1,-1,no,Class19,,,,
年功序列,ねんこうじょれつ,论资排辈,名词,,,5,-1,-1,no,Class19,,,,
面子,メンツ,面子；脸面,名词,,,1,0,-1,no,Class19,,,,
重視,じゅうし,重视,名词,他サ,,1,0,-1,no,Class19,,,,
印象,いんしょう,印象,名词,,,0,-1,-1,no,Class20,,,,
公衆電話,こうしゅうでんわ,公用电话,名词,,,5,-1,-1,no,Class20,,,,
地下街,ちかがい,地下商店街,名词,,,2,-1,-1,no,Class20,,,,
整備,せいび,整修，配备，修配,名词,自他サ,,0,-1,-1,no,Class20,,,,
道路,どうろ,道路,名词,,,1,-1,-1,no,Class20,,,,
第一,だいいち,第一,名词,,,1,-1,-1,no,Class20,,,,
全国,ぜんこく,全国,名词,,,1,-1,-1,no,Class20,,,,
足りる,たりる,足，够,自一,,,1,-1,-1,no,Class20,,,,
物凄い,ものすごい,惊人的,形容词,,,4,-1,-1,no,Class20,,,,
ごみ,ごみ,垃圾,名词,,,2,-1,-1,no,Class20,,,,
処理,しょり,处理,名词,他サ,,1,-1,-1,no,Class20,,,,
排気ガス,はいきガス,废气,名词,,,4,-1,-1,no,Class20,,,,
中流,ちゅうりゅう,中层，中流，中游,名词,,,0,-1,-1,no,Class20,,,,
意識,いしき,意识，意识到,名词,他サ,,1,-1,-1,no,Class20,,,,
中学生,ちゅうがくせい,中学生,名词,,,0,-1,-1,no,Class20,,,,
戦争,せんそう,战争,名词,,,0,-1,-1,no,Class20,,,,
非行,ひこう,不良行为,名词,,,3,-1,-1,no,Class20,,,,
感想文,かんそうぶん,感想文章,名词,,,3,0,-1,no,Class20,,,,
発表,はっぴょう,发表,名词,他サ,,0,-1,-1,no,Class20,,,,
島国,しまぐに,岛国,名词,,,2,-1,-1,no,Class20,,,,
北海道,ほっかいどう,北海道,专有名词,,,3,-1,-1,no,Class20,,,,
本州,ほんしゅう,本州（地名）,专有名词,,,1,-1,-1,no,Class20,,,,
四国,しこく,四国,专有名词,,,2,-1,-1,no,Class20,,,,
九州,きゅうしゅう,九州,专有名词,,,1,-1,-1,no,Class20,,,,
島,しま,岛,名词,,,2,-1,-1,no,Class20,,,,
温泉,おんせん,温泉,名词,,,0,-1,-1,no,Class20,,,,
地下,ちか,地下,名词,,,2,-1,-1,no,Class20,,,,
喫茶店,きっさてん,咖啡馆,名词,,,3,0,-1,no,Class20,,,,
憩い,いこい,休息,名词,,,2,-1,-1,no,Class20,,,,
時刻,じこく,时候，时刻,名词,,,1,-1,-1,no,Class20,,,,
網の目,あみのめ,网眼,名词,,,4,-1,-1,no,Class20,,,,
全土,ぜんど,全国，全境,名词,,,3,-1,-1,no,Class20,,,,
零点五,れいてんご,零点五,数词,,,1,-1,-1,no,Class20,,,,
いったん,いったん,一旦，万一,副词,,,0,-1,-1,no,Class20,,,,
階級,かいきゅう,阶层，阶级,名词,,,0,-1,-1,no,Class20,,,,
ホーム,ホーム,站台，月台,名词,,,5,-1,-1,no,Class20,,,,
埋める,うめる,埋，填补,他一,,,0,-1,-1,no,Class20,,,,
現れる,あらわれる,出现，显出,自一,,,4,-1,-1,no,Class20,,,,
制度的,せいどてき,制度的,形容动词,,,0,-1,-1,no,Class20,,,,
現状,げんじょう,现状,名词,,,0,-1,-1,no,Class20,,,,
志願者,しがんしゃ,志愿者,名词,,,2,-1,-1,no,Class20,,,,
浪人,ろうにん,（未被录取）失学的学生,名词,,,0,-1,-1,no,Class20,,,,
塾,じゅく,补习学校，私塾,名词,,,2,-1,-1,no,Class20,,,,
深夜,しんや,深夜,名词,,,1,-1,-1,no,Class20,,,,
bike,バイク,摩托车,名词,,,1,-1,-1,yes,Class20,,,,
乗り回す,のりまわす,乘车到处转，乘车兜风,他五,,,4,-1,-1,no,Class20,,,,
暴走族,ぼうそうぞく,暴走族,名词,,,3,-1,-1,no,Class20,,,,
シンナー遊び,シンナーあそび,吸稀薄剂玩，吸毒玩,名词,,,5,-1,-1,no,Class20,,,,
脱ぐ,ぬぐ,脱,他五,,,1,-1,-1,no,Class20,,,,
先端,せんたん,尖端，顶端,名词,,,0,-1,-1,no,Class20,,,,
向ける,むける,向，朝，派遣,自他一,,,0,-1,-1,no,Class20,,,,
礼儀,れいぎ,礼仪，礼节,名词,,,3,-1,-1,no,Class20,,,,
砕ける,くだける,不拘形式，破碎,自一,,,3,-1,-1,no,Class20,,,,
sky,スカイ,空中、天空,名词,,,2,-1,-1,yes,Class20,,,,
city,シティー,都市,名词,,,1,-1,-1,yes,Class20,,,,
巨大,きょだい,巨大的,形容动词,,,0,-1,-1,no,Class20,,,,
構造,こうそう,构思、设想,名词,他サ,,0,-1,-1,no,Class20,,,,
高密度,こうみつど,高密度,形容动词,,,3,-1,-1,no,Class20,,,,
主体,しゅたい,主体,名词,,,0,-1,-1,no,Class20,,,,
触れ合い,ふれあい,心气相通、互相接触,名词,,,0,-1,-1,no,Class20,,,,
balance,バランス,平衡、均衡,名词,,,0,-1,-1,yes,Class20,,,,
保つ,たもつ,保存；保持,自他五,,,2,-1,-1,no,Class20,,,,
空間,くうかん,空间,名词,,,0,-1,-1,no,Class20,,,,
建築家,けんちくか,建筑家,名词,,,0,-1,-1,no,Class20,,,,
超高層,ちょうこうそう,超高层,名词,,,3,-1,-1,no,Class20,,,,
試みる,こころみる,尝试,他一,,,4,-1,-1,no,Class20,,,,
system,システム,系统、体系,名词,,,1,-1,-1,yes,Class20,,,,
地上,ちじょう,地上、地面,名词,,,0,-1,-1,no,Class20,,,,
建設,けんせつ,建设,名词,他サ,,0,-1,-1,no,Class20,,,,
目的,もくてき,目标、目的,名词,,,0,-1,-1,no,Class20,,,,
直径,ちょっけい,直径,名词,,,0,-1,-1,no,Class20,,,,
頂上部,ちょうじょうぶ,顶部,名词,,,3,-1,-1,no,Class20,,,,
内部,ないぶ,内部,名词,,,1,-1,-1,no,Class20,,,,
層,そう,层,名词,,,1,-1,-1,no,Class20,,,,
群,ぐん,群,名词,,,1,-1,-1,no,Class20,,,,
内壁,ないへき,内壁,名词,,,0,-1,-1,no,Class20,,,,
張り付ける,はりつける,糊上、贴上,他一,,,4,-1,-1,no,Class20,,,,
延床面積,のべゆかめんせき,总建筑面积,名词,,,5,-1,-1,no,Class20,,,,
hectare 法,ヘクタール,公顷,名词,,,3,-1,-1,yes,Class20,,,,
dome,ドーム,（东京）球形室内运动场,名词,,,1,-1,-1,yes,Class20,,,,
個,こ,个,接尾,,,-1,-1,-1,no,Class20,,,,
相当,そうとう,相当于；适当；相当,名词,自サ,副词,0,-1,-1,no,Class20,,,,
商業,しょうぎょう,商业,名词,,,1,-1,-1,no,Class20,,,,
施設,しせつ,设施；设备,名词,,,1,2,-1,no,Class20,,,,
公共機関,こうきゅうきかん,公共设施,名词,,,5,6,-1,no,Class20,,,,
備える,そなえる,准备、备置,他一,,,2,3,-1,no,Class20,,,,
除く,のぞく,除了；去掉,他五,,,0,-1,-1,no,Class20,,,,
兆,ちょう,兆,名词,,,1,-1,-1,no,Class20,,,,
具体化,ぐたいか,具体化,名词,自他サ,,0,-1,-1,no,Class20,,,,
用地,ようち,用地,名词,,,1,-1,-1,no,Class20,,,,
確保,かくほ,确保,名词,他サ,,1,-1,-1,no,Class20,,,,
問題点,もんだいてん,问题点,名词,,,3,-1,-1,no,Class20,,,,
課題,かだい,课题,名词,,,0,-1,-1,no,Class20,,,,
複雑,ふくざつ,复杂,名词,形容动词,,0,-1,-1,no,Class20,,,,
要求,ようきゅう,要求,名词,他サ,,0,-1,-1,no,Class20,,,,
ふさわしい,ふさわしい,适合、般配,形容词,,,4,-1,-1,no,Class20,,,,
香港,ホンコン,香港,专有名词,,,1,-1,-1,no,Class20,,,,
応用,おうよう,应用,名词,他サ,,0,-1,-1,no,Class20,,,,
政府,せいふ,政府,名词,,,1,-1,-1,no,Class20,,,,
実現,じつげん,实现,名词,自他サ,,0,-1,-1,no,Class20,,,,
働きかける,はたらきかける,对……做工作、推动,自一,,,6,-1,-1,no,Class20,,,,