会う,あう,遇见,自五,,,1,-1,-1,yes,Class1,W101001,2.549649,1.765751,MW101
家,いえ,家,名词,,,2,-1,-1,yes,Class1,W101002,4.3154,2.282878,MW101
上,うえ,上、上面,名词,,,0,-1,-1,yes,Class1,W101003,6.598278,2.184372,MW101
絵,え,画、图画,名词,,,1,-1,-1,yes,Class1,W101004,8.78265,2.5203,MW101
甥,おい,侄子、外甥,名词,,,0,-1,-1,yes,Class1,W101005,11.30295,2.39765,MW101
顔,かお,脸,名词,,,0,-1,-1,yes,Class1,W101006,13.7006,2.566076,MW101
聞く,きく,听、问,他五,,,0,-1,-1,yes,Class1,W101007,16.266676,2.972638,MW101
杭,くい,椽子,名词,,,1,-1,-1,yes,Class1,W101008,19.239314,2.459791,MW101
毛,け,毛,名词,,,0,-1,-1,yes,Class1,W101009,21.699105,2.334902,MW101
声,こえ,声音,名词,,,1,-1,-1,yes,Class1,W101010,24.034007,2.749068,MW101
酒,さけ,酒,名词,,,0,-1,-1,yes,Class1,W101011,26.783075,2.934846,MW101
試合,しあい,比赛,名词,,,0,-1,-1,yes,Class1,W101012,29.717921,2.899765,MW101
少し,すこし,少量,副词,,,2,-1,-1,yes,Class1,W101013,32.617686,2.885853,MW101
世界,せかい,世界,名词,,,1,-1,-1,yes,Class1,W101014,35.503539,3.749128,MW101
,そこ,(近)那里,代词,,,0,-1,-1,yes,Class1,W101015,39.252667,2.681503,MW101
高い,たかい,高的；贵的,形容词,,,2,-1,-1,yes,Class1,W101016,41.93417,2.938362,MW101
近い,ちかい,近的,形容词,,,2,-1,-1,yes,Class1,W101017,44.872532,2.530536,MW101
机,つくえ,桌子,名词,,,0,-1,-1,yes,Class1,W101018,47.403068,2.902754,MW101
手,て,手,名词,,,1,-1,-1,yes,Class1,W101019,50.305822,2.513692,MW101
年,とし,年龄、岁月,名词,,,2,-1,-1,yes,Class1,W101020,52.819514,2.699952,MW101
中,なか,里面,名词,,,1,-1,-1,yes,Class1,W101021,55.519466,2.649145,MW101
肉,にく,肉,名词,,,2,-1,-1,yes,Class1,W101022,58.168611,3.055468,MW101
布,ぬの,布,名词,,,0,-1,-1,yes,Class1,W101023,61.224079,2.695328,MW101
猫,ねこ,猫,名词,,,1,-1,-1,yes,Class1,W101024,63.919407,3.100425,MW101
残す,のこす,留下,他五,,,2,-1,-1,yes,Class1,W101025,67.019832,3.383866,MW101
箸,はし,筷子,名词,,,1,-1,-1,yes,Class1,W101026,70.403698,2.951325,MW101
人,ひと,人,名词,,,0,-1,-1,yes,Class1,W101027,73.355023,3.699218,MW101
船,ふね,船,名词,,,1,-1,-1,yes,Class1,W101028,77.054241,2.769011,MW101
下手,へた,拙劣,形容动词,,,2,-1,-1,yes,Class1,W101029,79.823252,2.713982,MW101
星,ほし,星星,名词,,,0,-1,-1,yes,Class1,W101030,82.537234,3.118017,MW101
前,まえ,前面,名词,,,1,-1,-1,yes,Class1,W101031,85.655251,3.018767,MW101
耳,みみ,耳朵,名词,,,2,-1,-1,yes,Class1,W101032,88.674018,3.133267,MW101
昔,むかし,从前,名词,,,0,-1,-1,yes,Class1,W101033,91.807285,3.000527,MW101
目,め,眼睛,名词,,,1,-1,-1,yes,Class1,W101034,94.807812,2.698072,MW101
物,もの,东西,名词,,,2,-1,-1,yes,Class1,W101035,97.505884,2.851953,MW101
山,やま,山,名词,,,2,-1,-1,yes,Class1,W101036,100.357837,3.316438,MW101
雪,ゆき,雪,名词,,,2,-1,-1,yes,Class1,W101037,103.674275,3.415162,MW101
良い,よい,好的、出色的,形容词,,,1,-1,-1,yes,Class1,W101038,107.089437,3.0669,MW101
楽,らく,快乐、轻松；舒服的,名词,形容动词,,2,-1,-1,yes,Class1,W101039,110.156337,3.232415,MW101
理解,りかい,理解,名词,他サ,,1,-1,-1,yes,Class1,W101040,113.388752,3.101004,MW101
留守,るす,外出、不在家,名词,,,1,-1,-1,yes,Class1,W101041,116.489756,3.16626,MW101
歴史,れきし,历史,名词,,,0,-1,-1,yes,Class1,W101042,119.656016,3.40077,MW101
六,ろく,六,名词,,,2,-1,-1,yes,Class1,W101043,123.056786,3.066303,MW101
私,わたし,我,代词,,,0,-1,-1,yes,Class1,W101044,126.123089,3.384658,MW101
悪い,わるい,坏的,形容词,,,2,-1,-1,yes,Class1,W101045,129.507747,3.567522,MW101
寝室,しんしつ,寝室,名词,,,0,-1,-1,yes,Class1,W101046,133.075269,3.734021,MW101
日本,にほん,日本,名词,,,2,-1,-1,yes,Class1,W101047,136.80929,3.165452,MW101
布団,ふとん,被褥,名词,,,0,-1,-1,yes,Class1,W101048,139.974742,2.954229,MW101
本,ほん,书,名词,,,1,-1,-1,yes,Class1,W101049,142.928971,3.466523,MW101
万年筆,まんねんひつ,钢笔,名词,,,3,-1,-1,yes,Class1,W101050,146.395494,4.064212,MW101
accent,アクセント,声调,名词,,,1,-1,-1,no,Class1,W101051,150.459706,4.482951,MW101
ink,インク,墨水,名词,,,1,0,-1,no,Class1,W101052,154.942657,2.851199,MW101
class,クラス,班级,名词,,,1,-1,-1,no,Class1,W101053,157.793856,3.415297,MW101
towel,タオル,毛巾,名词,,,1,-1,-1,no,Class1,W101054,161.209153,3.967439,MW101
text,テキスト,教科书,名词,,,1,2,-1,no,Class1,W101055,165.176592,3.535813,MW101
toilet,トイレ,厕所,名词,,,1,-1,-1,no,Class1,W101056,168.712405,3.133339,MW101
knife,ナイフ,小刀,名词,,,1,-1,-1,no,Class1,W101057,171.845744,3.866216,MW101
handkerchief,ハンカチ,手帕,名词,,,0,3,-1,no,Class1,W101058,175.71196,3.834346,MW101
hotel,ホテル,旅馆、宾馆,名词,,,1,-1,-1,no,Class1,W101059,179.546306,3.281036,MW101
lemon,レモン,柠檬,名词,,,0,1,-1,no,Class1,W101060,182.827342,4.176387,MW101
外国,がいこく,外国,名词,,,0,-1,-1,yes,Class2,W102001,2.433933,1.849237,MW102
技師,ぎし,技师、工程师,名词,,,1,-1,-1,yes,Class2,W102002,4.28317,1.867204,MW102
具合,ぐあい,情况,名词,,,0,-1,-1,yes,Class2,W102003,6.150374,1.849114,MW102
元気,げんき,精力；健康,名词,形容动词,,1,-1,-1,yes,Class2,W102004,7.999488,1.985004,MW102
ご飯,ごはん,饭、米饭,名词,,,1,-1,-1,yes,Class2,W102005,9.984492,1.900773,MW102
一月,いちがつ,一月,名词,,,4,-1,-1,yes,Class2,W102006,11.885265,2.248346,MW102
鍵,かぎ,钥匙；锁,名词,,,2,-1,-1,yes,Class2,W102007,14.133611,1.768804,MW102
家具,かぐ,家具,名词,,,1,-1,-1,yes,Class2,W102008,15.902415,2.098006,MW102
髭,ひげ,胡子,名词,,,0,-1,-1,yes,Class2,W102009,18.000421,2.082495,MW102
林檎,りんご,苹果,名词,,,0,-1,-1,yes,Class2,W102010,20.082916,2.282722,MW102
座席,ざせき,座位,名词,,,0,-1,-1,yes,Class2,W102011,22.365638,2.638199,MW102
事故,じこ,事故,名词,,,1,-1,-1,yes,Class2,W102012,25.003837,2.300907,MW102
地図,ちず,地图,名词,,,1,-1,-1,yes,Class2,W102013,27.304744,2.284101,MW102
Seminar,ゼミ,小组讨论,名词,,,1,-1,-1,no,Class2,W102014,29.588845,2.466034,MW102
俗語,ぞくご,俗语、俚语,名词,,,0,-1,-1,yes,Class2,W102015,32.054879,2.766468,MW102
大学,だいがく,大学,名词,,,0,-1,-1,yes,Class2,W102016,34.821347,2.501788,MW102
縮む,ちぢむ,缩小、缩短,自五,,,0,-1,-1,yes,Class2,W102017,37.323135,2.645257,MW102
続く,つづく,继续,自五,,,0,-1,-1,yes,Class2,W102018,39.968392,2.482811,MW102
電話,でんわ,电话,名词,,,0,-1,-1,yes,Class2,W102019,42.451203,2.636347,MW102
door,ドア,门,名词,,,1,-1,-1,no,Class2,W102020,45.08755,2.015063,MW102
場合,ばあい,场合,名词,,,0,-1,-1,yes,Class2,W102021,47.102613,2.449561,MW102
visa,ビザ,签证,名词,,,1,-1,-1,no,Class2,W102022,49.552174,2.067864,MW102
豚,ぶた,猪,名词,,,0,-1,-1,yes,Class2,W102023,51.620038,2.234684,MW102
便利,べんり,方便,名词,形容动词,,1,-1,-1,yes,Class2,W102024,53.854722,2.817612,MW102
僕,ぼく,我(男子用语),代词,,,1,0,-1,yes,Class2,W102025,56.672334,2.213542,MW102
panda,パンダ,熊猫,名词,,,1,-1,-1,no,Class2,W102026,58.885876,2.389599,MW102
pink,ピンク,粉色,名词,,,1,-1,-1,no,Class2,W102027,61.275475,2.528621,MW102
plus,プラス,加号、正数,名词,,,0,1,-1,no,Class2,W102028,63.804096,2.68605,MW102
pen,ペン,钢笔,名词,,,1,-1,-1,no,Class2,W102029,66.490146,2.563951,MW102
post,ポスト,邮筒、信箱,名词,,,1,-1,-1,no,Class2,W102030,69.054097,2.187375,MW102
始めまして,はじめまして,初次见面,寒暄语,,,4,-1,-1,yes,Class2,W102031,71.241472,3.054683,MW102
前文,ぜんぶん,前文,名词,,,0,-1,-1,yes,Class2,W102032,74.296155,3.143666,MW102
魯,ろ,鲁（姓氏）,专有名词,,,0,-1,-1,yes,Class2,W102033,77.439821,2.166742,MW102
日本語科,にほんごか,日语专业,名词,,,5,-1,-1,yes,Class2,W102034,79.606563,2.868442,MW102
一年,いちねん,一年；一年级,名词,,,2,-1,-1,yes,Class2,W102035,82.475005,2.782425,MW102
よろしくお願いします,よろしくおねがいします,请多多关照,寒暄语,,,0,-1,-1,yes,Class2,W102036,85.25743,4.04823,MW102
,これ,这个,代词,,,0,-1,-1,yes,Class2,W102037,89.30566,2.187678,MW102
荷物,にもつ,行李；货物,名词,,,1,-1,-1,yes,Class2,W102038,91.493338,2.682031,MW102
服,ふく,衣服,名词,,,2,-1,-1,yes,Class2,W102039,94.175369,2.063983,MW102
,それ,(近)那个,代词,,,0,-1,-1,yes,Class2,W102040,96.239352,2.465774,MW102
,あれ,(远)那个,代词,,,0,-1,-1,yes,Class2,W102041,98.705126,2.416591,MW102
会話,かいわ,会话,名词,自サ,,0,-1,-1,yes,Class2,W102042,101.121717,3.016619,MW102
李,り,李（姓氏）,专有名词,,,,,-1,yes,Class2,W102043,104.138336,2.521568,MW102
,すみません,对不起,寒暄语,,,4,-1,-1,yes,Class2,W102044,106.659904,2.911948,MW102
,あなた,你,代词,,,2,-1,-1,yes,Class2,W102045,109.571852,2.883905,MW102
,はい,(答应声)是、是的,叹词,,,1,-1,-1,yes,Class2,W102046,112.455757,2.52155,MW102
,どなた,哪一位,代词,,,1,-1,-1,yes,Class2,W102047,114.977307,3.202141,MW102
二年,にねん,二年；二年级,名词,,,1,-1,-1,yes,Class2,W102048,118.179448,2.948683,MW102
あの人,あのひと,他、她；那个人,代词,,,2,-1,-1,yes,Class2,W102049,121.128131,3.149634,MW102
三年,さんねん,三年；三年级,名词,,,0,-1,-1,yes,Class2,W102050,124.277765,3.211714,MW102
顧,こ,顾（姓氏）,专有名词,,,0,-1,-1,yes,Class2,W102051,127.489479,2.635538,MW102
,こちら,这边；这方面；这位,名词,,,0,-1,-1,yes,Class2,W102052,130.125017,2.665876,MW102
,こちらこそ,哪儿的话、岂敢岂敢,词组,,,4,-1,-1,yes,Class2,W102053,132.790893,3.419741,MW102
何,なん,什么,代词,,,1,-1,-1,yes,Class2,W102054,136.210634,2.918278,MW102
,どれ,哪一位,代词,,,1,-1,-1,yes,Class2,W102055,139.128912,2.764914,MW102
,では,那么,接词,,,1,-1,-1,yes,Class2,W102056,141.893826,2.900477,MW102
案内します,あんないします,陪同、带路,他サ,,,3,-1,-1,yes,Class2,W102057,144.794303,3.899836,MW102
お母さん,おかあさん,母亲,名词,,,2,-1,-1,yes,Class3,W103001,3.93307,2.566216,MW103
お婆さん,おばあさん,祖母、奶奶,名词,,,2,-1,-1,yes,Class3,W103002,6.499286,3.081182,MW103
お爺さん,おじいさん,祖父、爷爷,名词,,,2,-1,-1,yes,Class3,W103003,9.580468,3.268903,MW103
小さい,ちいさい,小的,形容词,,,3,-1,-1,yes,Class3,W103004,12.849371,3.401013,MW103
兄さん,にいさん,哥哥,名词,,,1,-1,-1,yes,Class3,W103005,16.250384,3.347164,MW103
数学,すうがく,数学,名词,,,0,-1,-1,yes,Class3,W103006,19.597548,3.534431,MW103
通訳,つうやく,口译,名词,,,1,-1,-1,yes,Class3,W103007,23.131979,3.31703,MW103
先生,せんせい,先生、老师,名词,,,3,-1,-1,yes,Class3,W103008,26.449009,3.27077,MW103
時計,とけい,钟表,名词,,,0,-1,-1,yes,Class3,W103009,29.719779,3.095959,MW103
姉さん,ねえさん,姐姐,名词,,,1,-1,-1,yes,Class3,W103010,32.815738,3.368371,MW103
お父さん,おとうさん,父亲,名词,,,2,-1,-1,yes,Class3,W103011,36.184109,3.332996,MW103
当番,とうばん,值日,名词,,,1,-1,-1,yes,Class3,W103012,39.517105,3.516728,MW103
大きい,おおきい,大的,形容词,,,3,-1,-1,yes,Class3,W103013,43.033833,3.400359,MW103
遠い,とおい,远的,形容词,,,0,-1,-1,yes,Class3,W103014,46.434192,3.134242,MW103
cake,ケーキ,西式糕点,名词,,,1,-1,-1,no,Class3,W103015,49.568434,3.08212,MW103
sheet,シーツ,被单、床单,名词,,,1,-1,-1,no,Class3,W103016,52.650554,2.65006,MW103
soup,スープ,汤,名词,,,1,-1,-1,no,Class3,W103017,55.300614,3.153406,MW103
spoon,スプーン,汤匙,名词,,,2,-1,-1,no,Class3,W103018,58.45402,3.231248,MW103
table,テーブル,饭桌,名词,,,0,-1,-1,no,Class3,W103019,61.685268,3.152499,MW103
note,ノート,练习簿、笔记本,名词,,,1,-1,-1,no,Class3,W103020,64.837767,2.898004,MW103
department store,デパート,百货商店,名词,,,2,-1,-1,no,Class3,W103021,67.735771,3.132123,MW103
合作,がっさく,合作,名词,自サ,,0,-1,-1,yes,Class3,W103022,70.867894,4.600676,MW103
熱心,ねっしん,热心、尽力,形容动词,,,1,3,-1,yes,Class3,W103023,75.46857,3.385336,MW103
欠席,けっせき,缺席,名词,自サ,,0,-1,-1,yes,Class3,W103024,78.853906,3.065268,MW103
match,マッチ,火柴,名词,,,1,-1,-1,no,Class3,W103025,81.919174,2.41678,MW103
切手,きって,邮票,名词,,,0,-1,-1,yes,Class3,W103026,84.335954,2.632942,MW103
pot,ポット,壶、热水瓶,名词,,,1,-1,-1,no,Class3,W103027,86.968896,2.517277,MW103
日記,にっき,日记,名词,,,0,-1,-1,yes,Class3,W103028,89.486173,2.033721,MW103
,はっきり,清楚、直截了当地,副词,自サ,,3,-1,-1,yes,Class3,W103029,91.519894,2.267565,MW103
学校,がっこう,学校,名词,,,0,-1,-1,yes,Class3,W103030,93.787459,2.482004,MW103
,いっぱい,满满的,副词,,,0,-1,-1,yes,Class3,W103031,96.269463,2.785271,MW103
切符,きっぷ,票,名词,,,0,-1,-1,yes,Class3,W103032,99.054734,2.432886,MW103
kop,コップ,杯子,名词,,,0,-1,-1,no,Class3,W103033,101.48762,2.565071,MW103
部屋,へや,房间、屋子,名词,,,2,-1,-1,yes,Class3,W103034,104.052691,2.585077,MW103
二階,にかい,二楼,名词,,,0,-1,-1,yes,Class3,W103035,106.637768,2.200707,MW103
,あります,(无生命体)有；在,自五,,,3,-1,-1,yes,Class3,W103036,108.838475,2.617112,MW103
椅子,いす,椅子,名词,,,0,-1,-1,yes,Class3,W103037,111.455587,2.232699,MW103
三つ,みっつ,三个；三岁,数词,,,0,3,-1,yes,Class3,W103038,113.688286,2.465493,MW103
六つ,むっつ,六个；六岁,数词,,,0,3,-1,yes,Class3,W103039,116.153779,2.620104,MW103
bed,ベッド,床,名词,,,1,-1,-1,no,Class3,W103040,118.773883,2.469138,MW103
四つ,よっつ,四个；四岁,数词,,,0,3,-1,yes,Class3,W103041,121.243021,2.795547,MW103
personal computer,パソコン,个人电脑,名词,,,0,-1,-1,no,Class3,W103042,124.038568,2.999018,MW103
television,テレビ,电视机,名词,,,1,-1,-1,no,Class3,W103043,127.037586,2.601589,MW103
学生,がくせい,学生,名词,,,0,-1,-1,yes,Class3,W103044,129.639175,3.016661,MW103
club,クラブ,俱乐部,名词,,,1,-1,-1,no,Class3,W103045,132.655836,3.087567,MW103
浴室,よくしつ,浴室,名词,,,0,-1,-1,yes,Class3,W103046,135.743403,3.264466,MW103
一階,いっかい,一楼,数词,,,0,-1,-1,yes,Class3,W103047,139.007869,2.916049,MW103
,そうですか,(表示轻微感动或惊讶)是么,词组,,,0,-1,-1,yes,Class3,W103048,141.923918,3.31732,MW103
何,なに,什么,代词,,,1,-1,-1,yes,Class3,W103049,145.241238,2.765443,MW103
幾つ,いくつ,多少；几个；几岁,名词,,,1,-1,-1,yes,Class3,W103050,148.006681,2.733002,MW103
,いいえ,(用于否定回答)不、不是,叹词,,,3,-1,-1,yes,Class3,W103051,150.739683,2.85123,MW103
,どこ,何处、哪里,代词,,,1,-1,-1,yes,Class3,W103052,153.590913,2.918588,MW103
,さあ,用于劝诱、催促或迟疑,叹词,,,1,-1,-1,yes,Class3,W103053,156.509501,2.366488,MW103
どうぞお入りください,そうぞおはいりください,请进,词组,,,0,-1,-1,yes,Class3,W103054,158.875989,4.948339,MW103
,ここ,这儿、这里,代词,,,0,-1,-1,yes,Class3,W103055,163.824328,2.766278,MW103
本棚,ほんだな,书架、书橱,名词,,,1,-1,-1,yes,Class3,W103056,166.590606,2.768324,MW103
,あそこ,(远)那儿，那里,代词,,,0,-1,-1,yes,Class3,W103057,169.35893,3.349391,MW103
違います,ちがいます,不同、不对,自五,,,4,-1,-1,yes,Class3,W103058,172.708321,3.133399,MW103
色色,いろいろ,各种各样、形形色色,副词,形容动词,,0,-1,-1,yes,Class3,W103059,175.84172,3.034715,MW103
,どうもありがとうございました,谢谢,寒暄语,,,0,-1,-1,yes,Class3,W103060,178.876435,5.100285,MW103
,どういたしまして,不用谢,寒暄语,,,1,-1,-1,yes,Class3,W103061,183.97672,3.39937,MW103
失礼します,しつれいします,告辞、打扰,自サ,,,2,-1,-1,yes,Class3,W103062,187.37609,3.900618,MW103
,さようなら,再见,寒暄语,,,4,5,-1,yes,Class3,W103063,191.276708,4.334541,MW103
客,きゃく,客人,名词,,,0,-1,-1,yes,Class4,W104001,2.269233,1.980429,MW104
去年,きょねん,去年,名词,,,1,-1,-1,yes,Class4,W104002,4.249662,1.717929,MW104
逆,ぎゃく,相反,名词,,,0,-1,-1,yes,Class4,W104003,5.967591,2.115238,MW104
金魚,きんぎょ,金鱼,名词,,,1,-1,-1,yes,Class4,W104004,8.082829,1.851481,MW104
写真,しゃしん,照片,名词,,,0,-1,-1,yes,Class4,W104005,9.93431,2.065116,MW104
宿題,しゅくだい,课外作业,名词,,,0,-1,-1,yes,Class4,W104006,11.999426,2.049125,MW104
辞書,じしょ,辞典,名词,,,1,-1,-1,yes,Class4,W104007,14.048551,2.037658,MW104
邪魔,じゃま,妨碍、干扰,名词,他サ,,0,-1,-1,yes,Class4,W104008,16.086209,1.963941,MW104
受験,じゅけん,应试,名词,他サ,,0,-1,-1,yes,Class4,W104009,18.05015,2.182513,MW104
彼女,かのじょ,她,代词,,,1,-1,-1,yes,Class4,W104010,20.232663,2.033769,MW104
茶碗,ちゃわん,茶碗、饭碗,名词,,,0,-1,-1,yes,Class4,W104011,22.266432,2.183814,MW104
貯金,ちょきん,存款、储蓄,名词,,,0,-1,-1,yes,Class4,W104012,24.450246,2.03363,MW104
蒟蒻,こんにゃく,蒟蒻（jǔ ruò）、魔芋,名词,,,3,4,-1,yes,Class4,W104013,26.483876,2.683299,MW104
如実,にょじつ,如实,名词,,,0,1,-1,yes,Class4,W104014,29.167175,2.166517,MW104
百,ひゃく,一百、许多,名词,,,2,-1,-1,yes,Class4,W104015,31.333692,2.052692,MW104
略する,りゃくする,省略,他サ,,,3,-1,-1,yes,Class4,W104016,33.386384,3.480133,MW104
旅行,りょこう,旅行,名词,自サ,,0,-1,-1,yes,Class4,W104017,36.866517,1.934086,MW104
休暇,きゅうか,休假,名词,,,0,-1,-1,yes,Class4,W104018,38.800603,3.149634,MW104
今日,きょう,今天,名词,,,1,-1,-1,yes,Class4,W104019,41.950237,2.185363,MW104
牛肉,ぎゅうにく,牛肉,名词,,,0,-1,-1,yes,Class4,W104020,44.1356,3.048964,MW104
授業,じゅぎょう,上课,名词,自サ,,1,-1,-1,yes,Class4,W104021,47.184564,2.434376,MW104
習慣,しゅうかん,习惯,名词,,,0,-1,-1,yes,Class4,W104022,49.61894,2.617264,MW104
小学校,しょうがっこ,小学,名词,,,3,-1,-1,yes,Class4,W104023,52.236204,3.003319,MW104
juice,ジュース,果汁,名词,,,1,-1,-1,no,Class4,W104024,55.239523,2.62872,MW104
上手,じょうず,(技术)好,形容动词,,,3,-1,-1,yes,Class4,W104025,57.868243,2.649879,MW104
中国,ちゅうごく,中国,名词,,,1,-1,-1,yes,Class4,W104026,60.518122,3.035986,MW104
chalk,チョーク,粉笔,名词,,,1,-1,-1,no,Class4,W104027,63.554108,2.466214,MW104
news,ニュース,新闻、消息,名词,,,1,-1,-1,no,Class4,W104028,66.020322,3.249684,MW104
女房,にょうぼう,妻、老婆,名词,,,1,-1,-1,yes,Class4,W104029,69.270006,3.083514,MW104
humanism,ヒューマニズム,人道主义,名词,,,4,-1,-1,no,Class4,W104030,72.35352,3.966949,MW104
評判,ひょうばん,评价,名词,,,0,-1,-1,yes,Class4,W104031,76.320469,2.400708,MW104
交流,こうりゅう,交流,名词,,,0,-1,-1,yes,Class4,W104032,78.721177,3.281821,MW104
寮,りょう,宿舍,名词,,,1,-1,-1,yes,Class4,W104033,82.002998,2.368082,MW104
上海,シャンハイ,上海,专有名词,,,1,3,-1,no,Class4,W104034,84.37108,3.815211,MW104
瞬間,しゅんかん,瞬间,名词,,,0,-1,-1,yes,Class4,W104035,88.186291,2.201111,MW104
出張,しゅっちょう,出差,名词,自サ,,0,-1,-1,yes,Class4,W104036,90.387402,2.367445,MW104
,ちょっと,一点、稍微,副词,,,1,-1,-1,yes,Class4,W104037,92.754847,2.154391,MW104
学園都市,がくえんとし,大学城,名词,,,5,-1,-1,yes,Class4,W104038,94.909238,3.828417,MW104
辺り,あたり,附近、周围,名词,,,1,-1,-1,yes,Class4,W104039,98.737655,2.150766,MW104
campus,キャンパス,大学校园,名词,,,1,-1,-1,no,Class4,W104040,100.888421,2.849534,MW104
皆,みんな,全部、都,副词,,,0,-1,-1,yes,Class4,W104041,103.737955,2.466879,MW104
新しい,あたらしい,新的,形容词,,,4,-1,-1,yes,Class4,W104042,106.204834,2.867924,MW104
私たち,わたしたち,我们,代词,,,3,-1,-1,yes,Class4,W104043,109.072758,2.801703,MW104
建物,たてもの,建筑物,名词,,,2,3,-1,yes,Class4,W104044,111.874461,2.697842,MW104
図書館,としょかん,图书馆,名词,,,2,-1,-1,yes,Class4,W104045,114.572303,2.583236,MW104
,その,(近)那,连体词,,,0,-1,-1,yes,Class4,W104046,117.155539,2.817966,MW104
閲覧室,えつらんしつ,阅览室,名词,,,3,-1,-1,yes,Class4,W104047,119.973505,3.081582,MW104
,あの,(远)那,连体词,,,0,-1,-1,yes,Class4,W104048,123.055087,2.468203,MW104
guest house,ゲストハウス,招待所,名词,,,4,-1,-1,no,Class4,W104049,125.52329,3.284486,MW104
朝,あさ,早晨,名词,,,1,-1,-1,yes,Class4,W104050,128.807776,2.782939,MW104
教室,きょうしつ,教室,名词,,,0,-1,-1,yes,Class4,W104051,131.590715,3.017646,MW104
,いまし,(人或动物)有;在,自一,,,2,-1,-1,yes,Class4,W104052,134.608361,2.649239,MW104
午後,ごご,下午,名词,,,1,-1,-1,yes,Class4,W104053,137.2576,2.98339,MW104
夜,よる,晚上、夜里,名词,,,1,-1,-1,yes,Class4,W104054,140.24099,2.200058,MW104
広場,ひろば,广场,名词,,,1,-1,-1,yes,Class4,W104055,142.441048,2.882875,MW104
池,いけ,池、池塘,名词,,,2,-1,-1,yes,Class4,W104056,145.323923,2.517391,MW104
綺麗,きれい,漂亮的；干净的,形容动词,,,1,-1,-1,yes,Class4,W104057,147.841314,2.617362,MW104
地下鉄,ちかてつ,地铁,名词,,,0,-1,-1,yes,Class4,W104058,150.458676,2.854464,MW104
駅,えき,车站,名词,,,1,-1,-1,yes,Class4,W104059,153.31314,2.530381,MW104
交通,こうつう,交通,名词,,,0,-1,-1,yes,Class4,W104060,155.843521,2.751171,MW104
,とても,很、非常；干净,副词,,,0,-1,-1,yes,Class4,W104061,158.594692,2.731123,MW104
,これから,从现在起；现在,词组,,,0,4,-1,yes,Class4,W104062,161.325815,2.801012,MW104
,わざわざ,特意、故意,副词,,,1,-1,-1,yes,Class4,W104063,164.126827,2.866279,MW104
広い,ひろい,宽敞的,形容词,,,2,-1,-1,yes,Class4,W104064,166.993106,2.832582,MW104
,ええ,(表示答应)唉、好吧,叹词,,,1,-1,-1,yes,Class4,W104065,169.825688,2.251674,MW104
立派,りっぱ,美观的；出色的；气派,形容动词,,,0,-1,-1,yes,Class4,W104066,172.077362,2.51595,MW104
体育館,たいいくかん,体育馆,名词,,,4,3,-1,yes,Class4,W104067,174.593312,2.516517,MW104
,いつも,经常；平日,副词,,,1,-1,-1,yes,Class4,W104068,177.109829,2.667826,MW104
誰,だれ,谁,代词,,,1,-1,-1,yes,Class4,W104069,179.777655,2.565809,MW104
留学生,りゅうがくせい,留学生,名词,,,3,4,-1,yes,Class4,W104070,182.343464,3.221712,MW104
友人,ゆうじん,友人、朋友,名词,,,0,-1,-1,yes,Class4,W104071,185.565176,2.830146,MW104
,どの,哪个,连体词,,,1,-1,-1,yes,Class4,W104072,188.395322,2.550041,MW104
赤い,あかい,红的,形容词,,,0,2,-1,yes,Class4,W104073,190.945363,3.032287,MW104
静か,しずか,安静的,形容动词,,,1,-1,-1,yes,Class4,W104074,193.97765,2.966499,MW104
賑やか,にぎやか,热闹的,形容动词,,,2,-1,-1,yes,Class4,W104075,196.944149,3.369986,MW104
所,ところ,地方,名词,,,0,3,-1,yes,Class4,W104076,200.314135,2.716725,MW104
何人,なんいん,多少人,名词,,,1,-1,-1,yes,Class4,W104077,203.03086,3.099482,MW104
万,まん,万,数词,,,1,-1,-1,yes,Class4,W104078,206.130342,2.380841,MW104
...人,...にん,...名、...人,接尾,,,0,-1,-1,yes,Class4,W104079,208.511183,1.753701,MW104
花,はな,花,名词,,,2,-1,-1,yes,Class4,W104080,210.264884,2.398182,MW104
草,くさ,草,名词,,,2,-1,-1,yes,Class4,W104081,212.663066,2.450552,MW104
沢山,たくさん,许多、很多,副词,,,0,3,-1,yes,Class4,W104082,215.113618,2.966065,MW104
食堂,しょくどう,食堂,名词,,,0,-1,-1,yes,Class4,W104083,218.079683,2.616529,MW104
,あっ,(表示吃惊、感叹等)啊、呀、哎呀,叹词,,,1,-1,-1,yes,Class4,W104084,220.696212,2.182997,MW104
,もう,已经；快要,副词,,,1,-1,-1,yes,Class4,W104085,222.879209,2.216749,MW104
食事,しょくじ,用餐,名词,,,0,-1,-1,yes,Class4,W104086,225.095958,2.768705,MW104
時間,じかん,时间,名词,,,0,-1,-1,yes,Class4,W104087,227.864663,2.498199,MW104
,ワイタン,外滩,专有名词,,,0,-1,-1,no,Class5,W105001,1.800218,1.366881,MW105
無錫,むしゃく,无锡（城市名）,专有名词,,,1,-1,-1,yes,Class5,W105002,3.167099,1.716517,MW105
国慶節,こっけいせつ,国庆节,专有名词,,,3,-1,-1,yes,Class5,W105003,4.883616,2.119592,MW105
天気,てんき,天气,名词,,,1,-1,-1,yes,Class5,W105004,7.003208,1.914677,MW105
,それで,因此、所以,接续,,,0,-1,-1,yes,Class5,W105005,8.917885,1.632385,MW105
行きます,いきます,去,自五,,,3,-1,-1,yes,Class5,W105006,10.55027,1.837952,MW105
黄浦江,こうほこう,黄浦江,专有名词,,,3,-1,-1,yes,Class5,W105007,12.388222,2.0958,MW105
西,にし,西、西方,名词,,,0,-1,-1,yes,Class5,W105008,14.484022,1.818649,MW105
英語名,えいごめい,英语名,名词,,,3,-1,-1,yes,Class5,W105009,16.302671,1.848455,MW105
bund,パンド,滨海大道,名词,,,3,-1,-1,no,Class5,W105010,18.151126,1.983656,MW105
exotic,エキゾチック,异国情调,形容动词,,,4,-1,-1,no,Class5,W105011,20.134782,2.300168,MW105
古い,ふるい,旧的；老的；从前的,形容词,,,2,-1,-1,yes,Class5,W105012,22.43495,2.284409,MW105
向こう側,むこうがわ,对面、另一侧,名词,,,0,-1,-1,yes,Class5,W105013,24.719359,2.066952,MW105
浦東,ほとう,浦东,专有名词,,,1,-1,-1,yes,Class5,W105014,26.786311,1.732436,MW105
東,ひがし,东、东方,名词,,,3,-1,-1,yes,Class5,W105015,28.518747,2.769069,MW105
現代,げんだい,现代,名词,,,1,-1,-1,yes,Class5,W105016,31.287816,1.868174,MW105
文化,ぶんか,文化,名词,,,1,-1,-1,yes,Class5,W105017,33.15599,1.763101,MW105
風景,ふうけい,风景、景色,名词,,,1,-1,-1,yes,Class5,W105018,34.919091,1.901508,MW105
contrast,コントラスト,对比、对照,名词,,,1,4,-1,no,Class5,W105019,36.820599,2.115656,MW105
,なかなか,很、非常,副词,,,0,-1,-1,yes,Class5,W105020,38.936255,1.970315,MW105
,こんにちは,你好,寒暄语,,,0,-1,-1,yes,Class5,W105021,40.90657,1.980083,MW105
お元気ですか,おげんきですか,你好吗？,寒暄语,,,2,-1,-1,yes,Class5,W105022,42.886653,2.218008,MW105
,おかげさまでげんきです,谢谢，我很好,寒暄语,,,0,-1,-1,yes,Class5,W105023,45.104661,3.28387,MW105
初めて,はじめて,初次、头一次,副词,,,2,-1,-1,yes,Class5,W105024,48.388531,2.048126,MW105
家,うち,家,名词,,,2,-1,-1,yes,Class5,W105025,50.436657,1.450504,MW105
良い,いい,好的,形容词,,,1,-1,-1,yes,Class5,W105026,51.887161,1.416115,MW105
凄い,すごい,非常的、厉害的,形容词,,,2,-1,-1,yes,Class5,W105027,53.303276,1.618633,MW105
人出,ひとで,外出的人群,名词,,,0,-1,-1,yes,Class5,W105028,54.921909,1.751247,MW105
観光客,かんこうきゃく,游客,名词,,,3,-1,-1,yes,Class5,W105029,56.673156,2.418138,MW105
大勢,おおぜい,很多人,名词,,,3,-1,-1,yes,Class5,W105030,59.091294,1.997243,MW105
銀行,ぎんこう,银行,名词,,,0,-1,-1,yes,Class5,W105031,61.088537,1.749039,MW105
塔,とう,塔,名词,,,1,-1,-1,yes,Class5,W105032,62.837576,1.316061,MW105
東方名珠,とうほうめいじゅ,东方明珠,专有名词,,,5,-1,-1,yes,Class5,W105033,64.153637,2.601935,MW105
テレビ塔,televisionとう,电视塔,名词,,,0,-1,-1,yes,Class5,W105034,66.755572,1.984919,MW105
symbol,ツンボル,象征,名词,,,1,-1,-1,no,Class5,W105035,68.740491,1.830601,MW105
,どのぐらい,多少,词组,,,0,1,-1,yes,Class5,W105036,70.571092,1.753294,MW105
meter,メートル,公尺、米,名词,,,0,-1,-1,no,Class5,W105037,72.324386,1.83055,MW105
近く,ちかく,附近,名词,,,2,-1,-1,yes,Class5,W105038,74.154936,1.917073,MW105
金茂,きんも,金茂,专有名词,,,1,-1,-1,yes,Class5,W105039,76.072009,2.051113,MW105
building,ビル,大楼、大厦,名词,,,1,-1,-1,no,Class5,W105040,78.123122,1.700869,MW105
ワールド·ファイナンシャル·センター·ビル,World Financial Center Building,环球金融中心,专有名词,,,15,-1,-1,no,Class5,W105041,79.823991,5.832524,MW105
center,センター,中心、中央,名词,,,1,-1,-1,no,Class5,W105042,85.656515,2.099789,MW105
生活,せいかつ,生活,名词,,,0,-1,-1,yes,Class6,W106001,3.183608,1.833472,MW106
毎朝,まいあさ,每天早晨,名词,,,1,0,-1,yes,Class6,W106002,5.01708,2.434626,MW106
起きる,おきる,起床,自一,,,2,-1,-1,yes,Class6,W106003,7.451706,2.300574,MW106
,よく,经常；很好地,副词,,,1,-1,-1,yes,Class6,W106004,9.75228,2.233052,MW106
運動場,うんどうじょう,运动场,名词,,,0,-1,-1,yes,Class6,W106005,11.985332,2.499966,MW106
basketball,バスケットボール,篮球,名词,,,6,-1,-1,no,Class6,W106006,14.485298,3.117496,MW106
ラジオ体操,radioたいそう,广播体操,名词,,,4,-1,-1,yes,Class6,W106007,17.602794,3.182116,MW106
,する,做、干、办,他サ,,,0,-1,-1,yes,Class6,W106008,20.78491,2.017766,MW106
,それから,然后、其次,接词,,,0,-1,-1,yes,Class6,W106009,22.802676,2.35006,MW106
...語,...ご,...语,接尾,,,0,-1,-1,yes,Class6,W106010,25.152736,1.816853,MW106
朗読,ろうどく,朗读,名词,他サ,,0,-1,-1,yes,Class6,W106011,26.969589,2.234396,MW106
...半,...はん,...半,接尾,,,0,-1,-1,yes,Class6,W106012,29.203985,1.814946,MW106
,...ごろ,(时间的)左右,接尾,,,0,-1,-1,yes,Class6,W106013,31.018931,2.233772,MW106
朝ご飯,あさごはん,早饭,名词,,,3,-1,-1,yes,Class6,W106014,33.252703,2.950702,MW106
食べる,たべる,吃,他一,,,2,-1,-1,yes,Class6,W106015,36.203405,2.216968,MW106
,うどん,面条、切面,名词,,,0,-1,-1,yes,Class6,W106016,38.420373,2.215624,MW106
肉饅頭,にくまんじゅう,肉包子,名词,,,3,-1,-1,yes,Class6,W106017,40.635997,3.001341,MW106
彼,かれ,他,代词,,,1,-1,-1,yes,Class6,W106018,43.637338,2.16562,MW106
余り,あまり,(下接否定)(不)怎样、(不)很,副词,,,0,-1,-1,yes,Class6,W106019,45.802958,2.684726,MW106
pao,バン,面包,名词,,,1,-1,-1,no,Class6,W106020,48.487684,2.434893,MW106
,そして,而且,接词,,,0,-1,-1,yes,Class6,W106021,50.922577,2.666022,MW106
自転車,じてんしゃ,自行车,名词,,,2,0,-1,yes,Class6,W106022,53.588599,3.068535,MW106
毎晩,まいばん,每晚,名词,,,1,0,-1,yes,Class6,W106023,56.657134,3.032787,MW106
勉強,べんきょう,学习,名词,他サ,,0,-1,-1,yes,Class6,W106024,59.689921,3.3488,MW106
帰る,かえる,回家、回去,自五,,,1,-1,-1,yes,Class6,W106025,63.038721,2.884659,MW106
,かかる,花费、需要,自五,,,2,-1,-1,yes,Class6,W106026,65.92338,2.864585,MW106
寝る,ねる,睡、就寝,自一,,,0,-1,-1,yes,Class6,W106027,68.787965,2.719001,MW106
忙しい,いそがしい,忙,形容词,,,4,-1,-1,yes,Class6,W106028,71.506966,2.998678,MW106
,しかし,可是、但是,接词,,,2,-1,-1,yes,Class6,W106029,74.505644,2.901655,MW106
大変,たいへん,非常,副词,,,0,-1,-1,yes,Class6,W106030,77.407299,2.100475,MW106
楽しい,たのしい,愉快的、高兴的,形容词,,,3,-1,-1,yes,Class6,W106031,79.507774,2.767062,MW106
木村,きむら,木村(姓氏),专有名词,,,0,-1,-1,yes,Class6,W106032,82.274836,3.033879,MW106
,おはようございます,早上好,寒暄语,,,0,-1,-1,yes,Class6,W106033,85.308715,3.569145,MW106
来る,くる,来,自カ,,,1,-1,-1,yes,Class6,W106034,88.87786,2.381043,MW106
今,いま,现在,名词,,,1,-1,-1,yes,Class6,W106035,91.258903,2.297167,MW106
何時,なんじ,几点,名词,,,1,-1,-1,yes,Class6,W106036,93.55607,2.550553,MW106
洗面所,せんめんじょ,化妆室、盥洗室,名词,,,0,5,-1,yes,Class6,W106037,96.106623,2.800426,MW106
歯,は,牙齿,名词,,,1,-1,-1,yes,Class6,W106038,98.907049,2.367977,MW106
磨く,みがく,刷、擦,他五,,,0,-1,-1,yes,Class6,W106039,101.275026,2.686297,MW106
洗う,あらう,洗,他五,,,0,-1,-1,yes,Class6,W106040,103.961323,2.532666,MW106
,どんな,如何的、怎样的,连体词,,,1,-1,-1,yes,Class6,W106041,106.493989,3.064105,MW106
運動,うんどう,运动,名词,自サ,,0,-1,-1,yes,Class6,W106042,109.558094,2.285137,MW106
bedminton,バドミントン,羽毛球,名词,,,3,-1,-1,no,Class6,W106043,111.843231,3.248304,MW106
tennis,テニス,网球,名词,,,1,-1,-1,no,Class6,W106044,115.091535,2.700935,MW106
午前,ごぜん,上午,名词,,,1,-1,-1,yes,Class6,W106045,117.79247,2.682815,MW106
体育,たいいく,体育,名词,,,1,-1,-1,yes,Class6,W106046,120.475285,2.733682,MW106
週,しゅう,星期,名词,,,1,-1,-1,yes,Class6,W106047,123.208967,2.385214,MW106
何時間,なんじかん,几小时；几课时,名词,,,3,-1,-1,yes,Class6,W106048,125.594181,2.666673,MW106
一日,いちにち,一天、一日、一昼夜,名词,,,0,-1,-1,yes,Class6,W106049,128.260854,2.832304,MW106
始める,はじめる,开始,自五,,,0,-1,-1,yes,Class6,W106050,131.093158,2.765755,MW106
終わる,おわる,结束,自五,,,0,-1,-1,yes,Class6,W106051,133.858913,2.768106,MW106
放送,ほうそう,广播,名词,他サ,,0,-1,-1,yes,Class6,W106052,136.627019,2.998945,MW106
時々,ときどき,有时；时时、经常,副词,,,0,-1,-1,yes,Class6,W106053,139.625964,2.46737,MW106
見る,みる,看,他一,,,1,-1,-1,yes,Class6,W106054,142.093334,2.286582,MW106
新聞,しんぶん,报纸,名词,,,0,-1,-1,yes,Class6,W106055,144.379916,2.448455,MW106
読む,よむ,念、读、朗读,他五,,,1,-1,-1,yes,Class6,W106056,146.828371,2.417267,MW106
丁,てい,丁（姓氏）,专有名词,,,0,-1,-1,yes,Class6,W106057,149.245638,2.098545,MW106
日系企業,にっけいきぎょう,日企,名词,,,5,-1,-1,yes,Class6,W106058,151.344183,2.05096,MW106
会社員,かいしゃいん,公司职员,名词,,,3,-1,-1,yes,Class6,W106059,153.395143,2.149873,MW106
毎日,まいにち,每天,名词,,,1,-1,-1,yes,Class6,W106060,155.545016,2.467548,MW106
出掛ける,でかける,外出、出门,自一,,,0,-1,-1,yes,Class6,W106061,158.012564,1.915876,MW106
市内,しない,市内,名词,,,1,-1,-1,yes,Class6,W106062,159.92844,1.916291,MW106
会社,かいしゃ,公司,名词,,,0,-1,-1,yes,Class6,W106063,161.844731,1.950625,MW106
郊外,こうがい,郊区、郊外,名词,,,1,-1,-1,yes,Class6,W106064,163.795356,2.184384,MW106
歩く,あるく,走、步行,自五,,,2,-1,-1,yes,Class6,W106065,165.97974,1.798756,MW106
電車,でんしゃ,电气列车,名词,,,0,1,-1,yes,Class6,W106066,167.778496,2.150574,MW106
込む,こむ,拥挤,自五,,,1,-1,-1,yes,Class6,W106067,169.92907,2.266442,MW106
残業,ざんぎょう,加班,名词,,,0,-1,-1,yes,Class6,W106068,172.195512,2.566638,MW106
又,また,又、再、也,副词,,,0,-1,-1,yes,Class6,W106069,174.76215,2.084461,MW106
同僚,どうりょう,同僚、同事,名词,,,0,-1,-1,yes,Class6,W106070,176.846611,2.217086,MW106
付き合い,つきあい,交往、来往,名词,,,3,0,-1,yes,Class6,W106071,179.063697,2.566012,MW106
,ですから,因此、所以,接词,,,1,-1,-1,yes,Class6,W106072,181.629709,2.782491,MW106
大抵,たいてい,一般、大都,名词,副词,,0,-1,-1,yes,Class6,W106073,184.4122,2.668017,MW106
お風呂に入る,おふろにはいる,洗澡,词组,,,0,-1,-1,yes,Class6,W106074,187.080217,3.167101,MW106
雑誌,ざっし,杂志,名词,,,0,-1,-1,yes,Class6,W106075,190.247318,2.586883,MW106
internet,インターネット,因特网、互联网,名词,,,5,-1,-1,no,Class6,W106076,192.834201,2.897948,MW106
楽しむ,たのしむ,玩乐、享受,他五,,,3,-1,-1,yes,Class6,W106077,195.732149,3.364636,MW106
昨日,きのう,昨天,名词,,,2,-1,-1,yes,Class7,W107001,3.083247,2.100139,MW107
日曜日,にちようび,星期天,名词,,,3,-1,-1,yes,Class7,W107002,5.183386,2.083265,MW107
,あんなに,那样的,副词,,,0,-1,-1,yes,Class7,W107003,7.266651,2.284133,MW107
素晴らしい,すばらしい,极好,形容词,,,4,-1,-1,yes,Class7,W107004,9.550784,2.483103,MW107
本当に,ほんとうに,的确、实在,副词,,,0,-1,-1,yes,Class7,W107005,12.033887,2.752087,MW107
珍しい,めずらしい,少有的、罕见的,形容词,,,4,-1,-1,yes,Class7,W107006,14.785974,2.930534,MW107
呂,ろ,吕（姓氏）,专有名词,,,0,-1,-1,yes,Class7,W107007,17.716508,2.149063,MW107
一緒に,いっしょに,一起、一块儿,副词,,,0,-1,-1,yes,Class7,W107008,19.865571,2.569098,MW107
第一ヤオハン,だいいちヤオハン,第一八佰伴（店名）,专有名词,,,5,-1,-1,yes,Class7,W107009,22.434669,3.281872,MW107
買い物,かいもの,购物、买东西,名词,自サ,,0,-1,-1,yes,Class7,W107010,25.716541,2.501865,MW107
お茶,おちゃ,茶、茶叶,名词,,,0,-1,-1,yes,Class7,W107011,28.218406,2.5831,MW107
買う,かう,买,他五,,,0,-1,-1,yes,Class7,W107012,30.801506,2.282679,MW107
文房具,ぶんぼうぐ,文具、文房四宝,名词,,,3,-1,-1,yes,Class7,W107013,33.084185,2.999472,MW107
食べ物,たべもの,食物、吃的东西,名词,,,3,2,-1,yes,Class7,W107014,36.083657,2.519482,MW107
後,あと,之后,名词,,,1,-1,-1,yes,Class7,W107015,38.603139,2.615962,MW107
国際空港,こくさいくうこう,国际机场,名词,,,5,-1,-1,yes,Class7,W107016,41.219101,3.450276,MW107
linear motor car,リニア・モーター・カー,磁悬浮列车,名词,,,6,8,-1,no,Class7,W107017,44.669377,4.184173,MW107
乗る,のる,乘、坐,自五,,,0,-1,-1,yes,Class7,W107018,48.85355,2.532085,MW107
restaurant,レストラン,餐馆,名词,,,1,-1,-1,no,Class7,W107019,51.385635,2.249272,MW107
世紀公園,せいきこうえん,世纪公园,专有名词,,,4,-1,-1,yes,Class7,W107020,53.634907,3.218216,MW107
散歩,さんぽ,散步,名词,自サ,,0,-1,-1,yes,Class7,W107021,56.853123,2.549981,MW107
登る,のぼる,登、爬,自五,,,0,-1,-1,yes,Class7,W107022,59.403104,2.216178,MW107
美しい,うつくしい,美丽的、悦目的,形容词,,,4,-1,-1,yes,Class7,W107023,61.619282,2.551006,MW107
景色,けしき,景色,名词,,,1,-1,-1,yes,Class7,W107024,64.170288,2.717317,MW107
眺める,ながめる,眺望、远眺,他一,,,3,-1,-1,yes,Class7,W107025,66.887605,2.832546,MW107
映画館,えいがかん,电影院,名词,,,3,-1,-1,yes,Class7,W107026,69.720151,2.93409,MW107
面白い,おもしろい,有趣的,形容词,,,4,-1,-1,yes,Class7,W107027,72.654241,2.982613,MW107
映画,えいが,电影,名词,,,1,0,-1,yes,Class7,W107028,75.636854,2.932719,MW107
bus,バス,公共汽车,名词,,,1,-1,-1,no,Class7,W107029,78.569573,2.467722,MW107
店,みせ,店铺、商店,名词,,,2,-1,-1,yes,Class7,W107030,81.037295,2.467658,MW107
,ああ,（表示感叹）啊,叹词,,,1,-1,-1,yes,Class7,W107031,83.504953,2.784727,MW107
品物,しなもの,东西、物品；商品,名词,,,0,-1,-1,yes,Class7,W107032,86.28968,3.200702,MW107
値段,ねだん,价格,名词,,,0,-1,-1,yes,Class7,W107033,89.490382,3.081396,MW107
一箱,ひとはこ,一箱、一盒,名词,,,2,-1,-1,yes,Class7,W107034,92.571778,2.901995,MW107
,いくら,多少钱,名词,,,1,-1,-1,yes,Class7,W107035,95.473773,2.531539,MW107
元,げん,元（中国货币单位）,名词,,,1,-1,-1,yes,Class7,W107036,98.005312,2.736396,MW107
角,かく,角（中国货币单位）,名词,,,1,-1,-1,yes,Class7,W107037,100.741708,2.581972,MW107
安い,やすい,便宜,形容词,,,2,-1,-1,yes,Class7,W107038,103.32368,2.682475,MW107
円,えん,日元（日本货币单位）,名词,,,1,-1,-1,yes,Class7,W107039,106.006155,2.568135,MW107
桜海亭,おうかいてい,樱海亭（餐馆名）,专有名词,,,0,-1,-1,yes,Class7,W107040,108.57429,3.031638,MW107
中 lamian,ラーメン,拉面,名词,,,1,-1,-1,no,Class7,W107041,111.605928,2.651161,MW107
中chaofan,チャーハン,炒饭,名词,,,1,-1,-1,no,Class7,W107042,114.257089,2.782689,MW107
飲む,のむ,喝,他五,,,1,-1,-1,yes,Class7,W107043,117.039778,2.317256,MW107
料理,りょうり,菜肴、烹调,名词,他サ,,1,-1,-1,yes,Class7,W107044,119.357034,2.583069,MW107
美味しい,おいしい,美味的、好吃的,形容词,,,0,3,-1,yes,Class7,W107045,121.940103,2.651269,MW107
一番,いちばん,最,副词,,,2,0,-1,yes,Class7,W107046,124.591372,2.532744,MW107
公園,こうえん,公园,名词,,,0,-1,-1,yes,Class7,W107047,127.124116,2.534037,MW107
elevator,エレベーター,升降式电梯,名词,,,3,-1,-1,yes,Class7,W107048,129.658153,2.733898,MW107
展望台,てんぼうだい,瞭望台,名词,,,0,-1,-1,yes,Class7,W107049,132.392051,3.349563,MW107
新西遊記,しんさいゆうき,新西游记（电影名）,专有名词,,,5,-1,-1,yes,Class7,W107050,135.741614,3.465912,MW107
未だ,まだ,尚、还,副词,,,1,-1,-1,yes,Class7,W107051,139.207526,2.367416,MW107
長い,ながい,长的,形容词,,,2,-1,-1,yes,Class7,W107052,141.574942,2.301046,MW107
復習,ふくしゅう,复习,名词,他サ,,0,-1,-1,yes,Class7,W107053,143.875988,2.618247,MW107
勉強家,べんきょうか,学习用功的人,名词,,,0,-1,-1,yes,Class7,W107054,146.494235,2.981379,MW107
,まだまだ,尚不充分；仍然,副词,,,1,-1,-1,yes,Class7,W107055,149.475614,2.417843,MW107
日帰り,ひがえり,当天来回,名词,,,0,4,-1,yes,Class7,W107056,151.893457,3.249799,MW107
幸い,さいわい,幸亏、幸而；正好,副词,,,0,-1,-1,yes,Class7,W107057,155.143256,2.450386,MW107
友達,ともだち,朋友、友人,名词,,,0,-1,-1,yes,Class7,W107058,157.593642,2.366352,MW107
蘇州,そしゅう,苏州（城市名）,专有名词,,,1,-1,-1,yes,Class7,W107059,159.959994,2.665595,MW107
高速電車,こうそくでんしゃ,高速电气列车,名词,,,5,-1,-1,yes,Class7,W107060,162.625589,2.882952,MW107
着く,つく,到、到达,自五,,,1,2,-1,yes,Class7,W107061,165.508541,2.477138,MW107
,まず,首先,副词,,,1,-1,-1,yes,Class7,W107062,167.985679,2.333003,MW107
観光バス,かんこうbus,观光车,名词,,,5,-1,-1,no,Class7,W107063,170.318682,2.917543,MW107
虎丘,こきゅう,虎丘（园林名）,专有名词,,,1,-1,-1,yes,Class7,W107064,173.236225,2.465539,MW107
有名,ゆうめい,有名的,形容动词,,,0,-1,-1,yes,Class7,W107065,175.701764,2.451757,MW107
虎丘斜塔,こきゅうしゃとう,虎丘斜塔（塔名）,专有名词,,,4,-1,-1,yes,Class7,W107066,178.153521,3.183795,MW107
西園,せいえん,西园（园林名）,专有名词,,,1,-1,-1,yes,Class7,W107067,181.337316,2.682589,MW107
五百羅漢,ごひゃくらかん,五百罗汉,名词,,,4,-1,-1,yes,Class7,W107068,184.019905,3.282626,MW107
昼食,ちゅうしょく,午饭、午餐,名词,,,0,-1,-1,yes,Class7,W107069,187.302531,2.799942,MW107
…後,ご,…之后,接尾,,,0,-1,-1,yes,Class7,W107070,190.102473,2.25329,MW107
,やがて,不久,副词,,,0,-1,-1,yes,Class7,W107071,192.355763,2.548102,MW107
寒山寺,かんざんじ,寒山寺（寺院名）,专有名词,,,1,-1,-1,yes,Class7,W107072,194.903865,2.617527,MW107
記念,きねん,纪念,名词,他サ,,0,-1,-1,yes,Class7,W107073,197.521392,2.617577,MW107
撮る,とる,拍摄,他五,,,1,-1,-1,yes,Class7,W107074,200.138969,2.181768,MW107
名園,めいえん,著名园林,名词,,,0,-1,-1,yes,Class7,W107075,202.320737,2.417997,MW107
獅子林,ししりん,狮子林（园林名）,专有名词,,,2,-1,-1,yes,Class7,W107076,204.738734,2.833806,MW107
庭園,ていえん,庭园,名词,,,0,-1,-1,yes,Class7,W107077,207.57254,2.449051,MW107
疲れる,つかれる,疲倦、累,自一,,,3,-1,-1,yes,Class7,W107078,210.021591,3.121566,MW107
北京,ペキン,北京（城市名）,专有名词,,,1,-1,-1,yes,Class8,,,,
Olympic,オリンピック,奥林匹克,名词,,,4,-1,-1,no,Class8,,,,
開催,かいさい,召开、举行,名词,他サ,,0,-1,-1,yes,Class8,,,,
田中,たなか,田中（姓氏）,专有名词,,,0,-1,-1,yes,Class8,,,,
夏休み,なつやすみ,暑假,名词,,,3,-1,-1,yes,Class8,,,,
国家,こっか,国家,名词,,,1,-1,-1,yes,Class8,,,,
stadium,スタジアム,体育场（有田径场、观众席）,名词,,,2,-1,-1,no,Class8,,,,
鳥の巣,とりのす,鸟巢（体育馆名）,专有名词,,,0,-1,-1,yes,Class8,,,,
聖火リレー,せいかrelay,传递圣火,名词,,,4,-1,-1,no,Class8,,,,
開会式,かいかいしき,开幕式,名词,,,3,-1,-1,yes,Class8,,,,
ceremony,セレモニー,仪式、典礼,名词,,,1,-1,-1,no,Class8,,,,
観戦,かんせん,看比赛、观战,名词,他サ,,0,-1,-1,yes,Class8,,,,
team,チーム,队、组、小组,名词,,,1,-1,-1,no,Class8,,,,
応援,おうえん,助威、声援,名词,他サ,,0,-1,-1,yes,Class8,,,,
mascot,マスコット,吉祥物,名词,,,3,1,-1,no,Class8,,,,
mark,マーク,（作）标记、（作）记号,名词,他サ,,1,-1,-1,no,Class8,,,,
emblem,エンブレム,徽章、标志,名词,,,1,-1,-1,no,Class8,,,,
町,まち,城镇；街,名词,,,2,-1,-1,yes,Class8,,,,
明るい,あかるい,明亮的、艳丽的,形容词,,,0,3,-1,yes,Class8,,,,
人々,ひとびと,人们、人人,名词,,,2,-1,-1,yes,Class8,,,,
親切,しんせつ,热情友好的,形容动词,,,1,-1,-1,yes,Class8,,,,
,やさしい,友善的、诚挚的,形容词,,,0,-1,-1,yes,Class8,,,,
誕生日,たんじょうび,生日,名词,,,3,-1,-1,yes,Class8,,,,
迎える,むかえる,迎接,他一,,,0,-1,-1,yes,Class8,,,,
年月日,ねんがつび,年月日,名词,,,3,-1,-1,yes,Class8,,,,
言い方,いいかた,说法、措辞,名词,,,0,-1,-1,yes,Class8,,,,
難しい,むずかしい,难的、困难的；繁琐的,形容词,,,0,4,-1,yes,Class8,,,,
習う,ならう,学习,他五,,,2,-1,-1,yes,Class8,,,,
先週,せんしゅう,上星期、上周,名词,,,0,-1,-1,yes,Class8,,,,
何か月,なんかげつ,几个月,名词,,,3,-1,-1,yes,Class8,,,,
……か月,かげつ,……个月,接尾,,,0,-1,-1,yes,Class8,,,,
春,はる,春天,名词,,,1,-1,-1,yes,Class8,,,,
何月,なんがつ,几月份,名词,,,1,-1,-1,yes,Class8,,,,
気候,きこう,气候,名词,,,0,-1,-1,yes,Class8,,,,
,どう,怎么样、如何,副词,,,1,-1,-1,yes,Class8,,,,
暖かい,あたたかい,温暖的、暖和的,形容词,,,4,-1,-1,yes,Class8,,,,
夏,なつ,夏天,名词,,,2,-1,-1,yes,Class8,,,,
暑い,あつい,炎热的,形容词,,,2,-1,-1,yes,Class8,,,,
秋,あき,秋天,名词,,,1,-1,-1,yes,Class8,,,,
涼しい,すずしい,凉爽的、凉快的,形容词,,,3,-1,-1,yes,Class8,,,,
冬,ふゆ,冬天,名词,,,2,-1,-1,yes,Class8,,,,
寒い,さむい,寒冷的,形容词,,,2,-1,-1,yes,Class8,,,,
今月,こんげつ,这个月、本月,名词,,,0,-1,-1,yes,Class8,,,,
何日,なんにち,几号；几天,名词,,,1,-1,-1,yes,Class8,,,,
今年,ことし,今年,名词,,,0,-1,-1,yes,Class8,,,,
何年,なんねん,几年；哪一年,名词,,,1,-1,-1,yes,Class8,,,,
覚える,おぼえる,记住、记得,他一,,,3,-1,-1,yes,Class8,,,,
,ところで,（转变话题）可是,接词,,,3,-1,-1,yes,Class8,,,,
感動,かんどう,感动,名词,自サ,,0,-1,-1,yes,Class8,,,,
気持ち,きもち,心情、感觉、情绪,名词,,,0,-1,-1,yes,Class8,,,,
緊張,きんちょう,（精神）紧张,名词,自サ,,0,-1,-1,yes,Class8,,,,
雰囲気,ふんいき,气氛,名词,,,3,-1,-1,yes,Class8,,,,
昼,ひる,白昼、白天,名词,,,2,-1,-1,yes,Class8,,,,
多い,おおい,多,形容词,,,1,-1,-1,yes,Class8,,,,
部屋代,へやだい,房费、房租,名词,,,0,-1,-1,yes,Class8,,,,
豊富,ほうふ,丰富的,名词,形容动词,,0,1,-1,yes,Class8,,,,
魚,さかな,鱼,名词,,,0,-1,-1,yes,Class8,,,,
新鮮,しんせん,新鲜的,形容动词,,,0,-1,-1,yes,Class8,,,,
party,パーティー,派对、聚会,名词,,,1,-1,-1,no,Class8,,,,
,ちょうど,正好、恰好,副词,,,0,-1,-1,yes,Class8,,,,
失礼,しつれい,失礼；对不起；告辞,名词,形容动词,,2,-1,-1,yes,Class8,,,,
生まれる,うまれる,诞生、出生,自一,,,0,-1,-1,yes,Class8,,,,
満,まん,满、整、足,连体词,,,1,-1,-1,yes,Class8,,,,
嬉しい,うれしい,高兴的,形容词,,,3,-1,-1,yes,Class8,,,,
年中行事,ねんじゅうぎょうじ,每年定例的活动或式,名词,,,5,-1,-1,yes,Class8,,,,
正月,しょうがつ,正月；新年、元旦,名词,,,4,-1,-1,yes,Class8,,,,
雑煮,ぞうに,煮年糕,名词,,,0,-1,-1,yes,Class8,,,,
寺,てら,寺院,名词,,,2,-1,-1,yes,Class8,,,,
神社,じんじゃ,神社,名词,,,1,-1,-1,yes,Class8,,,,
参拝,さんぱい,参拜（神社、寺院）,名词,自サ,,0,-1,-1,yes,Class8,,,,
節分,せつぶん,立春（立夏、立秋、立冬）的前一天,名词,,,0,-1,-1,yes,Class8,,,,
ひな祭り,ひな祭まつり,偶人节，女儿节，桃花节,名词,,,3,-1,-1,yes,Class8,,,,
女の子,おんなのこ,女孩子,名词,,,3,-1,-1,yes,Class8,,,,
ひな人形,ひなにんぎょう,（偶人节摆设的）偶人,名词,,,3,-1,-1,yes,Class8,,,,
飾る,かざる,装饰,他五,,,0,-1,-1,yes,Class8,,,,
男の子,おとこのこ,男孩,名词,,,3,-1,-1,yes,Class8,,,,
祭り,まつり,祭祀、庙会；（纪念）仪式,名词,,,3,0,-1,yes,Class8,,,,
,こいのぼり,鲤鱼旗,名词,,,3,-1,-1,yes,Class8,,,,
立てる,たてる,立起、扬起,他一,,,2,-1,-1,yes,Class8,,,,
七夕,たなばた,七夕,名词,,,0,-1,-1,yes,Class8,,,,
中旬,ちゅうじゅん,中旬,名词,,,1,0,-1,yes,Class8,,,,
お盆,おぼん,盂兰盆,名词,,,0,-1,-1,yes,Class8,,,,
満月,満月まんげつ,圆月,名词,,,1,-1,-1,yes,Class8,,,,
月見,つきみ,赏月、观月,名词,,,3,-1,-1,yes,Class8,,,,
前後,ぜんご,前后,名词,,,1,-1,-1,yes,Class8,,,,
運動会,うんどうかい,运动会,名词,,,3,-1,-1,yes,Class8,,,,
家族,かぞく,家族，家属,名词,,,1,-1,-1,yes,Class9,,,,
digital camera,デジカメ,（デジタルカメラ的略语）数码相机,名词,,,0,-1,-1,no,Class9,,,,
鈴木,すずき,铃木（姓氏）,专有名词,,,0,-1,-1,yes,Class9,,,,
,...たち,们（表示复数）,接尾,,,0,-1,-1,yes,Class9,,,,
戻る,もどる,回家；返回；倒退,自五,,,2,-1,-1,yes,Class9,,,,
訪ねる,たずねる,访问,他一,,,3,-1,-1,yes,Class9,,,,
見せる,みせる,给……看；显示,他一,,,2,-1,-1,yes,Class9,,,,
上野公园,うのこうえん,上野公园,名词,,,4,-1,-1,yes,Class9,,,,
花見,はなみ,赏花,名词,,,3,-1,-1,yes,Class9,,,,
青い,あおい,青、蓝；幼稚的,形容词,,,2,-1,-1,yes,Class9,,,,
sweater,セーター,毛衣,名词,,,1,-1,-1,no,Class9,,,,
着る,きる,穿（衣）,他一,,,0,-1,-1,yes,Class9,,,,
necktie,ネクタイ,领带,名词,,,1,-1,-1,no,Class9,,,,
締める,しめる,系（领带）,他一,,,2,-1,-1,yes,Class9,,,,
黄色い,きいろい,黄色的,形容词,,,0,-1,-1,yes,Class9,,,,
法jupon,ズボン,裤子,名词,,,2,1,-1,no,Class9,,,,
穿く,はく,穿,他五,,,0,-1,-1,yes,Class9,,,,
黒い,くろい,黑色的,形容词,,,2,-1,-1,yes,Class9,,,,
眼鏡,めがね,眼镜,名词,,,1,-1,-1,yes,Class9,,,,
,かける,戴（眼镜）；打（电话）,他一,,,2,-1,-1,yes,Class9,,,,
白い,しろい,白的,形容词,,,2,-1,-1,yes,Class9,,,,
帽子,ぼうし,帽子,名词,,,0,-1,-1,yes,Class9,,,,
,かぶる,戴（帽子）,他五,,,2,-1,-1,yes,Class9,,,,
一家,いっか,一家,名词,,,1,-1,-1,yes,Class9,,,,
,いらっしゃい,欢迎光临,寒暄语,,,4,-1,-1,yes,Class9,,,,
暫く,しばらく,许久；暂时、不久,副词,名词,,2,-1,-1,yes,Class9,,,,
御無沙汰,ごぶさた,久未问候,名词,自サ,,0,-1,-1,yes,Class9,,,,
国,くに,故乡；国家；国土,名词,,,0,-1,-1,yes,Class9,,,,
皆さん,みなさん,各位、大家,代词,,,2,-1,-1,yes,Class9,,,,
時,とき,时刻，时候,名词,,,2,-1,-1,yes,Class9,,,,
東京,とうきょう,东京（地名）,专有名词,,,0,-1,-1,yes,Class9,,,,
知る,しる,晓得、知道,他五,,,0,-1,-1,yes,Class9,,,,
或る,ある,某,连体词,,,1,-1,-1,yes,Class9,,,,
歌,うた,歌,名词,,,2,-1,-1,yes,Class9,,,,
歌う,うたう,唱歌,他五,,,0,-1,-1,yes,Class9,,,,
踊り,おどり,舞蹈,名词,,,0,-1,-1,yes,Class9,,,,
踊る,おどる,跳舞,名词,,,0,-1,-1,yes,Class9,,,,
方,ほう,方、方面,名词,,,1,-1,-1,yes,Class9,,,,
両親,りょうしん,双亲,名词,,,1,-1,-1,yes,Class9,,,,
兄,あに,哥哥,名词,,,1,-1,-1,yes,Class9,,,,
姉,あね,姐姐,名词,,,0,-1,-1,yes,Class9,,,,
弟,おとうと,弟弟,名词,,,4,-1,-1,yes,Class9,,,,
妹,いもうと,妹妹,名词,,,4,-1,-1,yes,Class9,,,,
大家族,だいかぞく,大家庭,名词,,,3,-1,-1,yes,Class9,,,,
少子化,しょうしか,少子化,名词,,,0,-1,-1,yes,Class9,,,,
時代,じだい,时代,名词,,,0,-1,-1,yes,Class9,,,,
家庭,かてい,家庭,名词,,,0,-1,-1,yes,Class9,,,,
方,かた,人（人的敬称）,名词,,,2,-1,-1,yes,Class9,,,,
父,ちち,父亲,名词,,,2,1,-1,yes,Class9,,,,
貿易会社,ぼうえきがいしゃ,贸易公司,名词,,,5,-1,-1,yes,Class9,,,,
務める,つとめる,工作、任职,自一,,,3,-1,-1,yes,Class9,,,,
働く,はたらく,工作、干活,自五,,,0,-1,-1,yes,Class9,,,,
supermarket,スーパー,（スーパーマーケット的略语）自选市场、超级市场,名词,,,1,-1,-1,no,Class9,,,,
出る,でる,出去、离开；毕业,自一,,,1,-1,-1,yes,Class9,,,,
病院,びょういん,医院,名词,,,0,-1,-1,yes,Class9,,,,
stewardess,スチュワーデス,空姐,名词,,,3,-1,-1,no,Class9,,,,
America,アメリカ,美国（国名）,专有名词,,,0,-1,-1,no,Class9,,,,
New  York,ニューヨーク,纽约（地名）,专有名词,,,3,-1,-1,no,Class9,,,,
住む,すむ,居住,自五,,,1,-1,-1,yes,Class9,,,,
結婚,けっこん,结婚,名词,自サ,,0,-1,-1,yes,Class9,,,,
,ほか,别处；其他,外,他,,0,-1,-1,yes,Class9,,,,
,じゃ,（「では」的口语化）那么,接词,,,1,-1,-1,yes,Class9,,,,
,だんだん,渐渐地,副词,,,0,-1,-1,yes,Class9,,,,
核家族,かくかぞく,小家庭,名词,,,3,-1,-1,yes,Class9,,,,
,なる,成为,自五,,,1,-1,-1,yes,Class9,,,,
万博,ばんぱく,万国博览会、世博会,名词,,,0,-1,-1,yes,Class9,,,,
盧浦大橋,ろほたいきょう,卢浦大桥,专有名词,,,3,-1,-1,yes,Class9,,,,
市民,しみん,市民,名词,,,1,-1,-1,yes,Class9,,,,
憩い,いこい,休息、歇息,名词,,,0,-1,-1,yes,Class9,,,,
場,ば,场所。地方,名词,,,0,-1,-1,yes,Class9,,,,
活気にあふれる,かっきにあふれる,充满活力,词组,,,0,-1,-1,yes,Class9,,,,
空,そら,天、天空,名词,,,1,-1,-1,yes,Class9,,,,
晴れる,はれる,晴天,自一,,,2,-1,-1,yes,Class9,,,,
日,ひ,太阳,名词,,,0,-1,-1,yes,Class9,,,,
差す,さす,照射,自五,,,1,-1,-1,yes,Class9,,,,
木の葉,このは,树叶,名词,,,1,-1,-1,yes,Class9,,,,
,きらきら,闪耀,副词,,,1,-1,-1,yes,Class9,,,,
光る,ひかる,发光、发亮,自五,,,2,-1,-1,yes,Class9,,,,
咲く,さく,开花,自五,,,0,-1,-1,yes,Class9,,,,
小鳥,ことり,小鸟,名词,,,0,-1,-1,yes,Class9,,,,
鳴く,なく,（鸟等）叫,自五,,,0,-1,-1,yes,Class9,,,,
飛ぶ,とぶ,飞,自五,,,0,-1,-1,yes,Class9,,,,
川,かわ,河,名词,,,2,-1,-1,yes,Class9,,,,
流れる,ながれる,流、流逝,自一,,,3,-1,-1,yes,Class9,,,,
鯉,こい,鲤鱼,名词,,,1,-1,-1,yes,Class9,,,,
泳ぐ,およぐ,游泳,自五,,,2,-1,-1,yes,Class9,,,,
子供,こども,孩子,名词,,,0,-1,-1,yes,Class9,,,,
遊ぶ,あそぶ,玩、游戏,自五,,,0,-1,-1,yes,Class9,,,,
,ぶらんこ,秋千,名词,,,1,2,-1,yes,Class9,,,,
親,おや,父母、双亲,名词,,,2,-1,-1,yes,Class9,,,,
側·傍,そば,附近、旁边,名词,,,1,-1,-1,yes,Class9,,,,
老人,ろうじん,老人,名词,,,0,-1,-1,yes,Class9,,,,
bench,ベンチ,长椅,名词,,,1,-1,-1,no,Class9,,,,
休む,やすむ,休息、缺勤,自五,,,2,-1,-1,yes,Class9,,,,
男,おとこ,男子,名词,,,0,-1,-1,yes,Class9,,,,
ball,ボール,球,名词,,,0,-1,-1,no,Class9,,,,
投げる,なげる,投、抛、扔、掷,他一,,,2,-1,-1,yes,Class9,,,,
女,おんな,女子,名词,,,3,-1,-1,yes,Class9,,,,
連休,れんきゅう,连休、长假,名词,,,0,-1,-1,yes,Class10,,,,
楊,よう,杨（姓氏）,专有名词,,,1,-1,-1,yes,Class10,,,,
利用,りよう,利用,名•他サ,,,0,-1,-1,yes,Class10,,,,
青島,チンタオ,青岛（城市名）,专有名词,,,1,-1,-1,yes,Class10,,,,
飛行機,ひこうき,飞机,名词,,,2,-1,-1,yes,Class10,,,,
航空券,こうくうけん,机票,名词,,,3,-1,-1,yes,Class10,,,,
夕食,ゆうしょく,晚餐,名词,,,0,-1,-1,yes,Class10,,,,
海岸,かいがん,海岸、海边,名词,,,0,-1,-1,yes,Class10,,,,
入れる,いれる,连…在内；放入,他一,,,0,-1,-1,yes,Class10,,,,
末っ子,すえっこ,小女儿、小儿子,名词,,,0,-1,-1,yes,Class10,,,,
海洋,かいよう,海洋,名词,,,0,-1,-1,yes,Class10,,,,
研究所,けんきゅうじょ,研究所,名词,,,5,-1,-1,yes,Class10,,,,
定年退職,ていねんたいしょく,退休,名词,,,5,-1,-1,yes,Class10,,,,
中学校,ちゅがっこう,中学,名词,,,3,-1,-1,yes,Class10,,,,
宮本,みやもと,宫本（姓氏）,专有名词,,,0,-1,-1,yes,Class10,,,,
荷bier,ビール,啤酒,名词,,,1,-1,-1,no,Class10,,,,
present,プレゼント,赠送礼物；礼物,名•他サ,,,2,-1,-1,no,Class10,,,,
,ごめんください,（叫门）主人在家吗？我可以进来吗？,寒暄语,,,0,-1,-1,yes,Class10,,,,
,どうぞ,请,副词,,,1,-1,-1,yes,Class10,,,,
お入りください,おはいりください,请进,寒暄语,,,0,-1,-1,yes,Class10,,,,
,おかけください,请坐,寒暄语,,,0,-1,-1,yes,Class10,,,,
お茶をどうぞ,おちゃをどうぞ,请用茶,寒暄语,,,0,-1,-1,yes,Class10,,,,
,おかまいなく,请别张罗,寒暄语,,,5,-1,-1,yes,Class10,,,,
,どちら,哪一方；哪一位；哪里,代词,,,1,-1,-1,yes,Class10,,,,
勿論,もちろん,当然、不言而喻,副词,,,2,-1,-1,yes,Class10,,,,
海,うみ,大海,名词,,,1,-1,-1,yes,Class10,,,,
,おかげさまで,托您的福,寒暄语,,,0,-1,-1,yes,Class10,,,,
母,はは,母亲,名词,,,1,-1,-1,yes,Class10,,,,
紡績工場,ぼうせきこうじょう,纱厂,名词,,,5,-1,-1,yes,Class10,,,,
卒業,そつぎょう,毕业,名•自サ,,,0,-1,-1,yes,Class10,,,,
教師,きょうし,教师,名词,,,1,-1,-1,yes,Class10,,,,
間,あいだ,之间；期间,名词,,,0,-1,-1,yes,Class10,,,,
揚子江,ようすこう,长江（河流名）,专有名词,,,3,-1,-1,yes,Class10,,,,
地域,ちいき,地域、地区,名词,,,1,-1,-1,yes,Class10,,,,
見学,けんがく,参观学习,名•他サ,,,0,-1,-1,yes,Class10,,,,
発展,はってん,发展,名•自サ,,,0,-1,-1,yes,Class10,,,,
,ずいぶん,非常、颇,副词,,,1,-1,-1,yes,Class10,,,,
速い,はやい,快速的,形容词,,,2,-1,-1,yes,Class10,,,,
驚く,おどろく,吃惊、惊讶,自五,,,3,-1,-1,yes,Class10,,,,
お邪魔しました,おじゃましました,打扰了,寒暄语,,,0,-1,-1,yes,Class10,,,,
,そろそろ,就要；慢慢地；渐渐,副词,,,1,-1,-1,yes,Class10,,,,
,やあ,（表示吃惊）啊、呀,叹词,,,1,-1,-1,yes,Class10,,,,
気をつけて,きをつけて,请注意,寒暄语,,,3,-1,-1,yes,Class10,,,,
伊藤明,いとうあきら,伊藤明（人名）,专有名词,,,0,-1,-1,yes,Class10,,,,
手紙,てがみ,信,名词,,,0,-1,-1,yes,Class10,,,,
秋冷,しゅれい,秋寒,名词,,,0,-1,-1,yes,Class10,,,,
研修旅行,けんしゅうりょこう,进修旅游,名词,,,5,-1,-1,yes,Class10,,,,
経つ,たつ,（时间）流逝,自五,,,1,-1,-1,yes,Class10,,,,
,ずっと,一直,副词,,,0,-1,-1,yes,Class10,,,,
雨,あめ,雨,名词,,,1,-1,-1,yes,Class10,,,,
降る,ふる,下（雨、雪）,自五,,,1,-1,-1,yes,Class10,,,,
講義,こうぎ,讲义、课程,名•他サ,,,1,3,-1,yes,Class10,,,,
大変,たいへん,够呛,形容动词,,,0,-1,-1,yes,Class10,,,,
地元,じもと,当地、本地,名词,,,3,0,-1,yes,Class10,,,,
寂しい,さびしい,寂寞的,形容词,,,3,-1,-1,yes,Class10,,,,
騒がしい,さわがしい,吵闹的、喧闹的,形容词,,,4,-1,-1,yes,Class10,,,,
みやげ話(土産話),みやげばなし,旅途见闻,名词,,,4,-1,-1,yes,Class10,,,,
御馳走,ごちそう,款待、宴请；好吃的食物,名•他サ,,,0,-1,-1,yes,Class10,,,,
作る,つくる,作、制,他五,,,2,-1,-1,yes,Class10,,,,
待つ,まつ,等待,他五,,,1,-1,-1,yes,Class10,,,,
健康,けんこう,健康,名•形动,,,0,-1,-1,yes,Class10,,,,
活躍,かつやく,活跃、显身手,名•自サ,,,0,-1,-1,yes,Class10,,,,
祈る,いのる,祈祷、祈求、祝愿,他五,,,2,-1,-1,yes,Class10,,,,
趣味,しゅみ,兴趣,名词,,,1,-1,-1,yes,Class11,,,,
青木,あおき,青木（姓氏）,专有名词,,,0,-1,-1,yes,Class11,,,,
sports,スポーツ,运动,名词,,,2,-1,-1,no,Class11,,,,
好き,すき,喜欢,形容动词,,,2,-1,-1,yes,Class11,,,,
野球,やきゅう,棒球,名词,,,0,-1,-1,yes,Class11,,,,
自分,じぶん,自己、自身,名•代,,,0,-1,-1,yes,Class11,,,,
,やる,做、干,他五,,,0,-1,-1,yes,Class11,,,,
中華料理,ちゅうかりょうり,中国菜、中餐,名词,,,4,-1,-1,yes,Class11,,,,
大好き,だいすき,非常喜欢,形容动词,,,1,-1,-1,yes,Class11,,,,
北京料理,ペキンりょうり,北京菜,专有名词,,,4,-1,-1,yes,Class11,,,,
上海料理,しゃんはいりょうり,上海菜,专有名词,,,5,-1,-1,yes,Class11,,,,
酢豚,すぶた,古老肉,名词,,,1,-1,-1,yes,Class11,,,,
四川料理,しせんりょうり,四川菜,专有名词,,,4,-1,-1,yes,Class11,,,,
初め,はじめ,最初,名•副,,,0,-1,-1,yes,Class11,,,,
辛い,からい,辣的,形容词,,,2,-1,-1,yes,Class11,,,,
嫌い,きらい,讨厌,形容动词,,,0,-1,-1,yes,Class11,,,,
音楽,おんがく,音乐,名词,,,1,-1,-1,yes,Class11,,,,
jazz,ジャズ,爵士乐,名词,,,1,-1,-1,no,Class11,,,,
rock’n’roll,ロック,摇滚乐,名词,,,1,-1,-1,no,Class11,,,,
classic,クラシック,古典的；古典作品；名著,名词,,,2,3,-1,no,Class11,,,,
日本料理,にほんりょうり,日本菜,专有名词,,,4,-1,-1,yes,Class11,,,,
皆,みな,全，都；全体,名•副,,,0,-1,-1,yes,Class11,,,,
出来る,できる,能，会；出产；做完,自一,,,2,-1,-1,yes,Class11,,,,
人気がある,にんきがある,受欢迎,词组,,,0,-1,-1,yes,Class11,,,,
classmate,クラスメート,同班同学,名词,,,4,-1,-1,no,Class11,,,,
ping-pong,ピンポン,乒乓球,名词,,,1,-1,-1,no,Class11,,,,
channel,チャンネル,（无线电、电视）波段、频道,名词,,,1,0,-1,no,Class11,,,,
数,かず,数、数目,名词,,,1,-1,-1,yes,Class11,,,,
番組,ばんぐみ,（电视等的）节目,名词,,,4,0,-1,yes,Class11,,,,
内容,ないよう,内容,名词,,,0,-1,-1,yes,Class11,,,,
豊か,ゆたか,丰富；富裕、充裕,形容动词,,,1,-1,-1,yes,Class11,,,,
陳,ちん,陈（姓氏）,专有名词,,,1,-1,-1,yes,Class11,,,,
得意,とくい,拿手；自鸣得意,名•形动,,,2,0,-1,yes,Class11,,,,
苦手,にがて,不擅长,形容动词,,,3,0,-1,yes,Class11,,,,
以前,いぜん,以前,名词,,,1,-1,-1,yes,Class11,,,,
碁,ご,围棋,名词,,,1,-1,-1,yes,Class11,,,,
将棋,しょうぎ,（日本）将棋,名词,,,0,-1,-1,yes,Class11,,,,
興味,きょうみ,兴趣、爱好,名词,,,1,-1,-1,yes,Class11,,,,
持つ,もつ,拿、带；怀有；持有,他五,,,1,-1,-1,yes,Class11,,,,
最近,さいきん,最近、近来,名词,,,0,-1,-1,yes,Class11,,,,
鋤焼き,すきやき,日本式牛肉（鸡肉）火锅,名词,,,0,-1,-1,yes,Class11,,,,
納豆,なっとう,蒸后发酵的大豆,名词,,,3,-1,-1,yes,Class11,,,,
梅干,うめほし,腌的梅子,名词,,,0,-1,-1,yes,Class11,,,,
焼く,やく,烤；烧；烧制,名词,,,0,-1,-1,yes,Class11,,,,
煮る,にる,煮、炖,他一,,,0,-1,-1,yes,Class11,,,,
生,なま,生的,名词,,,1,-1,-1,yes,Class11,,,,
例えば,たとえば,譬如、例如,副词,,,2,-1,-1,yes,Class11,,,,
甘い,あまい,甜的；宽松的,形容词,,,0,-1,-1,yes,Class11,,,,
塩辛い,しおからい,咸的,形容词,,,4,-1,-1,yes,Class11,,,,
最初,さいしょ,起初、开始,名词,,,0,-1,-1,yes,Class11,,,,
人間,にんげん,人、人类,名词,,,0,-1,-1,yes,Class11,,,,
心,こころ,心；气度；内心,名词,,,2,3,-1,yes,Class11,,,,
伝える,つたえる,告诉、传达；传给,他一,,,0,3,-1,yes,Class11,,,,
thriller,スリラー,惊险小说（电影）,名词,,,1,-1,-1,no,Class11,,,,
池田,いけだ,池田（姓氏）,专有名词,,,0,-1,-1,yes,Class11,,,,
大学院生,だいがくいんせい,研究生,名词,,,5,-1,-1,yes,Class11,,,,
大学院,だいがくいん,大学研究生院,名词,,,4,-1,-1,yes,Class11,,,,
入学,にゅうがく,入学,名•自サ,,,0,-1,-1,yes,Class11,,,,
分かる,わかる,知道、明白,自五,,,2,-1,-1,yes,Class11,,,,
専門,せんもん,专业,名词,,,0,-1,-1,yes,Class11,,,,
中国史,ちゅうごくし,中国历史,名词,,,3,-1,-1,yes,Class11,,,,
小学生,しょうがくせい,小学生,名词,,,3,-1,-1,yes,Class11,,,,
車,くるま,汽车,名词,,,0,-1,-1,yes,Class11,,,,
運転,うんてん,驾驶,名•他サ,,,0,-1,-1,yes,Class11,,,,
招待,しょうたい,招待、邀请,名•他サ,,,1,-1,-1,yes,Class11,,,,
受ける,うける,接受；遭受；受,他一,,,2,-1,-1,yes,Class11,,,,
引き受ける,ひきうける,接受；承担,他一,,,4,-1,-1,yes,Class11,,,,
修士論文,しゅうしろんふん,硕士论文,名词,,,4,-1,-1,yes,Class11,,,,
書く,かく,写,他五,,,1,-1,-1,yes,Class11,,,,
,でも,可是，不过,接词,,,1,-1,-1,yes,Class11,,,,
将来,しょうらい,将来,名词,,,1,-1,-1,yes,Class11,,,,
研究,けんきゅう,研究,名•他サ,,,0,-1,-1,yes,Class11,,,,
試験,しけん,考试；试验,名•他サ,,,2,-1,-1,yes,Class12,,,,
試験問題,しけんもんだい,试题,名词,,,4,-1,-1,yes,Class12,,,,
聴解,ちょうかい,听解,名词,,,0,-1,-1,yes,Class12,,,,
文字,もじ,文字,名词,,,1,-1,-1,yes,Class12,,,,
語彙,ごい,词汇,名词,,,1,-1,-1,yes,Class12,,,,
読解,どっかい,阅读理解文章,名•他サ,,,1,-1,-1,yes,Class12,,,,
文法,ぶんぽう,语法,名词,,,0,-1,-1,yes,Class12,,,,
section,セクション,项目、部分,名词,,,1,-1,-1,no,Class12,,,,
,それぞれ,分别、各个,副词,,,2,3,-1,yes,Class12,,,,
大きな,おおきな,大的,连体词,,,1,-1,-1,yes,Class12,,,,
問題,もんだい,试题；问题,名词,,,0,-1,-1,yes,Class12,,,,
小さな,ちいさな,小的,连体词,,,1,-1,-1,yes,Class12,,,,
選択肢,せんたくし,选项、选择分支,名词,,,4,3,-1,yes,Class12,,,,
正しい,ただしい,正确的,形容词,,,3,-1,-1,yes,Class12,,,,
答え,こたえ,回答、答复,名词,,,2,-1,-1,yes,Class12,,,,
選ぶ,えらぶ,选择,他五,,,2,-1,-1,yes,Class12,,,,
書き間違う,かきまちがう,写错,他五,,,5,-1,-1,yes,Class12,,,,
書き直す,かきなおす,重写,他五,,,0,4,-1,yes,Class12,,,,
消しゴマ,けしゴマ,橡皮,名词,,,0,-1,-1,yes,Class12,,,,
消す,けす,擦掉、抹掉；去掉；关（灯等）,他五,,,0,-1,-1,yes,Class12,,,,
開始,かいし,开始,名•他サ,,,0,-1,-1,yes,Class12,,,,
bell,ベル,电铃,名词,,,1,-1,-1,no,Class12,,,,
鳴る,なる,响、鸣,自五,,,0,-1,-1,yes,Class12,,,,
,このよう,这样的、如此的,形容动词,,,3,-1,-1,yes,Class12,,,,
説明,せつめい,说明,名•他サ,,,0,-1,-1,yes,Class12,,,,
厳しい,きびしい,严厉的；很甚的,形容词,,,3,-1,-1,yes,Class12,,,,
一生懸命,いっしょうけんめい,拼命,形动•副,,,5,-1,-1,yes,Class12,,,,
頑張る,がんばる,努力,自五,,,3,-1,-1,yes,Class12,,,,
予鈴,よれい,预备铃,名词,,,0,-1,-1,yes,Class12,,,,
席,せき,座位,名词,,,1,-1,-1,yes,Class12,,,,
問題用紙,もんだいようし,问题卷,名词,,,5,-1,-1,yes,Class12,,,,
解答用紙,かいとうようし,答卷,名词,,,5,-1,-1,yes,Class12,,,,
配る,くばる,分发、分配,他五,,,2,-1,-1,yes,Class12,,,,
,すぐ,马上；（距离）很近,副词,,,1,-1,-1,yes,Class12,,,,
書き始める,かきはじめる,开始写,他一,,,5,0,-1,yes,Class12,,,,
始める,はじめる,开始,他一,,,0,-1,-1,yes,Class12,,,,
合図,あいず,信号,名•自他サ,,,1,-1,-1,yes,Class12,,,,
開ける,あける,打开,他一,,,0,-1,-1,yes,Class12,,,,
注意事項,ちゅういじこう,注意事项,名词,,,4,-1,-1,yes,Class12,,,,
言う,いう,说,他五,,,0,-1,-1,yes,Class12,,,,
名前,なまえ,名字,名词,,,0,-1,-1,yes,Class12,,,,
必ず,かならず,一定,副词,,,0,-1,-1,yes,Class12,,,,
鉛筆,えんぴつ,铅笔,名词,,,0,-1,-1,yes,Class12,,,,
使う,つかう,用、使用,他五,,,0,-1,-1,yes,Class12,,,,
……中,ちゅう,在……中；正在……中,接尾,,,0,-1,-1,yes,Class12,,,,
話,はなし,说话；话；故事,名词,,,3,-1,-1,yes,Class12,,,,
教科書,きょうかしょ,教科书,名词,,,3,-1,-1,yes,Class12,,,,
cunning,カンニング,作弊,名•自サ,,,0,-1,-1,no,Class12,,,,
資格,しかく,资格,名词,,,0,-1,-1,yes,Class12,,,,
取り消す,とりけす,取消,他五,,,0,3,-1,yes,Class12,,,,
質問,しつもん,提问、询问,名•自他サ,,,0,-1,-1,yes,Class12,,,,
答える,こたえる,回答,自一,,,3,2,-1,yes,Class12,,,,
……方,かた,表示方法,接尾,,,0,-1,-1,yes,Class12,,,,
教える,おしえる,教,他一,,,0,-1,-1,yes,Class12,,,,
,すべて,全部、一切,副词,,,1,-1,-1,yes,Class12,,,,
,つける,划（圈）；搽、涂、抹,他一,,,2,-1,-1,yes,Class12,,,,
解答欄,かいとうらん,回答栏,名词,,,3,-1,-1,yes,Class12,,,,
出す,だす,交、拿出、提出,他五,,,1,-1,-1,yes,Class12,,,,
持ち帰る,もちかえる,拿出、带回,他五,,,0,3,-1,yes,Class12,,,,
採点,さいてん,打分、评分,名•他サ,,,0,-1,-1,yes,Class12,,,,
ballpoint pen,ボールペン,圆珠笔,名词,,,0,-1,-1,no,Class12,,,,
途中,とちゅう,中途,名词,,,0,-1,-1,yes,Class12,,,,
印刷,いんさつ,印刷,名•他サ,,,0,-1,-1,yes,Class12,,,,
,あげる,举、扬；提高,他一,,,0,-1,-1,yes,Class12,,,,
メモを取る（memo~）,メモをとる,做笔记,词组,,,0,-1,-1,no,Class12,,,,
規定,きてい,规定,名•他サ,,,0,-1,-1,yes,Class12,,,,
考える,かんがえる,考虑；思维,他一,,,4,-1,-1,yes,Class12,,,,
答案,とうあん,答案,名词,,,0,-1,-1,yes,Class12,,,,
汚ない,きたない,不干净、肮脏,形容词,,,3,-1,-1,yes,Class12,,,,
結果,けっか,结果,名词,,,0,-1,-1,yes,Class12,,,,
computer,コンピューター,计算机,名词,,,3,-1,-1,no,Class12,,,,
統計,とうけい,统计,名•他サ,,,0,-1,-1,yes,Class12,,,,
気をつける,きをつける,注意,词组,,,0,-1,-1,yes,Class12,,,,
延ばす,のばす,伸展；延长、推迟,他五,,,2,-1,-1,yes,Class12,,,,
守る,まもる,遵守；保卫,他五,,,2,-1,-1,yes,Class12,,,,
訪問,ほうもん,访问,名词,他サ,,0,-1,-1,yes,Class12,,,,
manners,マナー,礼节、仪态,名词,,,1,-1,-1,no,Class12,,,,
予め,あらかじめ,预先,副词,,,0,-1,-1,yes,Class12,,,,
日時,にちじ,日期和时间,名词,,,1,2,-1,yes,Class12,,,,
約束,やくそく,约定,名词,他サ,,0,-1,-1,yes,Class12,,,,
早い,はやい,早,形容词,,,2,-1,-1,yes,Class12,,,,
入る,はいる,进入；加入；到手,自五,,,1,-1,-1,yes,Class12,,,,
chime,チャイム,门铃,名词,,,1,-1,-1,no,Class12,,,,
鳴らす,ならす,鸣、啼、使…出声音,他五,,,0,-1,-1,yes,Class12,,,,
勝手,かって,任意、随便,形容动词,,,0,-1,-1,yes,Class12,,,,
,てみやげ,随手携带的礼物、简单礼品,名词,,,2,-1,-1,yes,Class12,,,,
渡す,わたす,交、给,他五,,,0,-1,-1,yes,Class12,,,,
,こう,如此、这样,副词,,,1,0,-1,yes,Class12,,,,
細やか,ささやか,一些、微薄的,形容动词,,,2,-1,-1,yes,Class12,,,,
お受け取りください,おうけとりください,请收下,词组,,,0,-1,-1,yes,Class12,,,,
生鮮食品,せいせんしょくひん,生鲜食品,名词,,,5,-1,-1,yes,Class12,,,,
訪問先,ほうもんさき,访问地,名词,,,0,-1,-1,yes,Class12,,,,
無理,むり,强行；勉强,形容动词,名词,,1,-1,-1,yes,Class12,,,,
礼,れい,礼仪、谢意,名词,,,1,-1,-1,yes,Class12,,,,
次に,つぎに,接着；下一次,副词,,,2,-1,-1,yes,Class12,,,,
先日,せんじつ,前几天、日前、上次,名词,,,0,-1,-1,yes,Class12,,,,
牧野,まきの,牧野,专有名词,,,1,-1,-1,yes,Class13,,,,
…人,じん,（某种职业、某国、某地的）人,接尾,,,0,-1,-1,yes,Class13,,,,
,ほしがる,（第三人称）想要,他五,,,3,-1,-1,yes,Class13,,,,
radio cassette,ラジカセ,（ラジオカセット的略语）盒式收录机,名词,,,0,-1,-1,no,Class13,,,,
ラジオ講座）（radio～,ラジオこうざ,广播讲座,名词,,,4,-1,-1,no,Class13,,,,
思う,おもう,想；认为,他五,,,2,-1,-1,yes,Class13,,,,
活動,かつどう,活动,名・自サ,,,0,-1,-1,yes,Class13,,,,
夢,ゆめ,梦、梦想,名词,,,2,-1,-1,yes,Class13,,,,
,ことわざ,谚语,名词,,,4,0,-1,yes,Class13,,,,
録音,ろくおん,录音,名・他サ,,,0,-1,-1,yes,Class13,,,,
経済,けいざい,经济,名词,,,1,-1,-1,yes,Class13,,,,
帰国,きこく,回国,名・自サ,,,0,-1,-1,yes,Class13,,,,
研究者,けんきゅうしゃ,研究人员,名词,,,3,-1,-1,yes,Class13,,,,
欲しい,ほしい,（第一人称）想要,形容词,,,2,-1,-1,yes,Class13,,,,
英語,えいご,英语,名词,,,0,-1,-1,yes,Class13,,,,
stereo,ステレオ,立体声；立体声设备,名词,,,0,-1,-1,no,Class13,,,,
身につける,みにつける,掌握；带（穿）在身上,词组,,,0,-1,-1,yes,Class13,,,,
成功,せいこう,成功,名・自サ,,,0,-1,-1,yes,Class13,,,,
祈る,いのる,祈祷、祝愿,他五,,,2,-1,-1,yes,Class13,,,,
日中,にっちゅう,日汉、日本和中国,名词,,,1,-1,-1,yes,Class13,,,,
友好,ゆうこう,友好,名词,,,0,-1,-1,yes,Class13,,,,
深める,ふかめる,加深、加强,他一,,,3,-1,-1,yes,Class13,,,,
不便,ふべん,不方便,名・形动,,,1,-1,-1,yes,Class13,,,,
是非,ぜひ,务必、一定,副词,,,1,-1,-1,yes,Class13,,,,
決める,きめる,决定,他一,,,0,-1,-1,yes,Class13,,,,
祖国,そこく,祖国,名词,,,1,-1,-1,yes,Class13,,,,
現代化,げんだいか,现代化,名・自他サ,,,0,-1,-1,yes,Class13,,,,
神舟号,しんしゅうごう,神舟号,专有名词,,,3,-1,-1,yes,Class13,,,,
宇宙船,うちゅうせん,宇宙飞船,名词,,,0,-1,-1,yes,Class13,,,,
設計,せっけい,设计、规划,名・他サ,,,0,-1,-1,yes,Class13,,,,
模型,もけい,模型,名词,,,0,-1,-1,yes,Class13,,,,
少年時代,しょうねんじだい,少年时代,名词,,,5,-1,-1,yes,Class13,,,,
祖父,そふ,祖父、外祖父,名词,,,1,-1,-1,yes,Class13,,,,
engineer,エンジニア,工程师,名词,,,3,-1,-1,no,Class13,,,,
造船,ぞうせん,造船,名・自サ,,,0,-1,-1,yes,Class13,,,,
跡,あと,家业；足迹,名词,,,1,-1,-1,yes,Class13,,,,
継ぐ,つぐ,继承；接上,他五,,,0,-1,-1,yes,Class13,,,,
打ち上げ,うちあげ,打上去、发射,名词,,,0,-1,-1,yes,Class13,,,,
この間,このあいだ,前些天、不久以前,名词,,,0,-1,-1,yes,Class13,,,,
晩ご飯,ばんごはん,晚饭,名词,,,3,-1,-1,yes,Class13,,,,
,にこにこ,笑眯眯,副・自サ,,,1,-1,-1,yes,Class13,,,,
,おまえ,（同辈间或对晚辈及妻子的昵称）你,代词,,,0,-1,-1,yes,Class13,,,,
挨拶,あいさつ,寒暄语；贺辞、谢辞,名･自サ,,,1,-1,-1,yes,Class14,,,,
言葉,ことは,语言；语句、单词,名词,,,3,-1,-1,yes,Class14,,,,
練習,れんしゅう,练习,名･他サ,,,0,-1,-1,yes,Class14,,,,
通す,とおす,通过（某种手段）,他五,,,1,-1,-1,yes,Class14,,,,
関係,かんけい,关系,名词,,,0,-1,-1,yes,Class14,,,,
昼間,ひるま,白天,名词,,,3,-1,-1,yes,Class14,,,,
特に,とくに,尤其、特别,副词,,,1,-1,-1,yes,Class14,,,,
季節,きせつ,季节,名词,,,2,-1,-1,yes,Class14,,,,
確かに,たしかに,的确、确实,副词,,,1,-1,-1,yes,Class14,,,,
一面,いちめん,一个方面,名词,,,0,-1,-1,yes,Class14,,,,
表わす,あらわす,表示、表现、表达,他五,,,3,-1,-1,yes,Class14,,,,
知識,ちしき,知识,名词,,,1,-1,-1,yes,Class14,,,,
漢字,かんじ,汉字,名词,,,0,-1,-1,yes,Class14,,,,
訓読み,くんよみ,训读,名词,,,0,-1,-1,yes,Class14,,,,
魚,うお,鱼,名词,,,0,-1,-1,yes,Class14,,,,
音読み,おんよみ,音读,名词,,,0,-1,-1,yes,Class14,,,,
熱帯魚,ねったいぎょ,热带鱼,名词,,,3,-1,-1,yes,Class14,,,,
別れる,わかれる,分手、离别、分离,自一,,,3,-1,-1,yes,Class14,,,,
遣取り,やりとり,互赠；一问一答,名･他サ,,,2,-1,-1,yes,Class14,,,,
社交的,しゃこうてき,社交性的,形容动词,,,0,-1,-1,yes,Class14,,,,
France,フランス,法国（国名）,专有名词,,,0,-1,-1,no,Class14,,,,
,ではまた,回头见,词组,,,0,-1,-1,yes,Class14,,,,
bye-bye,バイバイ,再见,叹词,,,1,0,-1,no,Class14,,,,
大人,おとな,大人、成年人,名词,,,0,-1,-1,yes,Class14,,,,
謝る,あやまる,道歉、赔礼,他五,,,3,-1,-1,yes,Class14,,,,
お互い,おたがい,彼此、互相,名词,,,0,-1,-1,yes,Class14,,,,
利益,りえき,好处、利益,名词,,,1,-1,-1,yes,Class14,,,,
喜び合う,よろこびあう,同乐,自五,,,5,-1,-1,yes,Class14,,,,
不利,ふり,不利,名･形动,,,1,-1,-1,yes,Class14,,,,
悲しみ合う,かなしみあう,一同悲痛,他五,,,5,-1,-1,yes,Class14,,,,
,つまり,也就是、总之,副词,,,1,-1,-1,yes,Class14,,,,
結び付ける,むすびつける,结合；结上,他一,,,5,-1,-1,yes,Class14,,,,
親しい,したしい,血缘关系近的；亲切的,形容词,,,3,-1,-1,yes,Class14,,,,
大切,たいせつ,重要的；珍惜,形容动词,,,0,-1,-1,yes,Class14,,,,
,しっかり,牢固的；扎实的；稳固的,副･自サ,,,3,-1,-1,yes,Class14,,,,
富士山,ふじさん,富士山（山名）,专有名词,,,1,-1,-1,yes,Class14,,,,
盛ん,さかん,旺盛；热烈,形容动词,,,0,-1,-1,yes,Class14,,,,
,かれら,那些人、他人,代词,,,1,-1,-1,yes,Class14,,,,
,かか,不足、缺少,他五,,,0,2,-1,yes,Class14,,,,
日常,にちじょう,日常,名词,,,0,-1,-1,yes,Class14,,,,
迷う,まよう,迷惑、犹豫不定,自五,,,2,-1,-1,yes,Class14,,,,
快刀乱麻,かいとうらんま,快刀斩乱麻,词组,,,5,-1,-1,yes,Class14,,,,
,それとも,（表示两者选一）或是、还是,接词,,,3,-1,-1,yes,Class14,,,,
五里霧中,ごりむちゅう,五里雾中,词组,,,1,-1,-1,yes,Class14,,,,
首を傾げる,くびをかしげる,因吃不准而思考,词组,,,6,-1,-1,yes,Class14,,,,
文章,ぶんしょう,文章,名词,,,0,-1,-1,yes,Class14,,,,
困る,こまる,为难；难办,自五,,,2,-1,-1,yes,Class14,,,,
選択,せんたく,遴选、选择,名･他サ,,,0,-1,-1,yes,Class14,,,,
,やはり,仍然、还是；果然,副词,,,2,-1,-1,yes,Class14,,,,
忘れる,わすれる,忘记,他一,,,0,-1,-1,yes,Class14,,,,
德 Arbeit,アルバイト,打工、学生等的半工半读,名词,自サ,,3,-1,-1,no,Class15,,,,
,でん,田（姓氏）,专有名词,,,0,-1,-1,yes,Class15,,,,
探す,さがす,寻找；搜寻,他五,,,0,-1,-1,yes,Class15,,,,
申込書,もうしこみしょ,申请书,名词,,,0,6,-1,yes,Class15,,,,
職員,しょくいん,职员,名词,,,2,-1,-1,yes,Class15,,,,
住所,じゅうしょ,住所,名词,,,1,-1,-1,yes,Class15,,,,
連絡先,れんらくさき,联络处、联系处,名词,,,0,-1,-1,yes,Class15,,,,
特技,とくぎ,特技、专长,名词,,,1,-1,-1,yes,Class15,,,,
学科,がっか,学科,名词,,,0,-1,-1,yes,Class15,,,,
希望,きぼう,希望、期望,名词,他サ,,0,-1,-1,yes,Class15,,,,
体験,たいけん,体验,名词,他サ,,0,-1,-1,yes,Class15,,,,
時給,じきゅう,计时工资,名词,,,0,-1,-1,yes,Class15,,,,
交通費,こうつうひ,交通费,名词,,,3,-1,-1,yes,Class15,,,,
出る,でる,被给予、得到,自一,,,1,-1,-1,yes,Class15,,,,
研修,けんしゅう,进修、培训,名词,他サ,,0,-1,-1,yes,Class15,,,,
連絡,れんらく,联系,名词,自他サ,,0,-1,-1,yes,Class15,,,,
知らせる,しらせる,通知、告知,他一,,,0,-1,-1,yes,Class15,,,,
紹介,しょうかい,介绍,名词,他サ,,0,-1,-1,yes,Class15,,,,
田国営,でんこくえい,田国荣（姓名）,专有名词,,,0,-1,-1,yes,Class15,,,,
丁寧,ていねい,礼貌地；谨慎地,形容动词,,,1,-1,-1,yes,Class15,,,,
,どういう,什么样的、怎么样的,连体词,,,1,-1,-1,yes,Class15,,,,
意味,いみ,意思；意味,名词,自他サ,,1,-1,-1,yes,Class15,,,,
専攻,せんこう,专攻、专修,名词,他サ,,0,-1,-1,yes,Class15,,,,
piano,ピアノ,钢琴,名词,,,0,-1,-1,no,Class15,,,,
志望,しぼう,志愿、志向,名词,他サ,,0,-1,-1,yes,Class15,,,,
動機,どうき,动机,名词,,,0,-1,-1,yes,Class15,,,,
応募,おうぼ,应征、应聘,名词,自サ,,0,-1,-1,yes,Class15,,,,
理由,りゆう,理由,名词,,,0,-1,-1,yes,Class15,,,,
金,かね,钱,名词,,,0,-1,-1,yes,Class15,,,,
実力,じつりょく,实力,名词,,,0,-1,-1,yes,Class15,,,,
募集,ぼしゅう,招募、募集,名词,他サ,,0,-1,-1,yes,Class15,,,,
広告,こうこく,广告,名词,,,0,-1,-1,yes,Class15,,,,
翻訳,ほんやく,翻译,名词,他サ,,0,-1,-1,yes,Class15,,,,
,どうして,为什么,副词,,,1,-1,-1,yes,Class15,,,,
如何,いかが,怎么样、如何,副词,,,2,-1,-1,yes,Class15,,,,
結構,けっこう,很好；足够；相当,形容动词,副词,,1,-1,-1,yes,Class15,,,,
職業,しょくぎょう,职业,名词,,,2,-1,-1,yes,Class15,,,,
毎年）まいとし（毎年,まいねん,每年,名词,,,0,-1,-1,yes,Class15,,,,
中学,ちゅうがく,中学,名词,,,1,-1,-1,yes,Class15,,,,
高校,こうこう,高中,名词,,,0,-1,-1,yes,Class15,,,,
社会,しゃかい,社会,名词,,,1,-1,-1,yes,Class15,,,,
働き始める,はたらきはじめる,开始工作,自五,,,0,-1,-1,yes,Class15,,,,
社会人,しゃかいじん,社会一员、走上社会参加工作的人,名词,,,2,-1,-1,yes,Class15,,,,
呼ぶ,よぶ,叫做；叫来；呼喊,他五,,,0,-1,-1,yes,Class15,,,,
就職,しゅうしょく,就业,名词,自サ,,0,-1,-1,yes,Class15,,,,
新入社員,しんにゅうしゃいん,公司新职员,名词,,,5,-1,-1,yes,Class15,,,,
医者,いしゃ,医生,名词,,,0,-1,-1,yes,Class15,,,,
俳優,はいゆう,演员,名词,,,0,-1,-1,yes,Class15,,,,
法enquête,アンケート,问卷调查,名词,,,1,3,-1,no,Class15,,,,
調査,ちょうさ,调查,名词,他サ,,1,-1,-1,yes,Class15,,,,
公務員,こうむいん,公务员,名词,,,3,-1,-1,yes,Class15,,,,
工場,こうじょう,工厂,名词,,,3,-1,-1,yes,Class15,,,,
salaried man,サラリーマン,工薪生活者、职员,名词,,,3,-1,-1,no,Class15,,,,
安定,あんてい,稳定、安定,名词,自サ,,0,-1,-1,yes,Class15,,,,
一生,いっしょう,一辈子、一生,名词,,,0,-1,-1,yes,Class15,,,,
働き続ける,はたらきつづける,⑦：                 持续工作,自一,,,0,-1,-1,yes,Class15,,,,
大体,だいたい,大略；大致、差不多,副词,名词,,0,-1,-1,yes,Class15,,,,
同じ,おなじ,一样、相同,形容动词,连体词,,0,-1,-1,yes,Class15,,,,
,ほとんど,几乎、大部分,副词,,,2,-1,-1,yes,Class15,,,,
変る,かわる,改变、变化,自五,,,0,-1,-1,yes,Class15,,,,
少ない,すくない,少、不多,形容词,,,3,-1,-1,yes,Class15,,,,
美容師,びようし,美容师,名词,,,2,-1,-1,yes,Class15,,,,
荷 kok,コック,厨师,名词,,,1,-1,-1,no,Class15,,,,
技術,ぎじゅつ,技术,名词,,,1,-1,-1,yes,Class15,,,,
Christmas,クリスマス,圣诞节,名词,,,3,-1,-1,no,Class16,,,,
吉田,よしだ,吉田（姓氏）,专有名词,,,0,-1,-1,yes,Class16,,,,
present,プレゼント,礼物；送礼,名词,他サ,,2,-1,-1,no,Class16,,,,
同士,どうし,身份彼此相同,接尾,,,1,-1,-1,yes,Class16,,,,
或いは,あるいは,或、或是,接词,,,2,-1,-1,yes,Class16,,,,
交換,こうかん,交换,名词,他サ,,0,-1,-1,yes,Class16,,,,
,あげる,给、送给,他一,,,0,-1,-1,yes,Class16,,,,
,おもちゃ,玩具,名词,,,2,-1,-1,yes,Class16,,,,
,もらう,得到；领取,他五,,,0,-1,-1,yes,Class16,,,,
頂く・戴く,いただく,（「もらう」的自谦语）领受,他五,,,0,-1,-1,yes,Class16,,,,
普通,ふつう,通常、一般,名词,形容动词,副词,0,-1,-1,yes,Class16,,,,
結婚式,けっこんしき,结婚仪式、结婚典礼,名词,,,3,-1,-1,yes,Class16,,,,
,ノート・パソコン,笔记本电脑,名词,,,4,-1,-1,yes,Class16,,,,
muffler,マフラー,围巾,名词,,,1,-1,-1,no,Class16,,,,
差し上げる,さしあげる,（比「あげる」更客气）给,他一,,,0,4,-1,yes,Class16,,,,
可愛い,かわいい,可爱的,形容词,,,3,-1,-1,yes,Class16,,,,
人形,にんぎょう,玩偶、娃娃,名词,,,0,-1,-1,yes,Class16,,,,
古く,ふるく,从前,副词,,,1,-1,-1,yes,Class16,,,,
贈り物,おくりもの,礼品、赠品,名词,,,0,-1,-1,yes,Class16,,,,
お互いに,おたがいに,互相,副词,,,0,-1,-1,yes,Class16,,,,
宣伝,せんでん,宣传,名词,他サ,,0,-1,-1,yes,Class16,,,,
マスコミュニケーション,マスコミ,大众传媒,名词,,,0,-1,-1,yes,Class16,,,,
影響,えいきょう,影响,名词,自サ,,0,-1,-1,yes,Class16,,,,
年々,ねんねん,每年、逐年,副词,,,0,-1,-1,yes,Class16,,,,
売り上げ,うりあげ,销售额,名词,,,0,-1,-1,yes,Class16,,,,
伸ばす,のばす,拓展、使增多、伸展,他五,,,2,-1,-1,yes,Class16,,,,
特別,とくべつ,特别,形容动词,,,0,-1,-1,yes,Class16,,,,
売り場,うりば,柜台、收货处,名词,,,0,-1,-1,yes,Class16,,,,
sale,セール,贱卖、大减价,名词,,,1,-1,-1,no,Class16,,,,
力を入れる,ちからをいれる,着力,词组,,,0,-1,-1,yes,Class16,,,,
多分,たぶん,大概、恐怕,副词,,,1,-1,-1,yes,Class16,,,,
向き,みき,适合…（人或场合）,接尾,,,0,-1,-1,yes,Class16,,,,
,やる,（对平辈、晚辈）给、给予,他五,,,0,-1,-1,yes,Class16,,,,
,くださる,（「くれる」的敬语）给（我）,他五,,,3,-1,-1,yes,Class16,,,,
国語,こくご,国语,名词,,,0,-1,-1,yes,Class16,,,,
編む,あむ,编织,他五,,,1,-1,-1,yes,Class16,,,,
,くれる,给（我）,他一,,,0,-1,-1,yes,Class16,,,,
この前,このまえ,上次、上回,词组,,,3,-1,-1,yes,Class16,,,,
album,アルバム,纪念册；集邮册、影集,名词,,,0,-1,-1,no,Class16,,,,
唯,ただ,只、仅,副词,,,1,-1,-1,yes,Class16,,,,
一度,いちど,一次,名词,,,0,-1,-1,yes,Class16,,,,
,なかなか,颇、相当,副词,,,0,-1,-1,yes,Class16,,,,
集める,あつめる,收集；召集；集中,他一,,,3,-1,-1,yes,Class16,,,,
,あさって,后天,名词,,,2,-1,-1,yes,Class16,,,,
晩,ばん,晚上,名词,,,0,-1,-1,yes,Class16,,,,
文化館,ぶんかかん,文化馆,名词,,,3,-1,-1,yes,Class16,,,,
,クリスマス・イブ,圣诞夜、平安夜,名词,,,6,-1,-1,yes,Class16,,,,
都合,つごう,方便、合适（与否）,名词,,,0,-1,-1,yes,Class16,,,,
,サンタ・クロース,圣诞老人,名词,,,5,-1,-1,yes,Class16,,,,
楽しみ,たのしみ,乐趣；期望,名词,,,0,3,-1,yes,Class16,,,,
お中元,おちゅうげん,中元,名词,,,0,-1,-1,yes,Class16,,,,
お歳暮,おせいぼ,年末、年终送礼,名词,,,0,-1,-1,yes,Class16,,,,
年,ねん,年,名词,,,1,-1,-1,yes,Class16,,,,
二回,にかい,二次,名词,,,2,-1,-1,yes,Class16,,,,
season,シーズン,季节；旺季,名词,,,1,-1,-1,no,Class16,,,,
直接,ちょくせつ,直接,副词,形容动词,,0,-1,-1,yes,Class16,,,,
頼む,たのむ,请求、委托,他五,,,2,-1,-1,yes,Class16,,,,
商品券,しょうひんけん,商品券,名词,,,3,-1,-1,yes,Class16,,,,
top,トップ,首位；前头；最上部,名词,,,1,-1,-1,no,Class16,,,,
実際に,じっさいに,实际、的确,副词,,,0,-1,-1,yes,Class16,,,,
長持ち,ながもち,持久、耐用,名词,自サ,,4,3,-1,yes,Class16,,,,
食品,しょくひん,食品,名词,,,0,-1,-1,yes,Class16,,,,
缶詰め,かんづめ,罐头,名词,,,4,3,-1,yes,Class16,,,,
醤油,しょうゆ,酱油,名词,,,0,-1,-1,yes,Class16,,,,
油,あぶら,油,名词,,,0,-1,-1,yes,Class16,,,,
飲料,いんりょう,饮料,名词,,,3,-1,-1,yes,Class16,,,,
石けん,せっけん,肥皂,名词,,,0,-1,-1,yes,Class16,,,,
set,セット,一组、一套,名词,,,1,-1,-1,no,Class16,,,,
,省エネルギー,省能源,名词,,,4,-1,-1,yes,Class16,,,,
idea,アイディア,主意、想法,名词,,,3,1,-1,no,Class16,,,,
元旦,がんたん,元旦,名词,,,0,-1,-1,yes,Class17,,,,
新年,しんねん,新年,名词,,,1,-1,-1,yes,Class17,,,,
祝う,いわう,庆祝、祝贺,他五,,,2,-1,-1,yes,Class17,,,,
公演,こうえん,公演,名词,,,0,-1,-1,yes,Class17,,,,
竹内,たけうち,竹内（姓氏）,专有名词,,,2,-1,-1,yes,Class17,,,,
用事,ようじ,（必须办的）事情,名词,,,0,-1,-1,yes,Class17,,,,
,もう,再、另外,副词,,,0,1,-1,yes,Class17,,,,
携帯電話,けいたいでんわ,手机,名词,,,5,-1,-1,yes,Class17,,,,
誘う,さそう,邀请：诱惑,他五,,,0,-1,-1,yes,Class17,,,,
劇場,げきじょう,剧场,名词,,,0,-1,-1,yes,Class17,,,,
……番,ばん,……路：……号,接尾,,,0,-1,-1,yes,Class17,,,,
乗り換える,のりかえる,改乘、换乘,他一,,,4,3,-1,yes,Class17,,,,
安全,あんぜん,安全,名 形动,,,0,-1,-1,yes,Class17,,,,
心配,しんぱい,担心,名词,形容动词,,0,-1,-1,yes,Class17,,,,
規則,きそく,规则、规章,名词,,,1,2,-1,yes,Class17,,,,
大丈夫,だいじょうぶ,不要紧、没问题,形容动词,副词,,3,-1,-1,yes,Class17,,,,
当日,とうじつ,当天,名词,,,0,-1,-1,yes,Class17,,,,
,そこで,于是：那么,接词,,,0,-1,-1,yes,Class17,,,,
天気予報,てんきよほう,天气预报,名词,,,4,-1,-1,yes,Class17,,,,
今朝,けさ,今天早晨,名词,,,1,-1,-1,yes,Class17,,,,
出し物,だしもの,演出节目,名词,,,2,3,-1,yes,Class17,,,,
合唱,がっしょう,齐唱、合唱、,名词,他サ,,0,-1,-1,yes,Class17,,,,
独唱,どくしょう,独唱,名词,他サ,,0,-1,-1,yes,Class17,,,,
法ballet,バルエ,芭蕾舞,名词,,,1,-1,-1,no,Class17,,,,
民族舞踊,みんぞくぶよう,民族舞蹈,名词,,,5,-1,-1,yes,Class17,,,,
芝居,しばい,戏剧,名词,,,5,-1,-1,yes,Class17,,,,
京劇,きょうげき,京剧,名词,,,0,-1,-1,yes,Class17,,,,
地方劇,ちほうげき,地方戏,名词,,,0,-1,-1,yes,Class17,,,,
曲芸,きょくげい,杂技,名词,,,0,2,-1,yes,Class17,,,,
漫才,まんざい,（对口）相声,名词,,,3,-1,-1,yes,Class17,,,,
法conte,コント,小品,名词,,,1,-1,-1,no,Class17,,,,
,もし,如果、万一,副词,,,1,-1,-1,yes,Class17,,,,
石川,いしかわ,石川（姓氏）,专有名词,,,0,-1,-1,yes,Class17,,,,
,きっと,一定,副词,,,0,-1,-1,yes,Class17,,,,
信号,しんごう,信号,名词,,,0,-1,-1,yes,Class17,,,,
赤,あか,红色,名词,,,1,-1,-1,yes,Class17,,,,
止まる,とまる,停下：堵塞：止住,自五,,,0,-1,-1,yes,Class17,,,,
黄色,きいろ,黄色,名词,,,0,-1,-1,yes,Class17,,,,
注意,ちゅうい,当心：提醒,名词,自サ,,1,-1,-1,yes,Class17,,,,
青,あお,绿（信号）灯：青、蓝,名词,,,1,-1,-1,yes,Class17,,,,
進む,すすむ,前进：进步：（钟表）快,自五,,,0,-1,-1,yes,Class17,,,,
出発,しゅっぱつ,出发,名词,自サ,,0,-1,-1,yes,Class17,,,,
間に合う,まにあう,赶得上、来得及,自五,,,3,-1,-1,yes,Class17,,,,
待ち合わせる,まちあわせる,在约定的场所等待（见面）,他一,,,5,0,-1,yes,Class17,,,,
,ひどい,厉害的：无情的,形容词,,,2,-1,-1,yes,Class17,,,,
止める,やめる,作罢、停止：辞（职）,他一,,,0,-1,-1,yes,Class17,,,,
今晩,こんばん,今晚,名词,,,1,-1,-1,yes,Class17,,,,
休み,やすみ,休息：休假,名词,,,3,-1,-1,yes,Class17,,,,
多く,おおく,许多：多半、大都,名 副,,,1,-1,-1,yes,Class17,,,,
故郷　故里,ふるさと,故乡,名词,,,2,-1,-1,yes,Class17,,,,
年末,ねんまつ,年末、年底,名词,,,0,-1,-1,yes,Class17,,,,
最後,さいご,最后,名词,,,1,-1,-1,yes,Class17,,,,
大みそか,おおみそか,大年三十,名词,,,3,-1,-1,yes,Class17,,,,
年越しそば,としこしそば,除夕吃的荞麦面条,名词,,,5,-1,-1,yes,Class17,,,,
長生き,ながいき,长命、长寿,名词,自サ,,4,3,-1,yes,Class17,,,,
除夜,じょや,除夕,名词,,,1,-1,-1,yes,Class17,,,,
鐘,かね,（吊）钟：钟声,名词,,,0,-1,-1,yes,Class17,,,,
音,ね,（钟）声：音色,名词,,,0,-1,-1,yes,Class17,,,,
耳を傾ける,みみをかたむける,倾听,词组,,,0,-1,-1,yes,Class17,,,,
過ぎる,すぎる,（时间）流逝：经过：度过,自一,,,2,-1,-1,yes,Class17,,,,
紅白,こうはく,红白,名词,,,1,-1,-1,yes,Class17,,,,
歌合戦,うたがっせん,对歌比赛,名词,,,3,-1,-1,yes,Class17,,,,
一眠り,ひとねむり,打个盹、睡一会儿,名词,自サ,,2,-1,-1,yes,Class17,,,,
元日,がんじつ,元月一日,名词,,,0,-1,-1,yes,Class17,,,,
郵便屋,ゆうびんや,邮递员,名词,,,0,-1,-1,yes,Class17,,,,
年賀状,ねんがじょう,贺年片,名词,,,3,0,-1,yes,Class17,,,,
配達,はいたつ,投递、递送,名词,他サ,,0,-1,-1,yes,Class17,,,,
明けましておめでとうございます,あけましておめでとうございます,恭贺新禧、新年好,寒暄语,,,0,-1,-1,yes,Class17,,,,
おせち料理,おせちりょうり,过年吃的菜肴,名词,,,4,-1,-1,yes,Class17,,,,
初詣で,はつもうで,（新年）首次参拜（神社）,名词,,,3,-1,-1,yes,Class17,,,,
詣でる,もうでる,参拜,自一,,,3,-1,-1,yes,Class17,,,,
向こう,むこう,从今以后、今后,名词,,,0,2,-1,yes,Class17,,,,
健康,けんこう,健康,名词,形容动词,,0,-1,-1,yes,Class17,,,,
幸福,こうふく,幸福,名词,形容动词,,0,-1,-1,yes,Class17,,,,
来週,らいしゅう,下周、下星期,名词,,,0,-1,-1,yes,Class18,,,,
大学祭,だいがくさい,校园艺术节,名词,,,3,-1,-1,yes,Class18,,,,
牛どん,ぎゅうどん,牛肉盖浇饭,名词,,,0,-1,-1,yes,Class18,,,,
模擬店,もぎてん,（游园会或校园活动的）临时食品摊,名词,,,2,-1,-1,yes,Class18,,,,
安部,あべ,安部（姓氏）,专有名词,,,0,-1,-1,yes,Class18,,,,
詳しい,くわしい,详细的,形容词,,,3,-1,-1,yes,Class18,,,,
励ます,はげます,激励、鼓励,他五,,,3,-1,-1,yes,Class18,,,,
実は,じつは,老实说、说实在的,副词,,,2,-1,-1,yes,Class18,,,,
願い,ねがい,愿望、请求、心愿,名词,,,2,-1,-1,yes,Class18,,,,
宜しい,よろしい,（「よい」的郑重说法）好、行,型,,,0,-1,-1,yes,Class18,,,,
内,うち,自己所束的组织、团体、伙伴,名词,,,0,-1,-1,yes,Class18,,,,
相談,そうだん,商量,名词,サ变,,0,-1,-1,yes,Class18,,,,
作り始める,つくりはじめる,开始做,他一,,,0,-1,-1,yes,Class18,,,,
玉葱,たまねぎ,洋葱,名词,,,3,0,-1,yes,Class18,,,,
切る,きる,切、斩、剪,他五,,,1,-1,-1,yes,Class18,,,,
縦,たて,竖、纵,名词,,,1,-1,-1,yes,Class18,,,,
半分,はんぶん,一半,名词,,,3,-1,-1,yes,Class18,,,,
薄い,うすい,稀的、薄的,形容词,,,0,2,-1,yes,Class18,,,,
大きさ,おおきさ,大小,名词,,,0,-1,-1,yes,Class18,,,,
適当,てきとう,适当的、合适的,自サ,,,0,-1,-1,yes,Class18,,,,
もも肉,ももにく,腿肉,名词,,,2,0,-1,yes,Class18,,,,
鍋,なべ,锅,名词,,,1,-1,-1,yes,Class18,,,,
熱する,ねっする,弄热、加热,他サ,,,0,3,-1,yes,Class18,,,,
炒める,いためる,炒、煮,他一,,,3,-1,-1,yes,Class18,,,,
grean peas,グリーンピース,青豌豆,名词,,,5,-1,-1,no,Class18,,,,
塩,しお,盐,名词,,,2,-1,-1,yes,Class18,,,,
,だし,（当佐料用的）汤汁,名词,,,2,-1,-1,yes,Class18,,,,
調味料,ちょうみりょう,调味品,名词,,,3,-1,-1,yes,Class18,,,,
砂糖,さとう,砂糖,名词,,,2,-1,-1,yes,Class18,,,,
,みりん,料酒,名词,,,0,-1,-1,yes,Class18,,,,
火,ひ,火,名词,,,1,-1,-1,yes,Class18,,,,
止める,とめる,关闭、止住、停下,他一,,,0,-1,-1,yes,Class18,,,,
出来上がる,できあがる,做完、做好,自五,,,0,-1,-1,yes,Class18,,,,
載せる,のせる,摆在…上面、登载,他一,,,0,-1,-1,yes,Class18,,,,
分,ぶん,份儿,名词,,,1,-1,-1,yes,Class18,,,,
,それほど,那么,副词,,,0,-1,-1,yes,Class18,,,,
,ポイント,要点、分数,名词,,,0,-1,-1,yes,Class18,,,,
固い,かたい,硬、坚固、坚定、顽固,形容词,,,0,2,-1,yes,Class18,,,,
,ええと,（用于说话间的短暂停顿或思考时）啊、嗯,叹词,,,0,-1,-1,yes,Class18,,,,
野菜,やさい,蔬菜,名词,,,0,-1,-1,yes,Class18,,,,
間違い,まちがい,错误、差错,名词,,,3,-1,-1,yes,Class18,,,,
口に合う,くちにあう,合口味,词组,,,3,-1,-1,yes,Class18,,,,
,たまに,偶尔,副词,,,0,-1,-1,yes,Class18,,,,
集まる,あつまる,聚、集、汇集,自五,,,3,-1,-1,yes,Class18,,,,
開く,ひらく,召开,他自五,,,2,-1,-1,yes,Class18,,,,
cupcake,カップケーキ,杯状点心,名词,,,4,-1,-1,no,Class18,,,,
sandwich,サンドイッチ,三明治,名词,,,4,-1,-1,no,Class18,,,,
飲み物,のみもの,饮料,名词,,,2,3,-1,yes,Class18,,,,
今度,こんど,这次、最近、下一次,名词,,,1,-1,-1,yes,Class18,,,,
出会う,であう,邂逅,自五,,,2,-1,-1,yes,Class18,,,,
気分,きぶん,心情、情绪、气氛,名词,,,1,-1,-1,yes,Class18,,,,
仲よくなる,なかよくなる,关系变地融洽起来,词组,,,1,-1,-1,yes,Class18,,,,
招く,まねく,邀请,他五,,,2,-1,-1,yes,Class18,,,,
機会,きかい,机会,名词,,,2,-1,-1,yes,Class18,,,,
増える,ふえる,增加,自一,,,2,-1,-1,yes,Class18,,,,
,きっかけ,契机、机会,名词,,,0,-1,-1,yes,Class18,,,,
理解し合う,りかいしあう,互相理解,他五,,,1,-1,-1,yes,Class18,,,,
近ごろ,ちかごろ,近来、这些日子,名词,,,2,-1,-1,yes,Class18,,,,
別れ,わかれ,离别,名词,,,3,-1,-1,yes,Class18,,,,
参加,さんか,参加,名词,自サ,,1,0,-1,yes,Class18,,,,
,インタビュー,会见：记者采访,名•自サ,,,1,-1,-1,yes,Class19,,,,
,アメリカ,美国,专有名词,,,0,-1,-1,yes,Class19,,,,
,イギリス,英国,专有名词,,,0,-1,-1,yes,Class19,,,,
,ドイツ,德国,专有名词,,,1,-1,-1,yes,Class19,,,,
,カナダ,加拿大,专有名词,,,1,-1,-1,yes,Class19,,,,
十数カ国,じゅうすうかこく,十几个国家,词组,,,0,-1,-1,yes,Class19,,,,
……名,めい,……名,接尾,,,0,-1,-1,yes,Class19,,,,
記者,きしゃ,记者,名词,,,2,1,-1,yes,Class19,,,,
環境,かんきょう,环境,名词,,,0,-1,-1,yes,Class19,,,,
騒音,そうおん,噪音,名词,,,0,-1,-1,yes,Class19,,,,
公害,こうがい,公害,名词,,,0,-1,-1,yes,Class19,,,,
彼ら,かれら,他们,代词,,,1,-1,-1,yes,Class19,,,,
病気,びょうき,病、疾病,名词,,,0,-1,-1,yes,Class19,,,,
,そういう,那样的,连体词,,,0,-1,-1,yes,Class19,,,,
医務室,いむしつ,医务室,名词,,,2,-1,-1,yes,Class19,,,,
手当て,てあて,治疗：津贴,名•他サ,,,1,-1,-1,yes,Class19,,,,
普段,ふだん,平常、平时,名词,,,1,-1,-1,yes,Class19,,,,
違い,ちがい,不同,名词,,,0,-1,-1,yes,Class19,,,,
申す,もうす,「言う」的自谦语,他五,,,0,-1,-1,yes,Class19,,,,
名刺,めいし,名片,名词,,,0,-1,-1,yes,Class19,,,,
山田,やまだ,山田（姓氏）,专有名词,,,0,-1,-1,yes,Class19,,,,
,ナンシー,南希（人名）,专有名词,,,1,-1,-1,yes,Class19,,,,
全然,ぜんぜん,丝毫（不）、完全,副词,,,0,-1,-1,yes,Class19,,,,
,ジョン,约翰（人名）,专有名词,,,1,-1,-1,yes,Class19,,,,
,ピエール,皮埃尔（人名）,专有名词,,,0,-1,-1,yes,Class19,,,,
周り,まわり,周围：附近,名词,,,0,-1,-1,yes,Class19,,,,
,うるさい,吵闹得慌：恼人,形容词,,,3,-1,-1,yes,Class19,,,,
,ホワイト,怀特（姓氏）,专有名词,,,2,-1,-1,yes,Class19,,,,
非常,ひじょう,非常,形容动词,,,0,-1,-1,yes,Class19,,,,
満足,きんぞく,满意、满足,名•形动•自サ,,,1,-1,-1,yes,Class19,,,,
,マリー,玛丽（人名）,专有名词,,,1,-1,-1,yes,Class19,,,,
,このごろ,近来、这些天来,名词,,,0,-1,-1,yes,Class19,,,,
,すっかり,完全、全部,副词,,,3,-1,-1,yes,Class19,,,,
慣れる,なれる,习惯,自一,,,2,-1,-1,yes,Class19,,,,
徹夜,てつや,彻夜、通宵,名•自サ,,,0,-1,-1,yes,Class19,,,,
遅く,おそく,迟、晚,名词,,,3,-1,-1,yes,Class19,,,,
全部,ぜんぶ,全部,名•副,,,1,-1,-1,yes,Class19,,,,
講義,こうぎ,讲课,名•他サ,,,3,1,-1,yes,Class19,,,,
話す,はなす,说、讲,他五,,,2,-1,-1,yes,Class19,,,,
借りる,かりる,借,他一,,,0,-1,-1,yes,Class19,,,,
,なぜ,为什么,副词,,,1,-1,-1,yes,Class19,,,,
実生活,じっしかつ,实际生活,名词,,,3,-1,-1,yes,Class19,,,,
役立つ,やくだつ,有用、有益,自五,,,3,-1,-1,yes,Class19,,,,
,もっと,更、更加、再稍微,副词,,,1,-1,-1,yes,Class19,,,,
協力,きょうりよく,配合、合作,名•自サ,,,0,-1,-1,yes,Class19,,,,
印,しるし,符号：记号：象征,名词,,,0,-1,-1,yes,Class19,,,,
当嵌る,あてはまる,适合：完全合适,自五,,,4,-1,-1,yes,Class19,,,,
,やや,稍微、稍稍,副词,,,1,-1,-1,yes,Class19,,,,
,ホームステイ,寄宿在国外普通居民家留学,名词,,,5,-1,-1,yes,Class19,,,,
専用,せんよう,专用,名•他サ,,,0,-1,-1,yes,Class19,,,,
触れる,ふれる,涉及：触、碰,自一,,,0,-1,-1,yes,Class19,,,,
本当,ほんとう,真实的、本来的,名词,,,0,-1,-1,yes,Class19,,,,
意外,いがい,意外、想不到,形容动词,,,0,1,-1,yes,Class19,,,,
姿,すがた,面貌、身影：姿态,名词,,,1,-1,-1,yes,Class19,,,,
滞在,たいさい,逗留,名•自サ,,,0,-1,-1,yes,Class19,,,,
受け入れる,うけいれる,接受：收,他一,,,0,4,-1,yes,Class19,,,,
泊まる,とまる,停泊：投宿,自五,,,0,-1,-1,yes,Class19,,,,
暮らす,くらす,生活、度日,自他五,,,0,-1,-1,yes,Class19,,,,
お客さん,おきやくさん,客人、顾客,名词,,,0,-1,-1,yes,Class19,,,,
一員,いちいん,一员,名词,,,2,0,-1,yes,Class19,,,,
過ごす,すごす,度、过：生活,他五,,,2,-1,-1,yes,Class19,,,,
同時に,どうじに,同时、一下子,副词,,,0,-1,-1,yes,Class19,,,,
必要,ひつよう,需要、必要,名•形动,,,0,-1,-1,yes,Class19,,,,
確かめる,たしかめる,弄清、查明,他一,,,4,-1,-1,yes,Class19,,,,
独特,どくとく,独特的,形容动词,,,0,-1,-1,yes,Class19,,,,
自身,じしん,自身、自己,名词,,,1,-1,-1,yes,Class19,,,,
気付く,きづく,发觉、注意到,自五,,,2,-1,-1,yes,Class19,,,,
不思議,ふしぎ,奇怪的、不可思议的,名•形动,,,0,-1,-1,yes,Class19,,,,
春節,しゅんせつ,春节,名词,,,0,-1,-1,yes,Class20,,,,
高橋,たかはし,高桥（姓氏）,专有名词,,,2,-1,-1,yes,Class20,,,,
,ギョーザ,饺子,名词,,,0,-1,-1,yes,Class20,,,,
小麦粉,こむぎこ,小麦粉、面粉,名词,,,0,-1,-1,yes,Class20,,,,
捏ねる,こねる,揉和,他一,,,2,-1,-1,yes,Class20,,,,
皮,かわ,（饺子）皮,名词,,,2,-1,-1,yes,Class20,,,,
豚肉,ぶたにく,猪肉,名词,,,0,-1,-1,yes,Class20,,,,
包む,つつむ,包起来,他五,,,2,-1,-1,yes,Class20,,,,
蒸す,むす,闷热：蒸,他自五,,,1,-1,-1,yes,Class20,,,,
茹でる,ゆでる,煮、烫,他一,,,2,-1,-1,yes,Class20,,,,
半年,はんとし,半年,名词,,,0,-1,-1,yes,Class20,,,,
披露宴,ひろうえん,婚宴,名词,,,2,-1,-1,yes,Class20,,,,
,しゅっせき,出席,自サ,,,0,-1,-1,yes,Class20,,,,
,おなかがすく,肚子饿,词组,,,0,-1,-1,yes,Class20,,,,
旧正月,きゅうしょうがつ,旧历正月、春节,名词,,,3,-1,-1,yes,Class20,,,,
北国,きたぐに,北国,名词,,,2,-1,-1,yes,Class20,,,,
遠慮,えんりょ,客气：谢绝,名词,自他サ,,0,-1,-1,yes,Class20,,,,
,いただく,「食べる」的自谦语,他五,,,0,-1,-1,yes,Class20,,,,
,すぎる,过度、过分,接尾,,,0,-1,-1,yes,Class20,,,,
味,あじ,味道,名词,,,0,-1,-1,yes,Class20,,,,
,まずい,不好吃,形容词,,,2,-1,-1,yes,Class20,,,,
,なるほど,诚然、的确,副词,,,0,-1,-1,yes,Class20,,,,
骨,こつ,秘诀,名词,,,0,-1,-1,yes,Class20,,,,
映り,うつり,图像,名词,,,3,-1,-1,yes,Class20,,,,
電波,でんぱ,电波,名词,,,1,-1,-1,yes,Class20,,,,
障害,しょうがい,障碍,名词,,,0,-1,-1,yes,Class20,,,,
高層ビル,こうそうビル,高楼,名词,,,5,-1,-1,yes,Class20,,,,
,どんどん,不断地,副词,,,1,-1,-1,yes,Class20,,,,
建つ,たつ,建造,自五,,,1,-1,-1,yes,Class20,,,,
大気,たいき,大气、空气,名词,,,1,-1,-1,yes,Class20,,,,
汚染,おせん,污染,名词,自サ,,0,-1,-1,yes,Class20,,,,
,おめでたい,可贺的、可喜的、可庆的,形容词,,,0,4,-1,yes,Class20,,,,
役に立つ,やくにたつ,有用处、有益处,词组,,,0,-1,-1,yes,Class20,,,,
,コーヒー,咖啡,名词,,,3,-1,-1,yes,Class20,,,,
電気スタンド,でんきスタンド,台灯,名词,,,5,-1,-1,yes,Class20,,,,
花びん,かびん,花瓶,名词,,,0,-1,-1,yes,Class20,,,,
喜ぶ,よろこぶ,高兴、喜悦,自五,,,3,-1,-1,yes,Class20,,,,
…を楽しみにする,・・・をたのしみにする,希望、期望,词组,,,0,-1,-1,yes,Class20,,,,
友人,ゆうじん,友人,名词,,,0,-1,-1,yes,Class20,,,,
何時,いつ,何时、什么时候,名词,,,1,-1,-1,yes,Class20,,,,
会場,かいじょう,会场,名词,,,0,-1,-1,yes,Class20,,,,
杏花楼,きょうかろう,杏花楼（饭店名）,专有名词,,,3,-1,-1,yes,Class20,,,,
旅,たび,旅行,名词,,,2,-1,-1,yes,Class20,,,,
曇り,くもり,阴,名词,,,3,-1,-1,yes,Class20,,,,
空港,くうこう,机场,名词,,,0,-1,-1,yes,Class20,,,,
taxi,タクシー,出租汽车,名词,,,1,-1,-1,no,Class20,,,,
夜景,やけい,夜景,名词,,,0,-1,-1,yes,Class20,,,,
村,むら,村,名词,,,2,-1,-1,yes,Class20,,,,
晴れ,はれ,晴,名词,,,2,-1,-1,yes,Class20,,,,
朝食,ちょうしょく,早晨,名词,,,0,-1,-1,yes,Class20,,,,
取る,とる,拿：获得：摄入,他五,,,1,-1,-1,yes,Class20,,,,
水上,すいじょう,水上,名词,,,0,-1,-1,yes,Class20,,,,
約,やく,大约,名词,,,1,-1,-1,yes,Class20,,,,
見学者,けんがくしゃ,参观者,名词,,,3,4,-1,yes,Class20,,,,
,ハイバオ,海宝（世博吉祥物）,专有名词,,,2,-1,-1,yes,Class20,,,,
帰り,かえり,回去：归途,名词,,,3,-1,-1,yes,Class20,,,,
乗心地,のりごこち,乘坐的感觉,名词,,,0,3,-1,yes,Class20,,,,