新学期,しんがっき,3,名,新学期,Class1
いよいよ,いよいよ,2,副,终于，越来越，更加,Class1
始まる,はじまる,0,自五,开始,Class1
暇,ひま,0,名,闲空儿，时间,Class1
山崎,やまざき,2,专,山崎（姓氏）,Class1
菓子,かし,1,名,点心，糕点，糖果,Class1
棚,たな,0,名,棚架，搁板,Class1
サイドボード,sideboard,4,名,餐具柜,Class1
グラス·セット,glass set,4,名,成套玻璃杯,Class1
置く,おく,0,他五,放,Class1
壁,かべ,0,名,墙壁，隔阂,Class1
地理,ちり,1,名,地理,Class1
貼る,はる,2，0,他五,贴，糊,Class1
滑る,すべる,2,自五,滑,Class1
割る,わる,0,他五,打碎，切，割,Class1
怪我,けが,2,自一,受伤，负伤,Class1
お入りください,おはいりください,,组,请进,Class1
お邪魔します,おじゃまします,,组,打扰了,Class1
靴,くつ,2,名,鞋子,Class1
構う,かまう,2,自五,（常用否定）（不）介意,Class1
高速電車,こうそくでんしゃ,5,名,高速电气列车,Class1
準備,じゅんび,1,名，他サ,准备,Class1
学習,がくしゅう,0,名，他サ,学习,Class1
予習,よしゅう,0,名，他サ,预习,Class1
学部,がくぶ,1，0,名,系,Class1
会議,かいぎ,1，3,名,会议,Class1
入口,いりぐち,0,名,入口，门口,Class1
告知板,こくちばん,0,名,布告牌,Class1
会議室,かいぎしつ,3,名,会议室,Class1
並べる,ならべる,0,他一,罗列，排列，摆,Class1
壇,だん,1,名,擅，台,Class1
どうも,どうも,1,副,（表示歉意）很，实在,Class1
恐れ入る,おそれいる,2,自五,不好意思,Class1
片付ける,かたづける,4,他一,整理，收拾，处理,Class1
湯,ゆ,1,名,开水，热水，洗澡水,Class1
沸かす,わかす,0,他五,烧开、使……沸腾,Class1
小説,しょうせつ,0,名,小说,Class1
レポート,report,2,名　他サ,报告，小论文,Class1
一冊,いっさつ,4,名,一册、一本,Class1
いや,いや,1,叹,（表示否定对方的话）不，不对,Class1
方法,ほうほう,0,名,方法,Class1
チェック,check,1,名，自サ,核对，查对,Class1
考え,かんがえ,3,名,想法,Class1
用意,ようい,1,名，他サ,准备,Class1
皿,さら,0,名,碟子,Class1
ご心配なく,ごしんぱいなく,,组,请不必担心,Class1
本間,ほんま,0,专,间（姓）,Class1
ベランダ,veranda,0,名,阳台,Class1
植木鉢,うえきばち,3,名,花盆,Class1
戸だな,とだな,3,名,橱、柜子,Class1
食器,しょっき,0,名,餐具,Class1
窓,まど,1,名,窗,Class1
カーテン,curtain,1,名,窗帘,Class1
かける,かける,2,他一,挂,Class1
閉める,しめる,2,他一,关闭、合上,Class1
見える,みえる,2,自一,看得见,Class1
主,おも,1,形动,主要,Class1
政治,せいじ,0,名,政治,Class1
原稿,げんこう,0,名,原稿,Class1
かい（终助）,かい,0,名,用于表示亲昵的问话,Class1
引き止める,ひきとめる,4,他一,挽留；制止,Class1
夢中,むちゅう,0,形动,热衷、着迷,Class1
バーゲン,bargain,1,名,讨价还价,Class2
中島,なかじま,0,专,中岛（姓氏）,Class2
コート,coat,1,名,大衣,Class2
形,かたち,0,名,形状,Class2
気に入る,きにいる,2,组,中意，满意,Class2
サイズ,size,1,名,尺寸,Class2
センチ,centi,1,名,厘米,Class2
ぴったり,ぴったり,3,副，自サ,正合适的,Class2
軽い,かるい,0,形,轻的,Class2
割引,わりびき,0,名，,打折扣,Class2
新発売,しんはつばい,3，4,名,时新货,Class2
青色,あおいろ,0,名,蓝色,Class2
自習,じしゅう,0,名，他サ,自习，自修,Class2
遅れる,おくれる,0,自一,迟到,Class2
キロ,kilo,0,接尾,公里,Class2
店員,てんいん,0,名,店员,Class2
まっすぐ,まっすぐ,3,副,笔直,Class2
エスカレーター,escalator,4,名,自动扶梯,Class2
右,みぎ,0,名,右边,Class2
曲がる,まがる,0,自五,拐弯，弯曲,Class2
左側,ひだりがわ,0,名,左边，左侧,Class2
うーん,うーん,2,叹,（表示否认，迟疑）嗯,Class2
こういう,こういう,0,连体,这种，这样,Class2
デザイン,design,2,名,设计，款式,Class2
きつい,きつい,0,形,（衣服等）紧，瘦小，累人,Class2
爪先,つまさき,0,名,指尖，脚尖,Class2
痛い,いたい,2,形,疼,Class2
札,さつ,0,名,纸币,Class2
細かい,こまかい,3,形,零碎，细致,Class2
お釣り,おつり,0,名,找头,Class2
預かる,あずかる,3,他五,（代人）保管，收存,Class2
予算,よさん,0,名,预算,Class2
買い得,かいどく,0,名,合算,Class2
返し,かえし,3,名,还,Class2
似合う,にあう,2,自五,合适,Class2
色,いろ,2,名,颜色,Class2
売切れる,うりきれる,4,自一,售完,Class2
試着,しちゃく,0,名，他サ,试穿,Class2
…本,…ほん,1,接尾,（计算细长物的单位）根，支,Class2
包み,つつみ,3,名,包，包裹,Class2
畏まりました,かしこまりました,,寒喧,（表示恭敬地接受吩咐）知道了,Class2
商店,しょうてん,1,名,商店,Class2
小売店,こうりてん,0，3,名,零售店,Class2
営業,えいぎょう,0,名，他サ,营业、经商,Class2
コンビニエンスストア,convenience store,9,名,便利店,Class2
表示,ひょうじ,0,名，他サ,表示,Class2
価格,かかく,0，1,名,价格,Class2
値引き,ねびき,0,名，他サ,减价,Class2
レシート,receipt,2,名,收据,Class2
領収書,りょうしゅうしょ,0，5,名,发票,Class2
取る,とる,1,他五,拿，取,Class2
金額,きんがく,0,名,金额,Class2
間違う,まちがう,3,自五,弄错；错,Class2
返品,へんぴん,0,名，他サ,退货,Class2
証拠,しょうこ,0,名,证据,Class2
特売,とくばい,0,名,特价出售,Class2
大安売り,おおやすうり,3，4,名,大减价,Class2
傷む,いたむ,2,自五,损坏,Class2
品質,ひんしつ,0,名,品质,Class2
頭,あたま,3,名,头,Class3
手足,てあし,1,名,手脚,Class3
だるい,だるい,2,形,懒倦的，慵懒的,Class3
目まい（眩暈）,めまい,2,名,头晕目眩,Class3
欠席届,けっせきとどけ,5,名,请假条,Class3
事務室,じむしつ,2,名,办公室,Class3
風邪を引く,かぜをひく,,组,感冒,Class3
診察,しんさつ,0,名，他サ,诊察,Class3
診断,しんだん,0,名，他サ,诊断,Class3
流感,りゅうかん,0,名,流感,Class3
薬,くすり,0,名,药,Class3
急ぐ,いそぐ,2,自五,急，急速,Class3
急,きゅう,0,名，形动,突然，急迫,Class3
胃,い,0,名,胃,Class3
激しい,はげしい,3,形,剧烈的,Class3
痛み出す,いたみだす,4,自五,疼起来,Class3
吐き気,はきけ,3,名,想呕吐,Class3
豚肉,ぶたにく,0,名,猪肉,Class3
油物,あぶらもの,0,名,油腻食品,Class3
胃潰瘍,いかいよう,2,名,胃溃疡,Class3
今後,こんご,1,名,今后,Class3
刺激,しげき,0,名，他サ,刺激,Class3
強い,つよい,2,形,强的，厉害的,Class3
できるだけ,できるだけ,0,副,尽可能,Class3
控える,ひかえる,3，2,他一,控制,Class3
止む,やむ,0,自五,停住,Class3
厭(嫌),いや,2,形动,讨厌,Class3
薄着,うすぎ,0,名，自サ,衣服单薄,Class3
所為,せい,1,名,原因,Class3
寒気,さむけ,3,名,发冷,Class3
顔色,かおいろ,0,名,脸色,Class3
熱,ねつ,2,名,热度,Class3
額,ひたい,0,名,额,Class3
あてる,あてる,0,他一,放，碰，猜到,Class3
おや,おや,1，0,叹,（表示意外，惊讶）哎呀,Class3
堪らない,たまらない,0,组,难以忍受的、忍受不了的,Class3
どうも,どうも,1,副,总觉得,Class3
いけない,いけない,0,组,不行、不该,Class3
出る,でる,1,自一,出勤、出席、（疾病）发生,Class3
ゆっくり,ゆっくり,3,副,慢慢地，充裕,Class3
承知,しょうち,0,名，他サ,知道,Class3
大事,だいじ,1，3,名，形动,大事，保重,Class3
熱っぽい,ねつっぽい,4,形,发烧,Class3
喉(咽),のど,1,名,喉咙，嗓子,Class3
嚏,くしゃみ,2,名，他サ,打喷嚏,Class3
鼻水,はなみず,0，4,名,鼻涕,Class3
食欲,しょくよく,0，2,名,食欲,Class3
流行る,はやる,2,自五,流行,Class3
休校,きゅうこう,0,名，自サ,（学校）停课,Class3
先,さっき,1,副,刚才，方才,Class3
計る,はかる,2,他五,量,Class3
度,ど,,接尾,（温度，体温）度,Class3
分,ぶ,,接尾,（温度，体温）分,Class3
咳,せき,2,名,咳嗽,Class3
薬局,やっきょく,0,名,药房,Class3
タバコ,tabacco,0,名,香烟,Class3
決して,けっして,0,副,决（不）,Class3
吸う,すう,0,他五,吸（烟）,Class3
夜中,よなか,3,名,半夜,Class3
脂っこい,あぶらっこい,5,形,油腻的,Class3
もどす,もどす,2,他五,吐（的俗语）,Class3
痛み,いたみ,3,名,疼痛,Class3
キリキリ,キリキリ,1,副，自サ,刺痛,Class3
種類,しゅるい,1,名,种类,Class3
壊す,こわす,2,他五,弄坏、打碎,Class3
働き,はたらき,0,名,作用,Class3
弱る,よわる,2,自五,衰弱、软弱,Class3
腐る,くさる,2,自五,变质、腐烂,Class3
病,やまい,1,名,病、缺点,Class3
恐ろしい,おそろしい,4,行,可怕的、可怖的,Class3
コレラ,cholera,1,专,霍乱,Class3
チフス,Typhus 德,1,专,伤寒,Class3
赤痢,せきり,1,专,菌痢,Class3
伝染病,でんせんびょう,1,专,传染病,Class3
黴菌,ばいきん,0,名,细菌,Class3
付く,つく,1，2,自五,附在,Class3
済む,すむ,1,自五,了结、完结,Class3
気にかける,きにかける,,组,放在心上,Class3
万病,まんびょう,0,名,万病,Class3
元,もと,0,名,根源,Class3
原因,げんいん,0,名,原因,Class3
重い,おもい,0,形,重的,Class3
油断,ゆだん,0,名，自サ,疏忽,Class3
橋本,はしもと,0,专,桥本（姓氏）,Class4
もてなす,もてなす,0,他五,招待,Class4
食習慣,しょくしゅうかん,3,名,饮食习惯,Class4
歓談,かんだん,0,名，自サ,畅谈,Class4
…目,…め,,接尾,（表示数词的顺序）第…,Class4
注文,ちゅうもん,0,名，他サ,订货，定购,Class4
乾杯,かんぱい,0,名，自サ,干杯,Class4
幸せ,しあわせ,0,名，形动,幸福,Class4
祝福,しゅくふく,0,名，他サ,祝福,Class4
寿司,すし,2,名,寿司,Class4
召し上がる,めしあがる,0,他五,飲む，食べる的敬语,Class4
米,こめ,2,名,大米,Class4
主食,しゅしょく,0,名,主食,Class4
清酒,せいしゅ,0,名,清酒,Class4
アロコール,alcohol,0,名,酒精,Class4
…分,…ぶん,,接尾,成分,Class4
茅台酒,もうたいしゅ,3,专,茅台酒,Class4
限る,かぎる,2,自他五,限于，限定,Class4
冷める,さめる,2,自一,（热的）东西变冷，（热情等）减退,Class4
お粗末様でした,おそまつさまでした,,,（饭后主人说的客气话）怠慢了,Class4
空く,あく,0,自五,空出，腾出,Class4
様,さま,,接尾,表示尊称,Class4
メニュー,menu,1,名,菜单,Class4
為さる,なさる,2,他五,（する）的敬语,Class4
蟹,かに,0,名,螃蟹,Class4
姿蒸し,すがたむし,0,名,整只蒸,Class4
田うなぎ,たうなぎ,3,名,黄鳝,Class4
揚げ物,あげもの,0,名,油炸食品,Class4
少々,しょうしょう,1,名，副,少许，一点,Class4
お待たせしました,おまたせしました,,组,让您久等了,Class4
うん,うん,1,叹,（はい的随便说法）嗯,Class4
旨い(甘い),うまい,,形,美味，高明,Class4
御馳走様,ごちそうさま,2,组,承您款待了,Class4
勘定,かんじょう,3,名，他サ,结帐，计算,Class4
伝票,でんぴょう,0,名,发票,Class4
食生活,しょくせいかつ,3,名,饮食生活,Class4
風土,ふうど,1,名,风水,Class4
水準,すいじゅん,0,名,水准、水平,Class4
様式,ようしき,0,名,样式,Class4
世紀,せいき,1,名,世纪,Class4
年代,ねんだい,0,名,年代,Class4
改革,かいかく,0,名，他サ,改革,Class4
開放,かいほう,0,名，他サ,开放,Class4
高度,こうど,1,名，形动,高度、高级,Class4
成長期,せいちょうき,3,名,成长期、（经济）发展期,Class4
個人,こじん,1,名,个人,Class4
所得,しょとく,0,名,所得,Class4
著しい,いちじるしい,5,形,明显的、显著的,Class4
伸びる,のびる,2,自一,增加；伸展；伸长,Class4
洗濯機,せんたくき,3，4,名,洗衣机,Class4
家事,かじ,1,名,家务事,Class4
負担,ふたん,0,名，他サ,负担,Class4
こうした,こうした,0,连体,这种、这样的,Class4
伸び,のび,2,名,伸展、发展,Class4
変化,へんか,1,名，自サ,变化,Class4
量,りょう,1,名,数量,Class4
質,しつ,0,名,质量,Class4
変える,かえる,0,他一,改变、变更,Class4
現在,げんざい,1,名,现在,Class4
乳製品,にゅうせいひん,3,名,乳制品,Class4
人々,ひとびと,2,名,人人、每个人,Class4
紅茶,こうちゃ,0,名,红茶,Class4
コーラ,cola,1,专,可乐,Class4
好む,このむ,2,他五,爱好,Class4
紹興酒,しょうこうしゅ,3,专,绍兴酒,Class4
白酒,バイチュウ,3,名,中国白酒,Class4
ウィスキー,whiskey,2，3,名,威士忌,Class4
ワイン,wine,1,名,葡萄酒,Class4
若者,わかもの,0,名,年轻人,Class4
ファミリーレストラン,family restaurant,5,名,家庭餐馆,Class4
ファーストフード,fast food,5,名,快餐食品，方便食品,Class4
外食産業,がいしょくさんぎょう,5,名,餐饮业,Class4
急激,きゅうげき,0,形动,急剧,Class4
国際化,こくさいか,0,名,国际化,Class4
顕著,けんちょ,1,形动,显著的,Class4
背景,はいけい,0,名,背景,Class4
家族団欒,かぞくだんらん,1,名,一家团乐,Class4
減る,ヘる,0,自五,减少,Class4
テープレコーダー,tape recorder,5,名,录音机,Class5
カセット,cassette,2,名,（盒式）录音磁带，录音机,Class5
取り出し,とりだし,0,名,取出来,Class5
ボタン,button,0,名,按钮，钮扣,Class5
押す,おす,0,他五,按，推,Class5
蓋,ふた,0,名,盖子,Class5
再生,さいせい,0,名，自他サ,（录音）重放，死而复生,Class5
回る,まわる,0,自五,旋转，绕道，轮流,Class5
音量,おんりょう,0，3,名,音量,Class5
つまみ,つまみ,0,名,(器物上的)旋钮，下酒菜,Class5
回す,まわす,0,他五,转，转动,Class5
調節,ちょうせつ,0,名，他サ,调节,Class5
動く,うごく,2,自五,转动，移动,Class5
電池,でんち,1,名,电池,Class5
方向,ほうこう,0,名,方向,Class5
電池入れ,でんちいれ,3,名,电池匣,Class5
裏側,うらがわ,0,名,背面，反面,Class5
…側,…がわ,0,接尾,一侧，一边，方面,Class5
マイナス,minus,0,名，他サ,阴极，负数,Class5
プラス,plus,1,名，他サ,正数，阳极,Class5
間違える,まちがえる,4，3,他一,弄错,Class5
液,えき,1,名,液体,Class5
漏れる,もれる,2,自一,漏，泄,Class5
温度,おんど,1,名,温度,Class5
故障,こしょう,0,名，自サ,故障,Class5
絶対,ぜったい,0,名，副,绝对，坚决,Class5
爪,ツメ,0,名,防消卡子,Class5
折る,おる,1,他五,折，弯,Class5
うっかり,うっかり,3,副，自サ,疏忽，大意,Class5
操作,そうさ,1,名，他サ,操作,Class5
名称,めいしょう,0,名,名称,Class5
巻き戻し,まきもどし,0,名,倒卷,Class5
停止,ていし,0,名，自他サ,停顿，停止,Class5
早送り,はやおくり,3，0,名,快进,Class5
どのよう,どのよう,1,形动,如何，怎样,Class5
巻き戻す,まきもどす,0,他五,倒卷,Class5
開く,ひらく,0,自五,开，（商店等）开门,Class5
自動的,じどうてき,0,形动,自动的,Class5
下,した,0,名,下面,Class5
引っ張る,ひっぱる,3,他五,拉，曳，拉紧,Class5
反対,はんたい,0,名，形动，自サ,这边儿,Class5
こっち,こっち,3,名,侧面，宽，横，旁边,Class5
横,よこ,0,自一,断开，能切,Class5
切れる,きれる,0,名，自サ,失败,Class5
失敗,しっぱい,2,名，他サ,发音，发声,Class5
発音,はつおん,0,接尾,发音；发声,Class5
…用,…よう,0,接尾,用于……（方面）,Class5
ほら,ほら,1,叹,瞧,Class5
はあ,はあ,1,叹,（答应）是，（惊叹）嗬，（疑问）啊,Class5
ヒヤリング,hearing,1,名,听音练习,Class5
貸す,かす,2,他五,借给，借出,Class5
学ぶ,まなぶ,0,他五,学习,Class5
教材,きょうざい,0,名,教材,Class5
ような気がする,ようなきがする,,组,感到,Class5
却って,かえって,1,副,相反，反倒,Class5
認証,にんしょう,0,名,认证,Class5
自販機,じはんき,2,名,自动售货机,Class5
自動販売機,じどうはんばいき,6,名,自动售货机,Class5
硬貨,こうか,1,名,硬币,Class5
紙幣,しへい,1,名,纸币,Class5
又は,または,2,接,或者,Class5
替わる,かわる,0,自五,代替；替换,Class5
カード,card,1,名,卡片,Class5
物品,ぶっぴん,0,名,物品,Class5
サービス,service,1,名，自他サ,服务；廉价出售,Class5
提供,ていきょう,0,名，他サ,提供,Class5
機械,きかい,2,名,机械,Class5
セルフ,self,1,名,自动；自我,Class5
方式,ほうしき,0,名,方式,Class5
一歩,いっぼ,1,名,一步,Class5
無人,むじん,0,名,五人,Class5
休日,きゅうじつ,0,名,休息日,Class5
夜間,やかん,0，1,名,夜间,Class5
利点,りてん,0,名,好处、优点,Class5
類,るい,0，1,接尾,种类,Class5
カップ麵,cupめん,3,名,（纸杯等包装的）快餐面,Class5
売る,うる,0,他五,出售、卖,Class5
代金,だいきん,1，0,名,价款、货款,Class5
投入口,とうにゅうぐち,3,名,投钱孔,Class5
投入,とうにゅう,0,名，他サ,投入、扔进,Class5
未成年者,みせいねんしゃ,4,名,未成年人,Class5
喫煙,きつえん,0,名，自サ,吸烟,Class5
飲酒,いんしゅ,0,名，自サ,饮酒,Class5
防止,ぼうし,0,名，他サ,防止,Class5
成人,せいじん,0,名,成人,Class5
識別,しきべつ,0,名，他サ,识别,Class5
装置,そうち,1,名,装置,Class5
身分,みぶん,1,名,身份、位置,Class5
確認,かくにん,0,名，他サ,确认,Class5
交通係,こうつうがかり,5,名,交通协管员,Class6
道,みち,0,名,道路,Class6
尋ねる,たずねる,3,他一,询问，打听,Class6
駅員,えきいん,0，2,名,车站工作人员,Class6
マイク,mike,1,名,麦克风，话筒,Class6
アナウンス,announce,2，3,名，他サ,广播，报告,Class6
車内,しゃない,1,名,车内,Class6
流す,ながす,2,他五,播放，使…流动,Class6
通う,かよう,0,自五,往来,Class6
乗客,じょうきゃく,0,名,乘客,Class6
通学生,つうがくせい,3，4,名,走读生,Class6
それでも,それでも,3,接,尽管如此,Class6
危ない,あぶない,0,形,危险,Class6
車道,しゃどう,0,名,车行道,Class6
横切る,よこぎる,3,他五,横穿,Class6
左,ひだり,0,名,左边，左,Class6
横断歩道,おうだんほどう,5,名,人行横道,Class6
通る,とおる,1,自五,通过，走过，穿过,Class6
伺う,うかがう,0,他五,(聞く，訪ねる）的谦让语,Class6
プラットホーム,plantform,5,名,站台,Class6
一号線,いちごうせん,0,名,一号线,Class6
新荘,しんしょう,0，1,名,莘庄,Class6
…行き,…ゆき,0,接尾,开往……,Class6
ひとりひとり,ひとりひとり,5,副,一个一个,Class6
順に,じゅんに,0,副,有秩序地，依次,Class6
立つ,たつ,1,自五,立，站，升，冒,Class6
奥,おく,1,名,深处，里头，内宅,Class6
詰める,つめる,2,他一,往…挤一挤，装入,Class6
人民広場,じんみんひろば,5,专,人民广场,Class6
いくつ目,いくつめ,0，4,名,第几个,Class6
駅前,えきまえ,3,名,车站前,Class6
待たせる,またせる,3,他一,让…等,Class6
終点,しゅうてん,0，2,名,终点,Class6
停車,ていしゃ,0,名，自サ,停车,Class6
常に,つねに,1,副,经常,Class6
心掛ける,こころがける,5,他一,留心，留意,Class6
防止,ぼうし,0,名，他サ,防止,Class6
やむを得ず,やむをえず,4,副,不得已,Class6
急停車,きゅうていしゃ,3,名,急刹车,Class6
発車,はっしゃ,0,名，自サ,发车,Class6
揺れる,ゆれる,0,自一,摇动，摇晃,Class6
手摺り,てすり,3,名,扶手,Class6
摑まる,つかまる,0,自五,抓住，被逮住,Class6
方面,ほうめん,3,名,方向，方面,Class6
お出で,おいで,0,名,(行く，来る，いる）的敬语,Class6
忘れ物,わすれもの,0,名,遗失物,Class6
支度,したく,0,名，自サ,准备，（外出）打扮,Class6
乗車,じょうしゃ,0,名，自サ,乘车,Class6
お疲れ様でした,おつかれさまでした,6,寒暄语,辛苦了,Class6
ご利用くださいまして,ごりようくださいまして,,组,承蒙利用,Class6
上海科学館,しゃんはいかがくかん,7,专,上海科技馆,Class6
誠に,まことに,0,副,实在，真诚,Class6
角,かど,1,名,角，拐角,Class6
通り,とおり,3,名,大街，马路,Class6
正面,しょうめん,3,名,正面,Class6
ラッシュ,rush,1,名,高峰时期,Class6
いくら,いくら,1,副,（与…ても糊一个）即使……也,Class6
起こる,おこる,2,自五,发生,Class6
すし詰め,すしづめ,0,名,拥挤不堪,Class6
身動き,みうごき,2，4,名,转动身子,Class6
早目,はやめ,0，3,名，形动,提早、早些,Class6
空く,すく,0,自五,有空隙，有间隙,Class6
いくらか,いくらか,1，3,副,多少、稍微,Class6
増し,まし,0,名，形动,胜过，增多,Class6
感心,かんしん,0,名，形动，自サ,钦佩，佩服,Class6
ますます,ますます,2,副,益发，越发,Class6
深刻,しんこく,0,形动,严重,Class6
悲観,ひかん,0,名，自他サ,悲观,Class6
どんどん,どんどん,1,副,接二连三，（进展）顺利,Class6
事情,じじょう,0,名,情形，情况,Class6
交通機関,こうつうきかん,5，6,名,交通工具,Class6
公共,こうきょう,0,名,公共,Class6
読み取り機,よみとりき,4,名,读卡机、检票机,Class6
かざす,かざす,0，2,他五,放在……上面,Class6
料金,りょうきん,1，0,名,使用费,Class6
支払い,しはらい,0,名,付、支付,Class6
完了,かんりょう,0,名，自他サ,完了、完事,Class6
各駅,かくえき,1，0,名,各个车站,Class6
マクドナルド,McDonald’s,4,专,麦当劳,Class6
チャージ,charge,1,名,充值,Class6
有効期限,ゆうこうきげん,5,名,有效期限,Class6
不要,ふよう,0,名，形动,不要；不需要,Class6
大衆,たいしゅう,0,名,大众,Class6
チケット,ticket,1，2,名,票、券,Class6
返却,へんきゃく,0,名，他サ,退换、归还,Class6
使用,しよう,0,名，他サ,使用,Class6
可能,かのう,0,名,可能,Class6
範囲,はんい,1,名,范围,Class6
フェリー,ferry,1,名,渡轮,Class6
高速道路,こうそくどうろ,5,名,高速公路,Class6
距離,きょり,1,名,距离,Class6
比例,ひれい,0,名，自サ,比利,Class6
磁気,じき,1,名,磁性,Class6
…式,…しき,,结尾,式,Class6
構内,こうない,1,名,车站内、场内、区域内,Class6
券売機,けんばいき,3,名,售票机,Class6
改札,かいさつ,0,名,检票,Class6
入場,にゅうじょう,0,名，自サ,入场,Class6
到着駅,とうちゃくえき,4,名,到达的车站,Class6
同様,どうよう,0,形动,同样、一个样,Class6
出場,しゅつじょう,0,名，自サ,出场,Class6
手を上げる,てをあげる,,组,扬手、招手,Class6
行き先,ゆきさき,0,名,目的地,Class6
告げる,つげる,0,他一,告知,Class6
普及率,ふきゅうりつ,2,名,普及率,Class6
記す,しるす,0,他サ,记下、写下,Class6
紙,かみ,2,名,纸,Class6
降車,こうしゃ,0,名，自サ,下车,Class6
際,さい,1,名,时候、场合,Class6
受け取る,うけとる,0，3,他五,接受,Class6
会社名,かいしゃめい,3,名,公司名,Class6
走行,そうこう,0,名,行驶、行车,Class6
トラブル,trouble,2,名,纠纷、纠葛,Class6
助け,たすけ,3,名,帮助,Class6
市バス,しbus,0,名,城市公交车,Class6
運賃,うんちん,1,名,车费,Class6
車掌,しゃしょう,0,名,售票员、乘务员,Class6
発車,はっしゃ,0,名，自サ,发车、开车,Class6
徴収,ちょうしゅう,0,名，他サ,征收、收取,Class6
開く,ひらく,2,他五,召开，打开,Class7
祝い,いわい,2,名,祝贺，贺礼,Class7
別科,べっか,0,名,别科,Class7
蔡,さい,1,专,蔡（姓氏）,Class7
切紙,きりがみ,2,名,剪纸,Class7
周,しゅう,1,专,周（姓氏）,Class7
まるで,まるで,0,副,宛如…，完全,Class7
本物,ほんもの,0,名,真东西，真货,Class7
手伝う,てつだう,3,他五,帮忙，帮助,Class7
助かる,たすかる,3,自五,得救，得到帮助,Class7
司会,しかい,0,名，他サ,主持会议,Class7
赵,ちょう,1,专,赵（姓氏）,Class7
中山,なかやま,0,专,中山（姓氏）,Class7
おめでとうございます,おめでとうございます,,寒暄语,祝贺（您）,Class7
たいした,たいした,1,连体,了不起,Class7
翌日,よくじつ,0,名,次日，第二天,Class7
急用,きゅうよう,0,名,急事,Class7
残念,ざんねん,3,形动,遗憾，抱歉,Class7
ジョン,John,1,专,约翰（姓氏）,Class7
アルン,Allen,1,专,艾伦（姓氏）,Class7
絵葉書,えはがき,2,名,图画明星片,Class7
ピエール,Pierre 法,0,专,皮埃尔（姓氏）,Class7
陳,ちん,1,专,陈（姓氏）,Class7
送る,おくる,0,他五,寄，送，送行，度过,Class7
素敵,すてき,0,形动，名,极好，极漂亮,Class7
優しい,やさしい,0,形,温柔，体贴,Class7
世話をする,せわをする,2,组,照顾，照料,Class7
大掃除,おおそうじ,3,名,大扫除,Class7
お土産,おみやげ,0,名,土产，礼物，纪念品,Class7
一人っ子,ひとりっこ,3,名,独生子女,Class7
銀婚式,ぎんこうしき,3,名,银婚庆典,Class7
頃,ころ,1,名,时候、时期,Class7
世の中,よのなか,2,名,世上,Class7
苦しい,くるしい,3,形,痛苦的、艰苦的,Class7
丈夫,じょうぶ,0,形动,坚固的，结实的,Class7
育てる,そだてる,3,他一,养育；抚养,Class7
御蔭,おかげ,0,名,多亏；由于,Class7
青春,せいしゅん,0,名,青春,Class7
十分,じゅうぶん,3,副，形动,充分；足够,Class7
有意義,ゆういぎ,3,形动,有意义的,Class7
涙ぐむ,なみだぐむ,4,自五,含泪,Class7
バイオリン,violin,0,名,小提琴,Class7
弾く,ひく,0,他五,弹,Class7
沢田,さわだ,0,专,泽田（姓氏）,Class8
聞き取る,ききとる,3,他五,听见，听懂,Class8
大して,たいして,1,副,（下接否定）并不那么,Class8
苦労,くろう,1,名，自サ，形动,辛苦，操劳,Class8
点,てん,0,名,点，分数，观点,Class8
常用漢字,じょうようかんじ,0,名,常用汉字,Class8
引く,ひく,0,他五,查，扣除，拉,Class8
テレビ講座,televisionこうざ,0,名,电视讲座,Class8
初級,しょきゅう,0,名,初级,Class8
中級,ちゅうきゅう,0,名,中级,Class8
駄目,だめ,2,形动,白费，不行,Class8
四声,しせい,0,名,（汉字的）四声,Class8
指導,しどう,0,名，他サ,领导，指导,Class8
下（許）,もと,2,名,底下；身边；在……下,Class8
カラオケ,カラオケ,0,名,卡拉OK,Class8
曲,きょく,1，0,名,歌曲，曲调,Class8
忘年会,ぼうねんかい,3,名,年终联欢会,Class8
披露,ひろう,1,名，他サ,披露，宣布,Class8
班長,はんちょう,1,名,班长,Class8
悩み,なやみ,3,名,烦恼、苦恼,Class8
のんびり,のんびり,3,副，自サ,舒舒服服、悠然自得的,Class8
ちゃんと,ちゃんと,0,副,规矩地；整齐地；好好地,Class8
関係,かんけい,0,名,关系,Class8
疲れ,つかれ,3,名,累、疲倦,Class8
眠れる,ねむれる,0,自一,能睡（着）觉,Class8
辛い,つらい,0,形,痛苦的、难受的,Class8
真面目,まじめ,0,形动,认真、严肃、诚实,Class8
何もかも,なにもかも,1，4,组,一切、全部,Class8
任せる,まかせる,3,他一,托付、委托,Class8
そのうち,そのうち,0,副,不久、过会儿,Class8
リラックス,relax,2,自サ,放松,Class8
尊敬,そんけい,0,名，他サ,尊敬,Class9
活発,かっぱつ,0,形动,活泼，活跃,Class9
教わる,おそわる,0,他五,跟…学习，受教,Class9
態度,たいど,1,名,态度,Class9
成績,せいせき,0,名,成绩,Class9
褒める,ほめる,2,他一,表扬，赞扬,Class9
同級生,どうきゅうせい,3,名,同年级学生,Class9
喧嘩,けんか,0,名，自サ,争吵，打架,Class9
叱る,しかる,0,他五,骂，责备,Class9
横山,よこやま,2,专,横山（姓氏）,Class9
兄弟,きょうだい,1,名,弟兄，兄弟,Class9
仲,なか,1,名,交情，关系,Class9
助け合う,たすけあう,4,他五,互相帮助,Class9
混雑,こんざつ,1,名，自サ,混乱，混杂,Class9
目に遭う,めにあう,,组,遇见（倒霉事）,Class9
後ろ,うしろ,0,名,后面,Class9
踏む,ふむ,0,他五,踩，踏,Class9
血,ち,0,名,血,Class9
掏摸,すり,1,名,扒手,Class9
財布,さいふ,0,名,钱包，钱袋,Class9
掏る,する,1,他五,扒窃,Class9
悪者,わるもの,0,名,坏人，坏蛋,Class9
襲う,おそう,2，0,他五,袭击,Class9
口げんか,くちげんか,3,名,吵嘴，吵架,Class9
紙くず,かみくず,3,名,废纸，纸屑,Class9
散らかす,ちらかす,0,他五,乱扔，乱撒,Class9
掃く,はく,1,他五,扫,Class9
生意気,なまいき,0,名，形动,自大，傲慢,Class9
言葉づかい,ことばづかい,4,名,措辞,Class9
乱暴,らんぼう,0,形动,粗暴，粗鲁,Class9
怒る,おこる,2,自五,生气，发怒,Class9
仲直り,なかなおり,3,名，自サ,和好，言归于好,Class9
虐める,いじめる,0,他一,欺负，虐待,Class9
思い出す,おもいだす,0,他五,想起,Class9
騙す,だます,2,他五,欺骗,Class9
殴る,なぐる,2,他五,殴打,Class9
末っ子,すえっこ,0,名,子女中最小的一个,Class9
甘やかす,あまやかす,0,他五,娇纵,Class9
可愛がる,かわいがる,4,他五,疼爱,Class9
高校生,こうこうせい,3,名,高中生,Class9
死ぬ,しぬ,0,自五,死,Class9
暮らし,くらし,0,名,生活,Class9
傷,きず,0,名,伤口,Class9
転ぶ,ころぶ,0,自五,跌倒,Class9
込み合う,こみあう,0,自五,人多拥挤,Class9
サンダル,sandal,0，1,名,凉鞋,Class9
それに,それに,0,接,而且,Class9
大雨,おおあめ,3,名,大雨,Class9
災難,さいなん,3,名,灾难,Class9
まったく,まったく,0,副,完全，简直,Class9
恐い,こわい,2,形,可怕的,Class9
ドライブ,drive,2,名，自サ,开汽车旅行,Class9
ヒッチハイク,hitchhike,4,名,拦车旅行,Class9
二人連れ,ふたりづれ,0,名,二人结伴,Class9
乗せる,のせる,0,他一,让搭乘,Class9
なんと,なんと,1,叹,（表示惊异，赞同）呀，哎呀,Class9
突き付ける,つきつける,4,他一,放在眼前、对着,Class9
有り金,ありがね,2，1,名,现金，现款,Class9
怪しい,あやしい,0，3,形,奇怪的，可疑的,Class9
姥捨,うばすて,0,名,丢弃老太太,Class9
息子,むすこ,0,名,儿子,Class9
背負い,せおい,2,他五,背,Class9
捨てる,すてる,0,他一,扔掉,Class9
何度,なんど,1,名,几次、多少次,Class9
木,き,1,名,树,Class9
枝,えだ,0,名,树枝,Class9
訳,わけ,1,名,原因、理由,Class9
道しるべ（道標）,みちしるべ,3,名,路标,Class9
涙,なみだ,1,名,眼泪,Class9
昔話,むかしばなし,4,名,传说、故事,Class9
貧しい,まずしい,3,形,贫穷,Class9
百姓,ひゃくしょう,3,名,农民、百姓,Class9
風習,ふうしゅう,0,名,风俗、习惯,Class9
扶養,ふよう,0,名，他サ,抚养,Class9
似る,にる,0,自一,像、似,Class9
楢山節考,ならやまぶしこう,0,专,（小说名）,Class9
戦後,せんご,0，1,名,战后,Class9
遂げる,とげる,2，3,他一,完成、达到,Class9
関心,かんしん,0,名,关心,Class9
恍惚,こうこつ,0,名，形动,老年神志不清、恍惚,Class9
惚ける,ぼける,2,自一,老年头脑迟钝,Class9
題名,だいめい,0,名,题目、标题,Class9
若者,わかもの,0,名,老年人,Class9
含める,ふくめる,3,他一,包括、包含,Class9
生き甲斐,いきがい,0，3,名,生活的价值,Class9
メーデー,May day,1,名,五一劳动节,Class10
盆栽園,ぼんさいえん,4,名,盆栽园,Class10
植物園,しょくぶつえん,4,名,植物园,Class10
提案,ていあん,0,名，他サ,提案，提议,Class10
賛成,さんせい,0,名，自サ,赞同，赞成,Class10
景色,けしき,1,名,景色,Class10
この間,このあいだ,5，0,名,前些日子,Class10
勧める,すすめる,0,他一,劝，劝告,Class10
つまらない,つまらない,3,形,不值钱，无聊，无意义,Class10
丘,おか,0,名,丘陵，小山,Class10
花壇,かだん,1,名,花坛,Class10
都合がいい,つごうがいい,,组,适合、方便,Class10
どうせ,どうせ,0,副,反正,Class10
仕方が無い,しかたがない,,组,没办法，无济于事,Class10
交差点,こうさてん,3，0,名,交叉点，十字路口,Class10
渡る,わたる,0,自五,渡，过,Class10
トラック,トラック,2,名,卡车,Class10
衝突,しょうとつ,0,名，自サ,撞，冲突,Class10
轢く,ひく,0,他五,轧，压,Class10
まあ,まあ,1,叹,（女性吃惊时）唉,Class10
正門,せいもん,0,名,正门,Class10
揃える,そろえる,3,他一,使…一致 ，备齐,Class10
弁当,べんとう,3,名,盒饭,Class10
四川,しせん,1,专,四川,Class10
大地震,おおじしん,3,名,大地震,Class10
生死,せいし,1,名,生死,Class10
瀬戸際,せとぎわ,0，4,名,紧要关头,Class10
同胞愛,どうほうあい,3,名,同胞之爱,Class10
死者,ししゃ,1,名,死者,Class10
行方不明者,ゆくえふめいしゃ,5,名,下落不明者,Class10
約,やく,1,名,大约,Class10
負傷者,ふしょうしゃ,2,名,受伤者,Class10
被害,ひがい,1,名,受害、损失,Class10
不意,ふい,1,名，形动,意外、想不到,Class10
発生,はっせい,0,名，自サ,发生,Class10
現地,げんち,1,名,当地,Class10
多大,ただい,0,形动,很大的、极大的,Class10
損失,そんしつ,0,名，自サ,损失,Class10
苦難,くなん,1，0,名,苦难,Class10
もたらす,もたらす,3,他五,带来,Class10
悲劇,ひげき,1,名,悲剧,Class10
数々,かずかず,1,名,多数、种种,Class10
揺さぶる,ゆさぶる,0,他五,摇动、震撼,Class10
物語,ものがたり,3,名,故事,Class10
冷たい,つめたい,0,行,冷的；冷淡的,Class10
降り続く,ふりつづく,0，4,自五,一直在下,Class10
切り裂く,きりさく,3,他五,劈开、撕裂,Class10
救急車,きゅうきゅうしゃ,3,名,救护车,Class10
サイレン,siren,1,名,警笛,Class10
鳴り響く,なりひびく,4,自五,响彻,Class10
運ぶ,はこぶ,0,他五,搬运,Class10
倒壊,とうかい,0,名，自サ,（建筑物）倒塌,Class10
救出,きゅうしゅつ,0,名，他サ,救出,Class10
生徒,せいと,1,名,中小学生,Class10
姪,めい,0，1,名,侄女,Class10
もしも,もしも,0,副,假使，万一,Class10
身を挺する,みをていする,,组,挺身而出,Class10
かばう,かばう,2,他五,庇护、袒护,Class10
発見,はっけん,0,名，他サ,发现,Class10
両腕,りょううで,0,名,两臂,Class10
広げる,ひろげる,0,他一,扩大；展开,Class10
打つ伏せる,うつぶせる,4,他一,脸朝下；俯,Class10
無事,ぶじ,0,名，形动,平安无事,Class10
打つ,うつ,1,他五,打,Class10
亡くなる,なくなる,0,自五,去世,Class10
救助隊員,きょうじょたいいん,4,名,救援队员,Class10
様子,ようす,0,名,样子,Class10
振り返る,ふりかえる,3,他五,回头看；回忆；回顾,Class10
妻,つま,1,名,妻子,Class10
夫,おっと,0,名,丈夫,Class10
土,つち,2,名,土,Class10
拭う,ぬぐう,2，0,他五,擦拭、擦去,Class10
乱れる,みだれる,3,自一,乱,Class10
髪,かみ,2,名,头发,Class10
整える,ととのえる,3，4,他一,整理,Class10
主人,しゅじん,1,名,丈夫,Class10
娘,むすめ,3,名,女儿,Class10
洗顔,せんがん,0,名，自サ,洗脸,Class10
着替え,きがえ,0,名,换衣服、更衣,Class10
早々と,そうそうと,0,副,早早地,Class10
すすり泣く,すすりなく,4，0,自五,抽抽搭搭地哭,Class10
もはや,もはや,1,副,已经,Class10
その場,そのば,0，3,名,当场；就地；现场,Class10
のっとる,のっとる,3,自五,按照、遵守,Class10
爆竹,ばくちく,0,名,爆竹,Class10
鳴らす,ならす,0,他五,发出声响,Class10
安らか,やすらか,2,形动,安详地,Class10
読書,どくしょ,0，1,名,看书,Class11
返す,かえす,1,他五,归还，送回（原处）,Class11
山本,やまもと,0,专,山本（姓氏）,Class11
らしい,らしい,0,接尾,像…似的，像…样子,Class11
発想,はっそう,0,名,构思，表达,Class11
視点,してん,0，2,名,角度，视点，观点,Class11
かかわり,かかわり,0,名,有关，有瓜葛,Class11
数日,すうじつ,0,名,数日,Class11
愛読書,あいどくしょ,4,名,爱读的书,Class11
吾輩は猫である,わがはいはねこである,,专,(作品名）,Class11
やっぱり,やっぱり,3,副,やはり的口语形,Class11
語学,ごがく,1，0,名,语言学，外语,Class11
文学,ぶんがく,1,名,文学,Class11
冊,さつ,,接尾,本，册,Class11
貸出し,かしだし,0,名,出借,Class11
期間,きかん,2,名,期间，期限,Class11
再来週,さらいしゅう,0,名,下下星期,Class11
作品,さくひん,0,名,作品,Class11
作家,さっか,1,名,作家,Class11
夏目漱石,なつめそうせき,4,专,（作家名）,Class11
嘗て,かつて,1,副,曾经,Class11
文化的,ぶんかてき,0,形动,有文化（的）；有教养（的）,Class11
求める,もとめる,3,他一,追求；寻求；征求,Class11
唯一,ゆいいつ,1,名,独一、唯一,Class11
教養,きょうよう,0,名,教养,Class11
暇つぶし,ひまつぶし,3，5,名,消磨时间,Class11
漫画,マンガ,0,名,漫画,Class11
機能,きのう,1，0,名,机能,Class11
メディア,media,1,名,手段；媒体,Class11
譲る,ゆずる,0,他五,转让；让步；出让,Class11
なお,なお,1,副,仍然；再；还,Class11
即ち,すなわち,2,接,即、换言之；即是,Class11
作用,さよう,1,名，自サ,作用,Class11
物知り,ものしり,3，4,名,博学多识,Class11
問いかけ,といかけ,0,名,提问,Class11
弱い,よわい,2,形,弱的,Class11
人生,じんせい,1,名,人生,Class11
位置づける,いちづける,4,他一,放在……位置上,Class11
形式,けいしき,0,名,形式,Class12
短い,みじかい,3,形,短，简短，（时间）短少,Class12
作文,さくぶん,0,名,作文,Class12
筆記試験,ひつきしけん,5,名,笔试,Class12
口頭試験,こうとうしけん,0,名,口试,Class12
短文,たんぶん,0,名,短句,Class12
冗談,じょうだん,3,名,笑话，玩笑,Class12
笑う,わらう,0,自五,笑,Class12
眠い,ねむい,0,形,困倦，想睡觉,Class12
夕べ,ゆうべ,3,名,昨晚,Class12
今まで,いままで,3,副,迄今,Class12
文型,ぶんけい,0,名,句型,Class12
整理,せいり,1,名，他サ,整理,Class12
だいぶ,だいぶ,0,副,相当：（数量）不少,Class12
怠ける,なまける,3,他一,偷懒，懒惰,Class12
いたずら,いたずら,0,副，名,淘气，恶作剧,Class12
断る,ことわる,3,他五,预先打招呼，拒绝,Class12
字,じ,1,名,字,Class12
感動,かんどう,0,名，自サ,感动,Class12
黒板,こくばん,0,名,黑板,Class12
例,れい,1,名,例子,Class12
いらっしゃる,いらっしゃる,4,自五,行く，来る，いる的敬语,Class12
繰り返す,くりかえす,0，3,他五,反复,Class12
同時に,どうじに,1，0,副,同时,Class12
真似,まね,0,名,仿效，模仿,Class12
焦る,あせる,2,自五,焦急，着急,Class12
実物,じつぶつ,0,名,食物,Class12
訳す,やくす,2,他五,翻译,Class12
そのかわり,そのかわり,0,接尾,代替前者，作为补偿,Class12
問い,とい,0,名,提问，问题,Class12
口,くち,0,名,嘴,Class12
紙,かみ,2,名,纸,Class12
可笑しい,おかしい,3,形,可笑，失常,Class12
女子学生,じょしがくせい,3,名,女学生,Class12
泣く,なく,0,自五,哭泣,Class12
習得,しゅうとく,0,名，他サ,学习；学会,Class12
上達,じょうたつ,0,名，自サ,进步；长进,Class12
コミュニケーション,communication,4,名,（语言）交流、沟通,Class12
積み重ねる,つみかさねる,5,他一,不断积累,Class12
比喩,ひゆ,1,名,比喻,Class12
構造,こうぞう,0,名,构造,Class12
原理,げんり,1,名,原理,Class12
無駄,むだ,0,形动,徒劳的、白费的,Class12
ともかく,ともかく,1,副,姑且不说；总之,Class12
サドル,saddle,0,名,（自行车等）车座,Class12
跨る,またがる,3,自五,跨；横跨,Class12
ペダル,pedal,0,名,（自行车）脚踏板,Class12
条件,じょうけん,3,名,条件,Class12
つける,つける,2,他一,附加,Class12
不可欠,ふかけつ,2,名，形动,不可缺少的,Class12
大幅,おおはば,0，4,名,大幅度,Class12
容易,ようい,0,形动,容易,Class12
敬語,けいご,0,名,敬语,Class13
目覚める,めざめる,3,自一,睡醒，觉醒,Class13
目を通す,めをとおす,1,组,浏览，过目,Class13
スクールバス,school bus,5,名,校车,Class13
出勤,しゅっきん,0,名，自サ,上班,Class13
教員室,きょういんしつ,0,名,教员室,Class13
ジャーナル,journal,1,名,期刊,Class13
載る,のる,0,自五,登载,Class13
太極拳,たいきょくけん,4,名,太极拳,Class13
社説,しゃせつ,0,名,社论,Class13
重要,じゅうよう,0,形动,重要的,Class13
記事,きじ,1,名,新闻，报道,Class13
じっくり,じっくり,3,副，自サ,定定心心地，仔细地,Class13
お宅,おたく,0,名,府上,Class13
新聞を取る,しんぶんをとる,,组,订报,Class13
人民日報,じんみんにっぽう,5,专,人民日报（报纸名）,Class13
チャイナデーリー,China Daily,4,专,中国日报,Class13
散散,さんざん,0,副，形动,狼狈，糟糕透顶,Class13
合わせる,あわせる,3,他一,合、并；加在一起,Class13
遅刻,ちこく,0,名，自サ,迟到,Class13
台,だい,1,接尾,…辆、…台,Class13
お茶を入れる,おちゃをいれる,,组,沏茶,Class13
相手,あいて,3,名,伙伴；对手,Class13
目上,めうえ,0，3,名,长辈、上司,Class13
話題,わだい,0,名,话题,Class13
型,かた,2,名,样式；惯例,Class13
敬意,けいい,1,名,敬意,Class13
程度,ていど,1，0,名,程度,Class13
尊敬語,そんけいご,0,名,尊敬语,Class13
謙譲語,けんじょうご,0,名,谦让语,Class13
区別,くべつ,1,名，他サ,区别；差异,Class13
聞き手,ききて,0,名,听者；听众,Class13
話して,はなして,0，4,名,说话的人,Class13
第何号,だいなんごう,1,名,第几期,Class13
以上,いきょう,1,名,以上,Class13
なるべく,なるべく,0，3,副,尽可能,Class13
あす,あす,2,名,明天,Class13
申し訳ない,もうしわけない,,组,实在抱歉,Class13
丁寧語,ていねいご,0,名,恭敬语、郑重语,Class13
対する,たいする,3,自サ,对于,Class13
属する,ぞくする,3,自サ,属于,Class13
行為,こうい,1,名,行为,Class13
状態,じょうたい,0,名,状态,Class13
用いる,もちいる,0，3,他一,使用；采用,Class13
自分自身,じぶんじしん,4,名,自己,Class13
身近,みぢか,0,形动,切身；身边,Class13
仲間,なかま,3,名,伙伴、同伴,Class13
謙遜,けんそん,0,名，他サ,自谦、谦逊,Class13
取り違える,とりちがえる,0，5,他一,拿错了、理解错了,Class13
言い表す,いいあらわす,5,他五,表达、陈述,Class13
物事,ものごと,2,名,事物、事情,Class13
上品,じょうひん,3,形动,高雅的,Class13
使い分ける,つかいわける,5,他一,分别使用；适当地使用,Class13
平和,へいわ,0,名,和平,Class14
予約,よやく,0,名，他サ,预约,Class14
間も無く,まもなく,2,副,不久,Class14
町並,まちなみ,0,名,街上房屋的排列情况,Class14
びっくり,びっくり,3,副，自サ,吃惊，下一跳,Class14
フロント,front,0,名,饭店服务台、前台,Class14
ござる,ござる,2,自五,ある，いる的郑重语,Class14
宿泊,しゅくはく,0,名，自サ,住宿,Class14
ツイン,twin,1,名,双人房,Class14
調べる,しらべる,3,他一,调查，查找,Class14
田中秀雄,たなかひでお,,专,人名,Class14
貿易,ぼうえき,0,名，自サ,贸易,Class14
ゼロ,zero,1,名,零,Class14
空港,くうこう,0,名,机场,Class14
出迎える,でむかえる,0，3,他一,迎接,Class14
ようこそいらっしゃいました,ようこそいらっしゃいました,,寒暄语,（寒暄语）欢迎光临,Class14
来訪,らいほう,0,名，自サ,来访,Class14
手数をかける,てすうをかける,,组,添麻烦,Class14
参る,まいる,1,自五,行く，来る的自谦语,Class14
さぞ,さぞ,1,副,想必，谅必,Class14
好天,こうてん,0，3,名,好天气,Class14
恵まれる,めぐまれる,0，4,自一,富有,Class14
快適,かいてき,0,形动,舒适，舒服,Class14
何より,なにより,0,组，副,比什么（都好）,Class14
おっしゃる,おっしゃる,3,他五,言う的尊敬语,Class14
数年,すうねん,0,名,数年，几年,Class14
方角,ほうがく,0,名,方向，方位,Class14
当たる,あたる,0,自五,相当于,Class14
向かう,むかう,0,自五,向着，朝着，住…去,Class14
走る,はしる,2,自五,跑，奔，行驶,Class14
スピード,speed,2，0,名,速度,Class14
高層ビル,こうそうビル,0,名,高楼,Class14
政策,せいさく,0,名,政策,Class14
基づく,もとづく,3,自五,基于，起因于,Class14
市,し,1,名,市,Class14
メーンストリート,main street,6,名,繁华街，主要街道,Class14
大道,だいどう,0，3,名,大道,Class14
両側,りょうがわ,0,名,两侧,Class14
シャンハイ・センタービル,シャンハイセンタービル,5,专,上海中心大厦,Class14
人込み,ひとこみ,0,名,杂沓的人群,Class14
中心地,ちゅうしんち,3,名,中心地带,Class14
左手,ひだりて,0,名,左边，左手,Class14
見える,みえる,2,自一,看到，看得见,Class14
右手,みぎて,0,名,右边，右手,Class14
トンネル,tunnel,0,名,隧道,Class14
タワー,tower,1,名,塔,Class14
オリエント・パール,Orient Pearl,6,专,东方明珠,Class14
東方,とうほう,0,名,东方,Class14
目覚しい,めざましい,4,形动,惊人的，异常显著,Class14
真珠,しんじゅ,0,名,明珠,Class14
一流,いちりゅう,0,名,一流,Class14
近代的,きんだいてき,0,形动,近代的,Class14
只今,ただいま,2,副,现在，刚刚，马上,Class14
パスポート,passport,3,名,护照,Class14
寛ぐ,くつろぐ,3,自五,轻松的休息，惬意,Class14
後程,のちほど,0,副,回头，过一会儿,Class14
拝啓,はいけい,1,名,（书信用语）敬启,Class14
さて,さて,1,接,（用于转话题）那么、且说,Class14
此の度,このたび,2,名,这次、此次,Class14
入試,にゅうし,0，1,名,升学考试,Class14
合格,ごうかく,0,名，自サ,合格、及格,Class14
決まる,きまる,0,自五,决定,Class14
以来,いらい,1,名,以来,Class14
気がかり,きがかり,2,形动,挂念、担心,Class14
これほど,これほど,0,副,这种程度,Class14
心構え,こころがまえ,4,名,精神准备、思想准备,Class14
感謝,かんしゃ,1,名，自サ,感谢,Class14
更に,さらに,1,副,更加、重新,Class14
申し上げる,もうしあげる,0，5,他一,「いう」的自谦语,Class14
末筆ながら,まっぴつながら,0,组,（书信结尾用语）顺……,Class14
報告,ほうこく,0,名，他サ,报告,Class14
敬具,けいぐ,1,名,敬启,Class14
実習,じっしゅう,0,名，他サ,学习，见习,Class15
学科,がっか,0,名,学科,Class15
面接,めんせつ,0,名，自サ,面试,Class15
応対,おうたい,0,名，自サ,应酬，接待,Class15
社外,しゃがい,1,名,（公司外部的）人,Class15
社内,しゃない,1,名,（公司内部的）人,Class15
敬称,けいしょう,0,名,敬称,Class15
基本的,きほんてき,0,形动,基本的,Class15
復唱,ふくしょう,0,名，他サ,复述,Class15
確認,かくにん,0,名，他サ,证实，确认,Class15
用件,ようけん,3，0,名,（应办的）事，事情的内容,Class15
名指し,なざし,0,名,指明,Class15
座る,すわる,0,自五,坐,Class15
万建,まんけん,1,专,万建（人名）,Class15
接待,せったい,1,名，他サ,接待，招待,Class15
事務,じむ,1,名,事务,Class15
優れる,すぐれる,3,自一,优秀的,Class15
引き続き,ひきつづき,0,副,继续，接着,Class15
検討,けんとう,0,名，他サ,研讨，讨论,Class15
来客,らいきゃく,0,名,来客,Class15
三井,みつい,1,专,三井（公司名）,Class15
物産,ぶっさん,0,名,物产,Class15
野村,のむら,0,专,野村（公司名）,Class15
営業部,えいぎょうぶ,3,名,营业部,Class15
実習生,じっしゅうせい,3,名,实习生,Class15
応接室,おうせつしつ,4,名,会客室，接待室,Class15
越す,こす,0,自五,来，去的敬语,Class15
上座,かみざ,0,名,上席，上座,Class15
示す,しめす,0,他五,表示，出示,Class15
三菱,みつびし,2,专,三菱（公司名）,Class15
商事,しょうじ,1,名,商事，商名,Class15
住友,すみとも,0,专,住友（公司名）,Class15
中村,なかむら,0,专,中村（姓氏）,Class15
繋ぐ,つなぐ,0,他五,拴，系，接上,Class15
席をはずす,せきをはずす,0,组,离开座位，,Class15
予定,よてい,0,名，他サ,预定,Class15
差し支え,さしつかえ,0,名,不方便，防碍,Class15
代わり,かわり,0,名,代替，补偿,Class15
承る,うけたまわる,0，5,他五,聞く，受ける的谦虚让语,Class15
伝言,でんごん,0，3,名，他サ,带口信,Class15
内線,ないせん,0,名,内线,Class15
三洋電気,さんようでんき,5,专,三洋电器（公司名）,Class15
西村,にしむら,0,专,西村（姓氏）,Class15
ども,ども,1,接尾,（接在第一人称下）表自谦,Class15
新製品,しんせいひん,3,名,新产品,Class15
開発,かいはつ,0,名，他サ,开发，研制,Class15
先ほど,さきほど,0,名，副,方才、刚才,Class15
部分,部分,1,名,部分,Class15
共同体,きょうどうたい,0,名,共同体,Class15
上司,じょうし,1,名,上司,Class15
同僚,どうりょう,0,名,同事,Class15
ストレス,stress,2,名,精神紧张,Class15
解消,かいしょう,0,名，自他サ,解除、消除,Class15
スムーズ,smooth,2,形动,顺利、流畅,Class15
結果的,けっかてき,5,形动,从结果来看,Class15
日本的,にほんてき,0,形动,日本式的,Class15
何れ,いずれ,0,副,改日、不久,Class15
遠回し,とおまわし,3，0,名,拐弯抹角、绕弯儿,Class15
付き合う,つきあう,3,自五,交往、作陪,Class15
本音,ほんね,0,名,真心话,Class15
語り合う,かたりあう,4,他五,交谈,Class15
見物,けんぶつ,0,名，他サ,游览，观察,Class16
研修,けんしゅう,0,名，他サ,进修,Class16
小島,こじま,0,专,小岛（姓氏）,Class16
教育,きょういく,0,名，他サ,教育,Class16
分野,ぶんや,1,名,领域,Class16
真ん中,まんなか,0,名,正中央,Class16
皇居,こうきょ,1,名,皇宫,Class16
市街,しがい,1,名,市区，繁华街道,Class16
蜘蛛,くも,1,名,蜘蛛,Class16
巣,す,0，1,名,巢，窝,Class16
広がる,ひろがる,0,自五,蔓延，扩大,Class16
霞ヶ関,かすみがせき,4,专,霞关（地名）,Class16
丸の内,まるのうち,3,专,丸之内（地名）,Class16
銀座,ぎんざ,0,专,银座（地名）,Class16
都心,としん,0,名,东京都的中心地带，都市中心,Class16
官庁,かんちょう,1，0,名,官厅,Class16
立ち並ぶ,たちならぶ,0,自五,排列，匹敌,Class16
一方,いっぽう,3,名,另一方面,Class16
新宿,しんじゅく,0,专,新宿（地名）,Class16
渋谷,しぶや,0,专,涩谷（地名）,Class16
池袋,いけぶくろ,3,专,池袋（地名）,Class16
副都心,ふくとしん,3,专,大城市的副中心区,Class16
娯楽,ごらく,0,名,娱乐,Class16
栄える,さかえる,3,自一,兴旺，繁华,Class16
浅草,あさくさ,0,名,浅草(地名）,Class16
庶民,しょみん,1,专,平民，群众,Class16
下町,したまち,0,名,近海临河小工商业者集居区,Class16
雰囲気,ふんいき,3,名,气氛,Class16
溢れる,あふれる,3,自一,溢出，漾出,Class16
親しむ,したしむ,3,自五,喜好，亲近,Class16
首都,しゅと,2，1,名,首都,Class16
東京都,とうきょうと,3,专,东京都（城市名）,Class16
面積,めんせき,1,名,面积,Class16
平方,へいほう,1，0,名,平方,Class16
大都市,だいとし,3,名,大都市,Class16
人口,じんこう,0,名,人口,Class16
全体,ぜんたい,1,名,全体，整体,Class16
比べる,くらべる,0,他一,比，比较,Class16
区,く,1,名,（行政区划）区,Class16
周辺,しゅうへん,0，1,名,周围，四周,Class16
広場,ひろば,1，2,名,广场,Class16
散歩道,さんぽみち,3,名,步行道,Class16
一週,いっしゅう,0,名，他サ,一周,Class16
バレボールー,volleyball,4,名,排球,Class16
役所,やくしょ,3,名,官厅，政府机关,Class16
マラソン,marathon,0,名,马拉松,Class16
国内外,こくないがい,3,名,国内外,Class16
団体,だんたい,0,名,团体,Class16
観光バス,かんこうバス,5,专,游览客车,Class16
一年中,いちねんじゅう,0,名,一年中,Class16
観光客,かんこうきゃく,3,名,游览者，游客,Class16
緑,みどり,1,名,绿色,Class16
江戸城,えどじょう,2,专,江户城,Class16
一部,いちぶ,2,名,一部分,Class16
後,あと,1,名,其余的事、后事,Class16
石造り,いしづくり,3,名,石造的,Class16
国会議事堂,こっかいぎじどう,0，6,名,国会议事堂,Class16
スカイツリー,sky tree,5,名,参天大树,Class16
…通り,…どおり,,接尾,表示街名,Class16
特色,とくしょく,0,名,特色,Class16
一体,いったい,0,副,究竟，到底,Class16
豊富,ほうふ,1，0,名，形动,丰富,Class16
それなら,それなら,3,接,要是那样的话,Class16
天国,てんごく,1,名,乐园，天堂,Class16
遊び場,あそびば,0,名,游戏场,Class16
楽しめる,たのしめる,4,自一,能享受，能欣赏,Class16
歩行者,ほこうしゃ,2,名,步行者,Class16
通行止め,つうこうどめ,0,名,禁止通行,Class16
露店,ろてん,0,名,摊贩，摊床,Class16
わあ,わあ,1,叹,（感到意外或吃惊）呀，哎呀,Class16
都庁舎,とちょうしゃ,2,名,东京都政府大厦,Class16
移す,うつす,2,他五,移，搬，迁,Class16
集中,しゅうちゅう,0,名，自他サ,集中,Class16
防ぐ,ふせぐ,2,他五,防止，防备,Class16
並ぶ,ならぶ,0,自五,排列成（行，列）,Class16
残る,のこる,2,自五,剩余，残留,Class16
囲む,かこむ,0,他五,围、包围,Class16
山城,やまじろ,0,名,山城,Class16
鴨川,かもがわ,0,专,鸭川（河流名）,Class16
四季,しき,1，2,名,四季,Class16
映す,うつす,2,他五,映、照,Class16
合流,ごうりゅう,0,名，自サ,汇合；合并,Class16
大阪湾,おおさかわん,4,专,大阪湾（海湾名）,Class16
注ぐ,そそぐ,0，2,自他五,流入、注入,Class16
盆地,ぼんち,0,名,盆地,Class16
蒸し暑い,むしあつい,4,形,闷热,Class16
底冷え,そこびえ,0,名,寒冷彻骨,Class16
山紫水明,さんしすいめい,1,名,山清水秀,Class16
地,ち,1,名,地方,Class16
自然美,しぜんび,2,名,自然美,Class16
抜群,ばつぐん,0,名,超群、出众,Class16
やってくる,やってくる,4,自カ,来、来到,Class16
土地,とち,0,名,土地,Class16
祇園祭り,ぎおんまつり,4,专,京都八坂神社的庙会,Class16
西陣織,にしじんおり,0,专,京都西阵产的纺织品,Class16
伝統,でんとう,0,名,传统,Class16
響き,ひびき,3,名,听到时的感觉；回声,Class16
薄味,うすあじ,0,名,味道清淡,Class16
京料理,きようりょうり,3,名,京都菜,Class16
都,みやこ,0,名,首都、京都,Class16
洗練,せんれん,0,名，他サ,历练；考究,Class16
研修生,けんしゅうせい,3,名,进修生,Class17
一環,いっかん,0,名,一环，一部分,Class17
作業,さぎょう,0,名，自他サ,工作，作业,Class17
現場,げんば,0,名,现场,Class17
建てる,たてる,2,他一,盖，建立,Class17
ボディー,body,1,名,车体，机身,Class17
関連,かんれん,0,名,关连,Class17
能率的,のうりつてき,0,形动,有效的,Class17
ロボット,robot,2,名,机器人,Class17
生産,せいさん,0,名，他サ,生产,Class17
ライン,line,1,名,线,Class17
コントロール,control,4,名，他サ,控制,Class17
自動化,じどうか,0,名，他サ,自动化,Class17
危険,きけん,0,名，形动,危险,Class17
生産量,せいさんりょう,3,名,产量,Class17
輸出,ゆしゅつ,0,名，他サ,输出，出口,Class17
杉村,すぎむら,2,专,杉村（姓氏）,Class17
スケジュール,schedule,2，3,名,日程表，时间表,Class17
タイヤ,tire,0，1,名,轮胎,Class17
エンジン,engine,1,名,引擎，发动机,Class17
ら,ら,,接尾,（表示复数）们,Class17
先進的,せんしんてき,0,形动,先进的,Class17
設備,せつび,1,名,设备,Class17
取り入れる,とりいれる,0,他一,吸收，吸取,Class17
敷地,しきち,0,名,占地，用地,Class17
仕組み,しくみ,0,名,结构，构造,Class17
職場,しょくば,3，0,名,车间,Class17
事務所,じむしょ,2,名,事务所,Class17
コンピューター・ルーム,computer room,7,名,计算机室,Class17
オートコントロール,auto control,1,名，他サ,自控,Class17
御覧,ごらん,0,名,（敬语）看，观赏,Class17
溶接,ようせつ,0,名，他サ,焊接，熔接,Class17
生き物,いきもの,2，3,名,有生命的东西，活物,Class17
名前をつける,なまえをつける,,组,起名字,Class17
桃太郎,ももたろう,2,名,桃太郎,Class17
ブレーキ,brake,2,名,刹车,Class17
性能,せいのう,0,名,性能，效能,Class17
シャワー,shower,1,名,骤雨，淋浴,Class17
テスト,test,1,名，他サ,试验，检查，考试,Class17
ヨーロッパ,Europa 葡,3,名,欧洲,Class17
国国,くにぐに,2,名,各国,Class17
総額,そうがく,0，1,名,总金额,Class17
パーセント,パーセント,3,名,百分之…,Class17
占める,しめる,2,他五,占，占有,Class17
国産,こくさん,0,名,国产,Class17
ベルトコンベヤー,ｂelt conveyor,6,名,传送带,Class17
運ぶ,はこぶ,0,他五,运送，搬送,Class17
正確,せいかく,0,名，形动,正确,Class17
ミス,miss,1,名,错误,Class17
手順,てじゅん,0,名,（工作）步骤，程序,Class17
すると,すると,0,接尾,于是就，那么说来,Class17
記憶,きおく,0,名，他サ,记忆,Class17
インプット,input,3,名,（计算机）输入信号,Class17
気が散る,きがちる,0,组,注意力不集中,Class17
全,ぜん,1,名,整个，全部,Class17
恐らく,おそらく,2,副,也许，恐怕,Class17
人減らし,ひとべらし,0，3,名,裁员，减员,Class17
取り組む,とりくむ,0，3,自五,致力，与…比赛,Class17
導入,どうにゅう,0,名，他サ,引进；导入,Class17
経営者,けいえいしゃ,3,名,经营者,Class17
コスト,cost,1,名,成本,Class17
下がる,さがる,2,自五,下降,Class17
言い付ける,いいつける,4,他一,吩咐,Class17
如何に,いかに,2,副,如何、怎样,Class17
忠実,ちゅうじつ,0,形动,忠实,Class17
効果的,こうかてき,0,形动,有成效的,Class17
手加減,てかげん,2,名，自他サ,（处理事情）酌情；适度,Class17
腕,うで,2,名,胳膊；技能,Class17
挟む,はさむ,2,他五,夹,Class17
作業員,さぎょういん,2,名,操作员、作业员,Class17
電磁波,でんじは,3,名,电磁波、电波,Class17
暴走,ぼうそう,9,名，自サ,狂奔；鲁莽从事,Class17
死亡,しぼう,0,名，自サ,死亡,Class17
起こす,おこす,2,他五,引起；扶起；叫醒,Class17
企業,きぎょう,1,名,企业,Class17
内,ない,1,接尾,内部,Class17
配置転換,はいちてんかん,4,名,调配、调动（工作）,Class17
余剰,よじょう,0,名,剩余,Class17
人員,じんいん,0,名,人员,Class17
生じる,しょうじる,0，3,自一,发生，产生,Class17
失業,しつぎょう,0,名，自サ,失业,Class17
より,より,1,副,更,Class18
訪日,ほうにち,0,名,访日,Class18
松本,まつもと,0,专,松本（姓氏）,Class18
電力,でんりょく,1，0,名,电力、电,Class18
給料,きゅうりょう,1,名,工资,Class18
奥さん,おくさん,1,名,夫人，太太,Class18
パート,part,1,名,零工,Class18
冷蔵庫,れいぞうこ,3,名,冰箱,Class18
物価,ぶっか,0,名,物价,Class18
年年,ねんねん,0,副,每年，逐年,Class18
上がる,あがる,0,自五,涨（价；（从上往下）登,Class18
収入,しゅうにゅう,0,名,收入,Class18
追い付く,おいつく,3,自五,追上，赶上,Class18
住宅,じゅうたく,0,名,住宅,Class18
ちょっとした,ちょっとした,0，1,连体,相当，尚可,Class18
マンション,mansion,1,名,高级公寓,Class18
安月給,やすげっきゅう,3,名,低工资，工薪低,Class18
月月,つきづき,2,名，副,月月，每月,Class18
ローン,loan,1,名,贷款，借款,Class18
支払う,しはらう,3,他五,支付，付款,Class18
暴騰,ぼうとう,0,名，自サ,（物价等）暴涨,Class18
アパート,apart,2,名,公寓,Class18
家賃,やちん,1,名,房租,Class18
マイホーム,my home,3,名,自己的房子，私房,Class18
高嶺の花,たかねのはな,0,惯,高不可攀,Class18
玄関,げんかん,1,名,大门，正门,Class18
お子さん,おこさん,0,名,令郎，令爱,Class18
税金,ぜいきん,0,名,税款,Class18
保険料,ほけんりょう,2,名,保险费,Class18
天引き,てんびき,0,名，他サ,先行扣除,Class18
手取り,てどり,3,名,实际到手的收入,Class18
家内,かない,1,名,妻子，内人,Class18
貯金,ちょきん,0,名，自他サ,存款，储蓄,Class18
老後,ろうご,0，1,名,老后,Class18
超える,こえる,0,自一,超过,Class18
年収,ねんしゅう,0,名,年收入,Class18
以下,いか,1,名,以下,Class18
金持ち,かねもち,4，3,名,有钱人,Class18
むしろ,むしろ,1,副,倒不如说,Class18
小遣い,こづかい,1,名,零花钱,Class18
床屋,とこや,3,名,理发店，理发师,Class18
家計,かけい,0,名,家计，家中收支情况,Class18
いろいろと,いろいろと,0,副,种种，各种各样,Class18
工夫,くふう,0,名，他サ,设法，想办法,Class18
狭い,せまい,2,形动,狭小,Class18
来年,らいねん,0,名,明年,Class18
住まい,すまい,2,名,住宅，住址,Class18
決心,けっしん,1，3,名，自サ,决心,Class18
大金,たいきん,0,名,巨款,Class18
分譲,ぶんじょう,0,名，他サ,分开出售，售出一部分,Class18
つき,つき,,接尾,带，附带,Class18
一部屋,ひとへや,2,名,一套住房,Class18
地獄,じごく,3,名,地狱,Class18
地価,ちか,2,名,地价,Class18
坪,つぼ,0,名,坪（约合3.3平方米）,Class18
億,おく,1,名,亿,Class18
持ち家,もちいえ,2,名,个人私有房产,Class18
割合,わりあい,0,名,比例,Class18
自営業,じえいぎょう,2,名,独自经营,Class18
世帯,せたい,2，1,名,户，(自立门户的)家庭,Class18
半数,はんすう,3,名,半数,Class18
軒,けん,2,名,（表示房屋数量）所,Class18
倍,ばい,1，0,名,倍，加倍,Class18
借家,しゃくや,0,名,租（借）的房子,Class18
衣,い,1,名,衣,Class18
食,しょく,0,名,食,Class18
住,じゅう,1,名,住,Class18
面,めん,1,名,方面,Class18
改善,かいぜん,0,名，他サ,改进，改善,Class18
金融,きんゆう,0,名,金融,Class18
危機,きき,1，2,名,危机,Class18
株価,かぶか,2，0,名,骨架,Class18
大暴落,だいぼうらく,3,名，自サ,大暴跌,Class18
報道,ほうどう,0,名，他サ,报道,Class18
まさに,まさに,1,副,将要、马上；的确、确实,Class18
進める,すすめる,0,他一,向前移动、向前进,Class18
見合わせる,みあわせる,4，0,他一,互相看、对视；推迟、暂缓,Class18
ぶつかる,ぶつかる,0,自五,撞上；遇到、碰到,Class18
国民総生産,こくみんそうせいさん,7,名,国民生产总值,Class18
兆円,ちょうえん,,接尾,……兆日元,Class18
割,わり,,接尾,……成；……折,Class18
弱,じゃく,,接尾,不足、弱,Class18
一国,いっこく,4，0,名,一国,Class18
依存,いぞん,0,名，自サ,依存；依赖,Class18
誇張,こちょう,0,名，他サ,夸张,Class18
一人当たり,ひとりあたり,4,组,平均每个人,Class18
置き換える,おきかえる,3，4,他一,置换、调换,Class18
後退,こうたい,0,名，自サ,后退、衰退,Class18
国際,こくさい,0,名,国际,Class18
競争力,きょうそうりょく,3,名,竞争力,Class18
大国,たいこく,0,名,大国,Class18
状況,じょうきょう,0,名,状况,Class18
今回,こんかい,1,名,这次,Class18
支える,ささえる,0，3,他一,支撑；维持,Class18
欧州,おうしゅう,1,专,欧洲,Class18
消費,しょうひ,0，1,名，他サ,消费,Class18
低迷,ていめい,0,名，自他サ,减少,Class18
減少,げんしょう,0,名，自他サ,减少,Class18
引きずる,ひきずる,0,他五,拖、拽；拖累,Class18
金利,きんり,0，1,名,利息；利率,Class18
必然的,ひつぜんてき,0,形动,必然的,Class18
景気,けいき,0,名,景气,Class18
落ち着く,おちつく,0,自五,稳定下来、平静下来,Class18
悩む,なやむ,2,自五,苦恼,Class18
ブログ,blog,0,名,博客,Class18
歌舞伎,かぶき,0,名,歌舞伎,Class19
相撲,すもう,0,名,相扑,Class19
芸能,げいのう,0,名,文艺,Class19
決まり,きまり,0,名,规定，贯例,Class19
役者,やくしゃ,0,名,演员,Class19
演劇,えんげき,0,名,演剧，戏剧,Class19
国技,こくぎ,1，2,名,国技,Class19
勝負,しょうぶ,1,名,胜负，输赢,Class19
行司,ぎょうじ,3，0,名,相扑裁判员,Class19
判定,はんてい,0,名，他サ,判定，判断,Class19
地位,ちい,1,名,地位,Class19
負ける,まける,0,自一,输，败，负,Class19
小林,こばやし,0,专,小林（姓氏）,Class19
養子,ようし,0,名,养子,Class19
観客,かんきゃく,0,名,观众,Class19
イヤホーン,earphone,3,名,耳机,Class19
解説,かいせつ,0,名，他サ,讲解，解说,Class19
幕,まく,2,名,幕,Class19
舞台,ぶたい,1,名,舞台,Class19
下座,しもざ,0,名,下座，末席,Class19
伴奏,ばんそう,0,名，自サ,伴奏,Class19
演奏,えんそう,0,名，他サ,演奏,Class19
進行,しんこう,0,名，自他サ,进行，前进，进展,Class19
花道,はなみち,2,名,歌舞伎演员上下场的通道,Class19
観客席,かんきゃくせき,4,名,观众席,Class19
設ける,もうける,3,他一,设置，制定,Class19
出入り,でいり,0，1,名,出入,Class19
間近,まぢか,0,名,跟前，眼前,Class19
場面,ばめん,0,名,场面，场景,Class19
回り舞台,まわりぶたい,4,名,旋转舞台，转台,Class19
素早い,すばやい,3,形,快速，敏捷,Class19
移り変わる,うつりかわる,0,自五,变迁，变化,Class19
隈取り,くまどり,4,名,勾脸谱,Class19
かつら,かつら,0,名,（化妆等用的）假发,Class19
藤川,ふじかわ,2,专,藤川（姓氏）,Class19
欠かす,かかす,0,他五,缺少，缺,Class19
大関,おおぜき,1,名,大关（仅次于{横纲}的称号）,Class19
横綱,よこづな,0,名,横纲（相扑冠军大力士的称号）,Class19
対戦,たいせん,0,名，自サ,对照，比赛,Class19
思わず,おもわず,2,副,不由得,Class19
手に汗を握る,てにあせをにぎる,,贯,捏一把汗,Class19
握る,にぎる,0,他五,握，攥，抓住,Class19
…毎に,…ごとに,,组,每……,Class19
興行,こうぎょう,0,名，他サ,公演，上演,Class19
手に入る,てにはいる,,组,到手,Class19
土俵,どひょう,0,名,（相扑）比赛场，摔跤场,Class19
力士,りきし,1，0,名,相扑力士,Class19
競技,きょうぎ,1,名，自サ,体育比赛，比赛,Class19
取り組み,とりくみ,0,组,（对手的）搭配，（比赛双方的）较量,Class19
派手,はで,2,形动,华丽,Class19
動き回る,うごきまわる,4,自五,不断走动，旋转,Class19
立ち上がる,たちあがる,0,自五,（相扑）交手，起来,Class19
足の裏,あしのうら,3，5,名,脚掌，脚心,Class19
以外,いがい,1,名,以外,Class19
土,つち,2,名,土,Class19
触れる,ふれる,0,自一,触，碰，涉及,Class19
負け,まけ,0,名,输,Class19
撒く,まく,1,他五,洒、泼,Class19
所謂,いわゆる,3，2,连体,所谓,Class19
清め,きよめ,3,名,洁净，去污,Class19
身長,しんちょう,0,名,身高,Class19
体重,たいじゅう,0,名,体重,Class19
制限,せいげん,3,名，他サ,限制,Class19
レスリング,wrestling,1,名,（西式）摔跤,Class19
ボクシング,boxing,1,名,拳击,Class19
痩せる,やせる,0,自一,瘦,Class19
百聞は一見にしかず,ひゃくぶんはいっけんにしかず,,惯,百闻不如一见,Class19
こよなく,こよなく,2，3,副,特别、格外,Class19
愛,あい,1,名，他サ,爱,Class19
海外,かいがい,1,名,海外,Class19
衛星,えいせい,0,名,卫星,Class19
甲子園,こうしえん,3,名,甲子园（地名）,Class19
球場,きょうじょう,0,名,球场,Class19
気になる,きになる,,组,放在心上,Class19
釘付け,くぎづけ,0,名，他サ,钉牢、钉住,Class19
地元,じもと,3，0,名,当地,Class19
応援,おうえん,0,名，他サ,声援、支援,Class19
プロ,professional,1,名,职业的,Class19
球団,きゅうだん,0,名,职业棒球俱乐部,Class19
セントラルリーグ,Central League,6,专,中央棒球协会（日本职业棒球协会名称）,Class19
パシフィックリーグ,Pacific League,6,专,太平洋棒球协会,Class19
分かれる,わかれる,3,自一,分开；区分,Class19
ペナント,pennant,0,名,细长三角旗；优胜,Class19
競う,きそう,2,他五,竞争、争夺,Class19
戦う,たたかう,0,自五,交锋、战争,Class19
両,りょう,1,名,双、两个,Class19
リーグ,league,1,名,同盟；联盟,Class19
優勝,ゆうしょう,0,名，自サ,优胜,Class19
チーム,team,1,名,队,Class19
シリーズ,series,1，2,名,（棒球夺冠）联赛；系列,Class19
狂,きょう,,接尾,着迷、发狂,Class19
オーナー,owner,1,名,（棒球职业队的）经营主；业主,Class19
展開,てんかい,0,名·自他サ,展开、开展,Class19
秘密,ひみつ,0,名,秘密,Class19
ビジネス,business,1,名,事务、商业,Class19
集団,しゅうだん,0,名,集体、集团,Class19
勤勉,きんべん,0,名，形动,勤勉、勤劳,Class19
年功序列,ねんこうじょれつ,5,名,论资排辈,Class19
面子,メンツ,1，0,名,面子；脸面,Class19
重視,じゅうし,1，0,名，他サ,重视,Class19
印象,いんしょう,0,名,印象,Class20
公衆電話,こうしゅうでんわ,5,名,公用电话,Class20
地下街,ちかがい,2,名,地下商店街,Class20
整備,せいび,0,名，自他サ,整修，配备，修配,Class20
道路,どうろ,1,名,道路,Class20
第一,だいいち,1,名,第一,Class20
全国,ぜんこく,1,名,全国,Class20
足りる,たりる,1,自一,足，够,Class20
物凄い,ものすごい,4,形,惊人的,Class20
ごみ,ごみ,2,名,垃圾,Class20
処理,しょり,1,名，他サ,处理,Class20
排気ガス,はいきガス,4,名,废气,Class20
中流,ちゅうりゅう,0,名,中层，中流，中游,Class20
意識,いしき,1,名，他サ,意识，意识到,Class20
中学生,ちゅうがくせい,0,名,中学生,Class20
戦争,せんそう,0,名,战争,Class20
非行,ひこう,3,名,不良行为,Class20
感想文,かんそうぶん,3，0,名,感想文章,Class20
発表,はっぴょう,0,名，他サ,发表,Class20
島国,しまぐに,2,名,岛国,Class20
北海道,ほっかいどう,3,专,北海道,Class20
本州,ほんしゅう,1,专,本州（地名）,Class20
四国,しこく,2,专,四国,Class20
九州,きゅうしゅう,1,专,九州,Class20
島,しま,2,名,岛,Class20
温泉,おんせん,0,名,温泉,Class20
地下,ちか,2,名,地下,Class20
喫茶店,きっさてん,3，0,名,咖啡馆,Class20
憩い,いこい,2,名,休息,Class20
時刻,じこく,1,名,时候，时刻,Class20
網の目,あみのめ,4,名,网眼,Class20
全土,ぜんど,3,名,全国，全境,Class20
零点五,れいてんご,1,数,零点五,Class20
いったん,いったん,0,副,一旦，万一,Class20
階級,かいきゅう,0,名,阶层，阶级,Class20
ホーム,ホーム,5,名,站台，月台,Class20
埋める,うめる,0,他一,埋，填补,Class20
現れる,あらわれる,4,自一,出现，显出,Class20
制度的,せいどてき,0,形动,制度的,Class20
現状,げんじょう,0,名,现状,Class20
志願者,しがんしゃ,2,名,志愿者,Class20
浪人,ろうにん,0,名,（未被录取）失学的学生,Class20
塾,じゅく,2,名,补习学校，私塾,Class20
深夜,しんや,1,名,深夜,Class20
バイク,bike,1,名,摩托车,Class20
乗り回す,のりまわす,4,他五,乘车到处转，乘车兜风,Class20
暴走族,ぼうそうぞく,3,名,暴走族,Class20
シンナー遊び,シンナーあそび,5,名,吸稀薄剂玩，吸毒玩,Class20
脱ぐ,ぬぐ,1,他五,脱,Class20
先端,せんたん,0,名,尖端，顶端,Class20
向ける,むける,0,自他一,向，朝，派遣,Class20
礼儀,れいぎ,3,名,礼仪，礼节,Class20
砕ける,くだける,3,自一,不拘形式，破碎,Class20
スカイ,sky,2,名,空中、天空,Class20
シティー,city,1,名,都市,Class20
巨大,きょだい,0,形动,巨大的,Class20
構造,こうそう,0,名，他サ,构思、设想,Class20
高密度,こうみつど,3,形动,高密度,Class20
主体,しゅたい,0,名,主体,Class20
触れ合い,ふれあい,0,名,心气相通、互相接触,Class20
バランス,balance,0,名,平衡、均衡,Class20
保つ,たもつ,2,自他五,保存；保持,Class20
空間,くうかん,0,名,空间,Class20
建築家,けんちくか,0,名,建筑家,Class20
超高層,ちょうこうそう,3,名,超高层,Class20
試みる,こころみる,4,他一,尝试,Class20
システム,system,1,名,系统、体系,Class20
地上,ちじょう,0,名,地上、地面,Class20
建設,けんせつ,0,名，他サ,建设,Class20
目的,もくてき,0,名,目标、目的,Class20
直径,ちょっけい,0,名,直径,Class20
頂上部,ちょうじょうぶ,3,名,顶部,Class20
内部,ないぶ,1,名,内部,Class20
層,そう,1,名,层,Class20
群,ぐん,1,名,群,Class20
内壁,ないへき,0,名,内壁,Class20
張り付ける,はりつける,4,他一,糊上、贴上,Class20
延床面積,のべゆかめんせき,5,名,总建筑面积,Class20
ヘクタール,hectare 法,3,名,公顷,Class20
ドーム,dome,1,名,（东京）球形室内运动场,Class20
個,こ,,接尾,个,Class20
相当,そうとう,0,名，自サ，副，形动,相当于；适当；相当,Class20
,,,,,
商業,しょうぎょう,1,名,商业,Class20
施設,しせつ,1，2,名,设施；设备,Class20
公共機関,こうきゅうきかん,5，6,名,公共设施,Class20
備える,そなえる,2，3,他一,准备、备置,Class20
除く,のぞく,0,他五,除了；去掉,Class20
兆,ちょう,1,名,兆,Class20
具体化,ぐたいか,0,名，自他サ,具体化,Class20
用地,ようち,1,名,用地,Class20
確保,かくほ,1,名，他サ,确保,Class20
問題点,もんだいてん,3,名,问题点,Class20
課題,かだい,0,名,课题,Class20
複雑,ふくざつ,0,名，形动,复杂,Class20
要求,ようきゅう,0,名，他サ,要求,Class20
ふさわしい,ふさわしい,4,形,适合、般配,Class20
香港,ホンコン,1,专,香港,Class20
応用,おうよう,0,名，他サ,应用,Class20
政府,せいふ,1,名,政府,Class20
実現,じつげん,0,名，自他サ,实现,Class20
働きかける,はたらきかける,6,自一,对……做工作、推动,Class20